pair_id,split,target_id,view,template_frame_id,search_frame_id,delta_max_score_s_minus_c,delta_apce_s_minus_c,delta_score_entropy_s_minus_c,bbox_center_displacement_normalized,bbox_center_displacement_pixels_256,bbox_log_scale_l1,synthetic_same_view_natural_centroid_nearest_cos,c_to_s_nearest_cos_mean,s_to_c_nearest_cos_mean,symmetric_best_match_cos,cross_token_cos_mean_control,centroid_cos_control
d2p1-train-md3005-A-00000,train,md3005,A,4,5,-0.2149781584739685,-66.91802215576172,0.06516784429550171,0.38837972190723463,99.42520880825207,0.10606025569720103,0.92116379737854,0.8611273765563965,0.8576460480690002,0.8593867123126984,0.7150639295578003,0.9352113604545593
d2p1-train-md3005-A-00001,train,md3005,A,14,15,-0.3065947890281677,-60.45613098144531,0.12922370433807373,0.34558614330906645,88.47005268712101,0.436935575145316,0.9533021450042725,0.8132712841033936,0.871558666229248,0.8424149751663208,0.7609638571739197,0.9285866022109985
d2p1-train-md3005-A-00002,train,md3005,A,23,24,-0.2535172998905182,-62.749000549316406,0.14072686433792114,0.1267257612467115,32.441794879158145,0.5075159972060965,0.9478616714477539,0.8278207182884216,0.8399919271469116,0.8339063227176666,0.7098406553268433,0.9143515825271606
d2p1-train-md3005-A-00003,train,md3005,A,33,34,-0.12496918439865112,-61.25212097167969,0.15305006504058838,0.1034760677908882,26.489873354467377,0.7562306677125493,0.9520734548568726,0.7642383575439453,0.7672514915466309,0.7657449245452881,0.6386205554008484,0.860920250415802
d2p1-train-md3005-A-00004,train,md3005,A,42,43,-0.28443780541419983,-83.68719863891602,0.12993454933166504,0.13222483117680625,33.8495567812624,0.32612621170065986,0.9442129135131836,0.7853580117225647,0.779661238193512,0.7825096249580383,0.6819357872009277,0.9113520979881287
d2p1-train-md3005-A-00005,train,md3005,A,52,53,-0.21459054946899414,-41.267181396484375,0.09868484735488892,0.20023807296608365,51.260946679317414,0.42021047507450643,0.9093723297119141,0.7990399599075317,0.7768762111663818,0.7879580855369568,0.6467525362968445,0.9052720069885254
d2p1-train-md3005-A-00006,train,md3005,A,61,62,-0.12759989500045776,-37.69181823730469,0.07099366188049316,0.2055925660978264,52.631696921043556,0.3933275306850251,0.9367629289627075,0.8426353335380554,0.8117598295211792,0.8271975815296173,0.6936901807785034,0.9295328855514526
d2p1-train-md3005-A-00007,train,md3005,A,70,71,-0.29233109951019287,-76.17947387695312,0.0965391993522644,0.2345693318600592,60.04974895617516,0.08254819116380216,0.9203219413757324,0.8494329452514648,0.7963839769363403,0.8229084610939026,0.6559047698974609,0.8917153477668762
d2p1-train-md3005-A-00008,train,md3005,A,80,81,-0.24201440811157227,-96.41510009765625,0.06518101692199707,0.19942899598391337,51.05382297188182,0.27351700644404275,0.9332296848297119,0.8349514007568359,0.8088412880897522,0.8218963444232941,0.6532647013664246,0.9128468632698059
d2p1-train-md3005-A-00009,train,md3005,A,89,90,-0.1350710391998291,-46.148284912109375,0.02534353733062744,0.21223264667326092,54.331557548354795,0.3261318486581054,0.9344379901885986,0.8376598358154297,0.8007375001907349,0.8191986680030823,0.6540021896362305,0.9022974967956543
d2p1-train-md3005-A-00010,train,md3005,A,99,100,-0.147840678691864,-49.08079528808594,0.08321970701217651,0.19232892830762707,49.23620564675253,0.39601314953757566,0.922608494758606,0.8022140264511108,0.7651553750038147,0.7836847007274628,0.6132313013076782,0.9046489000320435
d2p1-train-md3005-A-00011,train,md3005,A,108,109,-0.4010581076145172,-121.63228607177734,0.08718645572662354,0.18410828512590072,47.13172099223058,0.2527316628427657,0.9494563937187195,0.8272827863693237,0.8210560083389282,0.824169397354126,0.6816964745521545,0.951377809047699
d2p1-train-md3005-A-00012,train,md3005,A,118,119,-0.08465427160263062,-36.24089813232422,0.0564800500869751,0.15272127051396087,39.09664525157398,0.4382149350202634,0.9199901819229126,0.7868452072143555,0.7998093366622925,0.793327271938324,0.6719390153884888,0.9284259080886841
d2p1-train-md3005-A-00013,train,md3005,A,127,128,-0.5402724593877792,-142.11838150024414,0.17805153131484985,0.22775798258611546,58.30604354204556,0.15194099903235203,0.9438191652297974,0.7945793867111206,0.8273984789848328,0.8109889328479767,0.704352855682373,0.9186027646064758
d2p1-train-md3005-A-00014,train,md3005,A,137,138,-0.2673341929912567,-64.78791809082031,0.17142599821090698,0.5155429606163099,131.97899791777533,0.2888274659386753,0.9402189254760742,0.78044593334198,0.817953884601593,0.7991999089717865,0.6688474416732788,0.8784105181694031
d2p1-train-md3005-A-00015,train,md3005,A,146,147,-0.2790219187736511,-90.75481414794922,0.11454302072525024,0.5015131142001763,128.38735723524513,0.2826829460257582,0.9493123292922974,0.7981992959976196,0.8357571363449097,0.8169782161712646,0.6859234571456909,0.9115262627601624
d2p1-train-md3005-A-00016,train,md3005,A,156,157,-0.3291132152080536,-88.79088592529297,0.16673338413238525,0.5323542633336756,136.28269141342096,0.3704666543870221,0.9492026567459106,0.7801852226257324,0.7994474768638611,0.7898163497447968,0.6625745296478271,0.8704891800880432
d2p1-train-md3005-A-00017,train,md3005,A,165,314,-0.23306438326835632,-25.212738037109375,0.11498141288757324,0.2136054049923665,54.68298367804582,0.3250666807007264,0.9090356826782227,0.7396275997161865,0.7987521886825562,0.7691898941993713,0.6398566961288452,0.8375256657600403
d2p1-train-md3005-A-00018,train,md3005,A,323,324,-0.3584819585084915,-90.86181640625,0.18511629104614258,0.2257575984017054,57.79394519083658,0.5994252538672804,0.9518334269523621,0.8059229850769043,0.8459154367446899,0.8259192109107971,0.7201372385025024,0.9128373861312866
d2p1-train-md3005-A-00019,train,md3005,A,332,333,-0.4364854693412781,-111.87166213989258,0.2058788537979126,0.38001400890717124,97.28358628023584,0.38217027075300913,0.9492058753967285,0.7673473358154297,0.8475490808486938,0.8074482083320618,0.6793615818023682,0.8618123531341553
d2p1-train-md3005-A-00020,train,md3005,A,341,342,-0.3247266113758087,-99.28774642944336,0.20024549961090088,0.288208773285252,73.78144596102452,0.5328056091312297,0.9624195098876953,0.7957966327667236,0.8693352937698364,0.83256596326828,0.6715474724769592,0.823106050491333
d2p1-train-md3005-A-00021,train,md3005,A,351,352,-0.3868253827095032,-105.05919647216797,0.19000929594039917,0.21993824997584172,56.30419199381548,0.20729078634485743,0.9602781534194946,0.8214511275291443,0.8629543781280518,0.842202752828598,0.6965531706809998,0.8880578279495239
d2p1-train-md3005-A-00022,train,md3005,A,360,361,-0.23685967922210693,-84.25773620605469,0.040341973304748535,0.478806327352428,122.57441980222157,0.11316540609274936,0.9234014749526978,0.82076096534729,0.8033020496368408,0.8120315074920654,0.7030389308929443,0.9118282198905945
d2p1-train-md3005-A-00023,train,md3005,A,370,371,-0.35729682445526123,-108.87486267089844,0.09537434577941895,0.2665643409925557,68.24047129409426,0.2985067111089439,0.9225393533706665,0.7708334922790527,0.8038464784622192,0.787339985370636,0.651207685470581,0.8492916226387024
d2p1-train-md3005-A-00024,train,md3005,A,385,386,-0.22970452904701233,-92.93304443359375,0.021733641624450684,0.2893069546259969,74.06258038425521,0.05112850056710444,0.93003249168396,0.8272559642791748,0.8368041515350342,0.8320300579071045,0.6918768882751465,0.912945568561554
d2p1-train-md3005-A-00025,train,md3005,A,423,424,-0.19028505682945251,-46.51689147949219,0.05003851652145386,0.3003905890944513,76.89999080817954,0.1483144434688406,0.8892703056335449,0.8175125122070312,0.7983421087265015,0.8079273104667664,0.6063945889472961,0.8933361768722534
d2p1-train-md3005-A-00026,train,md3005,A,432,433,-0.11424082517623901,-45.942230224609375,0.024619340896606445,0.33675472444791904,86.20920945866727,0.06517103368018476,0.9199807047843933,0.8584104776382446,0.8517440557479858,0.8550772666931152,0.6519187688827515,0.927746593952179
d2p1-train-md3005-A-00027,train,md3005,A,442,443,-0.09516561031341553,-40.891258239746094,-0.05158436298370361,0.33141695888920686,84.84274147563696,0.24706601432828224,0.9144483804702759,0.8556522130966187,0.8936070799827576,0.8746296465396881,0.637747049331665,0.9208255410194397
d2p1-train-md3005-A-00028,train,md3005,A,451,452,-0.22167176008224487,-86.07893371582031,0.05261331796646118,0.3456333003423259,88.48212488763544,0.1221599297711014,0.9308026432991028,0.8244879245758057,0.8654087781906128,0.8449483513832092,0.6504634022712708,0.9185416102409363
d2p1-train-md3005-A-00029,train,md3005,A,461,462,-0.019691884517669678,16.36962890625,-0.0001532435417175293,0.3535528170984434,90.5095211772015,0.17974989443398576,0.9342116117477417,0.8602795600891113,0.9123944044113159,0.8863369822502136,0.6605255007743835,0.9208981990814209
d2p1-train-md3005-A-00030,train,md3005,A,470,471,-0.24036246538162231,-95.63634490966797,0.07744187116622925,0.3759910421644546,96.25370679410038,0.13362342110427883,0.9259084463119507,0.8548692464828491,0.8609933257102966,0.8579312860965729,0.6636408567428589,0.9190881848335266
d2p1-train-md3005-A-00031,train,md3005,A,479,480,-0.0535963773727417,-15.188262939453125,0.086600661277771,0.3714427207005136,95.08933649933148,0.21299492286428334,0.9351964592933655,0.8075408935546875,0.8823145627975464,0.8449277281761169,0.6399779319763184,0.9043098092079163
d2p1-train-md3005-A-00032,train,md3005,A,489,490,-0.2186926007270813,-30.6221923828125,0.03813844919204712,0.3752810270438127,96.07194292321606,0.12258396646267539,0.9477857351303101,0.8830721378326416,0.8673418760299683,0.8752070069313049,0.7303977608680725,0.952278733253479
d2p1-train-md3005-A-00033,train,md3005,A,498,499,-0.2325623631477356,-87.26152038574219,0.03458136320114136,0.39070720863898534,100.02104541158025,0.08285425314770137,0.9345424175262451,0.8295851945877075,0.844283938407898,0.8369345664978027,0.6364303827285767,0.9344032406806946
d2p1-train-md3005-A-00034,train,md3005,A,508,509,-0.25139322876930237,-63.64723205566406,0.037251293659210205,0.37304881011348523,95.50049538905222,0.11120767478106396,0.9269309043884277,0.8853498697280884,0.8740987181663513,0.8797242939472198,0.6975077390670776,0.9617549180984497
d2p1-train-md3005-A-00035,train,md3005,A,517,518,-0.3004756271839142,-130.6165542602539,-0.019116342067718506,0.3271382274358368,83.74738622357422,0.14046516841047732,0.9151335954666138,0.8385565280914307,0.8433881402015686,0.8409723341464996,0.6600483059883118,0.9117658138275146
d2p1-train-md3005-A-00036,train,md3005,A,544,545,-0.3739730417728424,-140.05491638183594,0.09353774785995483,0.3189593862735356,81.65360288602511,0.1553835319187817,0.9305797815322876,0.8436423540115356,0.8286468386650085,0.8361445963382721,0.7188848257064819,0.9455826282501221
d2p1-train-md3005-A-00037,train,md3005,A,584,585,-0.1032116711139679,-28.095497131347656,0.029884040355682373,0.37983829038911066,97.23860233961233,0.19463049554746875,0.9275654554367065,0.9127036333084106,0.9039171934127808,0.9083104133605957,0.743170976638794,0.9665120244026184
d2p1-train-md3005-A-00038,train,md3005,A,594,595,-0.21757718920707703,-82.9686508178711,0.008285224437713623,0.36182091279149786,92.62615367462345,0.0306644978361197,0.9483609199523926,0.901046872138977,0.8872747421264648,0.894160807132721,0.71451735496521,0.9488657116889954
d2p1-train-md3005-A-00039,train,md3005,A,603,604,-0.09311598539352417,-13.03696060180664,0.0032167434692382812,0.27422820585509017,70.20242069890308,0.28568939185795666,0.9274868369102478,0.8791906833648682,0.8933754563331604,0.8862830698490143,0.7562134265899658,0.9600590467453003
d2p1-train-md3005-A-00040,train,md3005,A,673,674,-0.22963744401931763,-90.82078552246094,0.028712809085845947,0.35106048946554613,89.87148530317981,0.09281135157735074,0.9517070055007935,0.8477992415428162,0.8796850442886353,0.8637421429157257,0.6919106245040894,0.9509527683258057
d2p1-train-md3005-A-00041,train,md3005,A,682,683,-0.2580244839191437,-43.601593017578125,0.06066405773162842,0.37352185824545986,95.62159571083772,0.058628087767958345,0.956095814704895,0.8372737169265747,0.891141414642334,0.8642075657844543,0.7378346920013428,0.9248695969581604
d2p1-train-md3005-A-00042,train,md3005,A,692,693,-0.341605469584465,-65.75822067260742,0.11625409126281738,0.09448575203479326,24.188352520907074,0.4932182288654461,0.9201698303222656,0.6990290880203247,0.743012547492981,0.7210208177566528,0.6283961534500122,0.8339338898658752
d2p1-train-md3005-A-00043,train,md3005,A,701,702,-0.35082000494003296,-86.0625,0.10628324747085571,0.3702113984768898,94.77411801008378,0.33776606208300813,0.9536495208740234,0.8081748485565186,0.8490809798240662,0.8286279141902924,0.6777737140655518,0.8769500255584717
d2p1-train-md3005-A-00044,train,md3005,A,710,711,-0.5161630213260651,-99.20835876464844,0.20101678371429443,0.31562055880242296,80.79886305342028,0.18060915404499944,0.9531108736991882,0.7941958904266357,0.8411730527877808,0.8176844716072083,0.7191308736801147,0.8672347664833069
d2p1-train-md3005-A-00045,train,md3005,A,720,721,-0.4822620004415512,-83.20877838134766,0.23566508293151855,0.20821809480635606,53.30383227042715,0.6298203749674398,0.941556453704834,0.7348150014877319,0.843018651008606,0.788916826248169,0.659772515296936,0.8327526450157166
d2p1-train-md3005-A-00046,train,md3005,A,729,730,-0.469463974237442,-85.79874420166016,0.2636095881462097,0.1807494229787108,46.271852282549965,0.34228955831926877,0.9491602182388306,0.7233865261077881,0.8398644924163818,0.781625509262085,0.6299049854278564,0.8221761584281921
d2p1-train-md3005-A-00047,train,md3005,A,739,740,-0.49811989068984985,-101.52852630615234,0.2048550844192505,0.39699781666591727,101.63144106647482,0.2621294503124125,0.9436960816383362,0.6760037541389465,0.8361281752586365,0.7560659646987915,0.6148021817207336,0.7751810550689697
d2p1-train-md3005-A-00048,train,md3005,A,748,749,-0.1494489312171936,-61.93357849121094,-0.03681337833404541,0.43145578814597635,110.45268176536995,0.1340669839477289,0.9256938695907593,0.8920139074325562,0.8867243528366089,0.8893691301345825,0.6825950145721436,0.9583081007003784
d2p1-train-md3005-A-00049,train,md3005,A,758,759,-0.08728742599487305,-27.09716796875,-0.05943751335144043,0.3810814842582731,97.55685997011791,0.07959990313061284,0.9144798517227173,0.9098629951477051,0.9122994542121887,0.9110812246799469,0.6592459082603455,0.9646502137184143
d2p1-train-md3005-A-00050,train,md3005,A,767,768,-0.1908826231956482,-63.157684326171875,-0.02237159013748169,0.37675949190766644,96.45042992836261,0.08386075430810493,0.9305763840675354,0.8560304045677185,0.8636189103126526,0.8598246574401855,0.6867979168891907,0.9528425931930542
d2p1-train-md3005-A-00051,train,md3005,A,777,778,-0.17263263463974,-77.492919921875,0.016107797622680664,0.3818726865356042,97.75940775311467,0.06615114561495719,0.9380461573600769,0.8980566263198853,0.8811860084533691,0.8896213173866272,0.7163259983062744,0.9713498950004578
d2p1-train-md3005-A-00052,train,md3005,A,786,787,-0.12171703577041626,-59.90643310546875,0.009743094444274902,0.3885694286328215,99.4737737300023,0.191896091121215,0.9225307703018188,0.884355902671814,0.8788753151893616,0.8816156089305878,0.688730001449585,0.958890438079834
d2p1-train-md3005-A-00053,train,md3005,A,796,797,-0.034123003482818604,-10.658218383789062,0.005592525005340576,0.4034872660191239,103.29274010089571,0.029026841769631988,0.9293792843818665,0.8724100589752197,0.8681339621543884,0.8702720105648041,0.7098942995071411,0.9498058557510376
d2p1-train-md3005-A-00054,train,md3005,A,805,806,-0.2450316846370697,-94.16731262207031,-0.0428464412689209,0.34833276647464184,89.17318821750831,0.1175713575537584,0.9504891633987427,0.8689903020858765,0.8741319179534912,0.8715611100196838,0.7102742195129395,0.9423298835754395
d2p1-train-md3005-A-00055,train,md3005,A,815,816,-0.2341557741165161,-95.0233383178711,-0.04447096586227417,0.3356528838725517,85.92713827137324,0.1265976738591721,0.951116681098938,0.8796364665031433,0.8945724964141846,0.8871044814586639,0.7230089902877808,0.9506505727767944
d2p1-train-md3005-A-00056,train,md3005,A,824,825,-0.1157064437866211,-29.914138793945312,0.02728325128555298,0.33002879248547345,84.4873708762812,0.1512853375113037,0.9370976686477661,0.8486728668212891,0.8584351539611816,0.8535540103912354,0.6696269512176514,0.9351540803909302
d2p1-train-md3005-A-00057,train,md3005,A,833,834,-0.14779669046401978,-14.642288208007812,0.003119945526123047,0.3224693092139942,82.55214315878251,0.20829088890820457,0.917674720287323,0.8089451789855957,0.8441886305809021,0.8265669047832489,0.6628017425537109,0.9204038977622986
d2p1-train-md3005-A-00058,train,md3005,A,843,844,-0.24567148089408875,-60.610321044921875,-0.008476614952087402,0.32386317431549927,82.90897262476781,0.21385505343158703,0.9420093297958374,0.8613085150718689,0.8814029693603516,0.8713557422161102,0.6828044652938843,0.9281047582626343
d2p1-train-md3005-A-00059,train,md3005,A,852,853,-0.3977140784263611,-6.6972503662109375,0.08684509992599487,0.3300633003060215,84.4962048783415,0.2610726409153196,0.932823896408081,0.8307286500930786,0.8591914176940918,0.8449600338935852,0.6736115217208862,0.9300510883331299
d2p1-train-md3005-A-00060,train,md3005,A,862,863,-0.04901015758514404,-9.92083740234375,-0.008775949478149414,0.3390902850300459,86.80711296769175,0.196257194080267,0.9452276229858398,0.8633059859275818,0.9047562479972839,0.8840311169624329,0.7123138904571533,0.9353788495063782
d2p1-train-md3005-A-00061,train,md3005,A,871,872,-0.32846617698669434,-40.52717590332031,0.1447821855545044,0.3245406087784241,83.08239584727657,0.26141877422961063,0.9473013877868652,0.8180258870124817,0.8537217974662781,0.8358738422393799,0.6846249103546143,0.9168857932090759
d2p1-train-md3005-A-00062,train,md3005,A,881,882,-0.10108688473701477,-14.315101623535156,0.03151518106460571,0.38703191959584415,99.0801714165361,0.15373026020731284,0.9627816081047058,0.8817844986915588,0.8840486407279968,0.8829165697097778,0.7325826287269592,0.9592646956443787
d2p1-train-md3005-A-00063,train,md3005,A,890,891,-0.2909223139286041,-86.44549560546875,0.057772040367126465,0.40116303442237694,102.6977368121285,0.1912168877941004,0.9580197930335999,0.872287929058075,0.8590666055679321,0.8656772673130035,0.7336589097976685,0.9376617670059204
d2p1-train-md3005-A-00064,train,md3005,A,900,901,-0.21202653646469116,-63.95594787597656,0.033887505531311035,0.42932407112782495,109.90696220872319,0.08015623080444564,0.9423511624336243,0.8625779747962952,0.8525586724281311,0.8575683236122131,0.6826006174087524,0.9292012453079224
d2p1-train-md3005-A-00065,train,md3005,A,983,984,-0.4936317205429077,-166.1894760131836,0.17748194932937622,0.22189756466316443,56.805776553770094,0.03784597937419869,0.9495107531547546,0.7675106525421143,0.7835664749145508,0.7755385637283325,0.6912639141082764,0.8850027918815613
d2p1-train-md3005-A-00066,train,md3005,A,993,994,-0.33937135338783264,-102.11983489990234,0.15445274114608765,0.337362997503685,86.36492736094335,0.2492016558897751,0.9292625188827515,0.8216469287872314,0.8231326341629028,0.8223897814750671,0.6778066754341125,0.9141911864280701
d2p1-train-md3005-A-00067,train,md3005,A,1002,1042,-0.39314599335193634,-86.00868606567383,0.0468786358833313,0.33100180445339783,84.73646194006984,0.4986548088612476,0.9506506323814392,0.8098126649856567,0.8605403304100037,0.8351764976978302,0.6988160610198975,0.9058161377906799
d2p1-train-md3005-A-00068,train,md3005,A,1050,1051,-0.45972414314746857,-121.75067138671875,0.18836134672164917,0.2155142372544373,55.17164473713595,0.3665208266004052,0.9468387365341187,0.7620421051979065,0.832112729549408,0.7970774173736572,0.6829133033752441,0.8717558979988098
d2p1-train-md3005-A-00069,train,md3005,A,1060,1061,-0.573613166809082,-143.9824676513672,0.2637457847595215,0.3410454139084532,87.30762596056402,0.24961257566408668,0.9396593570709229,0.7937259078025818,0.8503164052963257,0.8220211565494537,0.7088875770568848,0.8802501559257507
d2p1-train-md3005-A-00070,train,md3005,A,1069,1070,-0.29134488105773926,-100.15386962890625,0.10194963216781616,0.2985499307221188,76.4287822648624,0.29669140199822874,0.9115161895751953,0.7341129779815674,0.8192406892776489,0.7766768336296082,0.6475184559822083,0.8440576195716858
d2p1-train-md3005-A-00071,train,md3005,A,1079,1080,-0.3790988028049469,-87.23612976074219,0.17608314752578735,0.15765886407112653,40.36066920220839,0.44027738662352767,0.9404431581497192,0.817861795425415,0.8269166946411133,0.8223892450332642,0.7224616408348083,0.8932442665100098
d2p1-train-md3005-A-00072,train,md3005,A,1088,1089,-0.5547551810741425,-138.9853286743164,0.22675681114196777,0.24261447119575286,62.10930462611273,0.4222841042333321,0.9218311309814453,0.806968629360199,0.8085648417472839,0.8077667355537415,0.6602767705917358,0.8864287734031677
d2p1-train-md3005-A-00073,train,md3005,A,1098,1099,-0.2883448302745819,-124.19245147705078,0.05594491958618164,0.23218123465554705,59.438396071820044,0.3319346741424572,0.9191159605979919,0.8101023435592651,0.8523414731025696,0.8312219083309174,0.7095338702201843,0.9069696664810181
d2p1-train-md3005-B-00000,train,md3005,B,1,2,-0.2153644859790802,-52.33313751220703,0.016659200191497803,0.16986020681925706,43.48421294572981,0.21905670046331205,0.9455239772796631,0.9058020710945129,0.9156043529510498,0.9107032120227814,0.7589062452316284,0.963668704032898
d2p1-train-md3005-B-00001,train,md3005,B,4,5,-0.13117718696594238,-34.246055603027344,0.006612241268157959,0.20983737441080452,53.71836784916596,0.25972412518056354,0.9366723895072937,0.8597476482391357,0.818763256072998,0.8392554521560669,0.7032443284988403,0.8932017683982849
d2p1-train-md3005-B-00002,train,md3005,B,7,8,-0.1752353012561798,3.715240478515625,0.006650149822235107,0.16636978852560116,42.5906658625539,0.1301194295309656,0.9384912252426147,0.8780810832977295,0.8910000324249268,0.8845405578613281,0.7494926452636719,0.9410530924797058
d2p1-train-md3005-B-00003,train,md3005,B,11,12,-0.2179238498210907,-40.19142150878906,0.03093332052230835,0.3868178643868198,99.02537328302587,0.11853217439351292,0.9075525999069214,0.8483995199203491,0.8204824924468994,0.8344410061836243,0.6932289004325867,0.9167835116386414
d2p1-train-md3005-B-00004,train,md3005,B,14,15,-0.1333608627319336,-25.369049072265625,-0.027428507804870605,0.15159873763061193,38.809276833436655,0.17161686936751946,0.9528005123138428,0.8837246894836426,0.8920128345489502,0.8878687620162964,0.7197820544242859,0.9526009559631348
d2p1-train-md3005-B-00005,train,md3005,B,17,18,-0.08973675966262817,-26.338966369628906,-0.007776498794555664,0.15464682942851127,39.589588333698885,0.20809067852121202,0.9430499076843262,0.8791467547416687,0.8679897785186768,0.8735682666301727,0.7133375406265259,0.9496287107467651
d2p1-train-md3005-B-00006,train,md3005,B,20,21,-0.2582456171512604,-92.85910034179688,0.05402106046676636,0.16045739546421506,41.077093238839055,0.15427235422516103,0.943103551864624,0.8269551992416382,0.8149058222770691,0.8209305107593536,0.7044603824615479,0.9233214259147644
d2p1-train-md3005-B-00007,train,md3005,B,23,24,-0.17470037937164307,-27.642776489257812,0.035636961460113525,0.15940345783157306,40.8072852048827,0.2141571884291703,0.9489390254020691,0.8796464204788208,0.8696427345275879,0.8746445775032043,0.7308475375175476,0.9428304433822632
d2p1-train-md3005-B-00008,train,md3005,B,26,27,-0.16371235251426697,-67.29106903076172,0.037382543087005615,0.16140766364696787,41.320361893623776,0.12071277910386857,0.9427762031555176,0.8271511197090149,0.8185146450996399,0.8228328824043274,0.6834536790847778,0.9169374108314514
d2p1-train-md3005-B-00009,train,md3005,B,30,31,-0.12630850076675415,-86.90161895751953,0.004033267498016357,0.15341717640046526,39.27479715851911,0.2022412295390278,0.9390546679496765,0.8343765139579773,0.833696722984314,0.8340366184711456,0.7161281108856201,0.9148919582366943
d2p1-train-md3005-B-00010,train,md3005,B,33,34,-0.17525732517242432,-59.9068603515625,0.03855621814727783,0.160764367308694,41.155678031025666,0.2053638711196093,0.9409826993942261,0.8336572647094727,0.8102759122848511,0.8219665884971619,0.6973540782928467,0.8859379291534424
d2p1-train-md3005-B-00011,train,md3005,B,36,37,-0.1805349588394165,-78.1693344116211,0.008215248584747314,0.17215859465225516,44.07260023097732,0.24182978814034684,0.9483391046524048,0.8521881103515625,0.8563090562820435,0.854248583316803,0.7134107351303101,0.908268392086029
d2p1-train-md3005-B-00012,train,md3005,B,39,40,-0.33968010544776917,-100.66415405273438,0.021836817264556885,0.17866918569420168,45.73931153771563,0.17177791165088352,0.9406837224960327,0.8340674638748169,0.8339378833770752,0.834002673625946,0.6820448637008667,0.9299321174621582
d2p1-train-md3005-B-00013,train,md3005,B,42,43,-0.3061484396457672,-87.3094482421875,0.03488421440124512,0.17063240981324673,43.68189691219116,0.1691691017627192,0.9460171461105347,0.8540076017379761,0.8475626707077026,0.8507851362228394,0.7082775831222534,0.9173682332038879
d2p1-train-md3005-B-00014,train,md3005,B,45,46,-0.2733268737792969,-94.94731140136719,0.0453718900680542,0.1804750310797155,46.201607956407166,0.19495545262285427,0.9399645924568176,0.8464621901512146,0.8351383209228516,0.8408002555370331,0.6804291605949402,0.8968629240989685
d2p1-train-md3005-B-00015,train,md3005,B,49,50,-0.2132154405117035,-95.37582397460938,0.03784734010696411,0.18468023665372624,47.27814058335392,0.2900213264167182,0.9394234418869019,0.822504997253418,0.8411283493041992,0.8318166732788086,0.6771929264068604,0.8993364572525024
d2p1-train-md3005-B-00016,train,md3005,B,52,53,-0.2650727331638336,-109.7730484008789,0.04533332586288452,0.35154254557560494,89.99489166735486,0.1444878492959422,0.9360203742980957,0.7830164432525635,0.7929883599281311,0.7880024015903473,0.6521183252334595,0.8444060683250427
d2p1-train-md3005-B-00017,train,md3005,B,55,56,-0.35412073135375977,-124.63634490966797,0.027034223079681396,0.34339574281764423,87.90931016131692,0.3248938165616919,0.9238624572753906,0.8022314310073853,0.7890705466270447,0.795650988817215,0.6492657661437988,0.8930771350860596
d2p1-train-md3005-B-00018,train,md3005,B,58,59,-0.22422733902931213,-97.42625427246094,0.03503596782684326,0.20389167400228383,52.19626854458466,0.2287396340868163,0.9330568313598633,0.8125777244567871,0.8140188455581665,0.8132982850074768,0.6846648454666138,0.910504937171936
d2p1-train-md3005-B-00019,train,md3005,B,61,62,-0.24909821152687073,-98.86365509033203,0.02996814250946045,0.20868902100288475,53.424389376738496,0.19203523266112682,0.9438387751579285,0.8144456148147583,0.8086214661598206,0.8115335404872894,0.6861636638641357,0.9163836240768433
d2p1-train-md3005-B-00020,train,md3005,B,64,65,-0.15903085470199585,-68.053955078125,0.0021215081214904785,0.21693353674251786,55.53498540608457,0.08224767251179893,0.941693902015686,0.8611065149307251,0.8503044247627258,0.8557054698467255,0.6873612403869629,0.9205687642097473
d2p1-train-md3005-B-00021,train,md3005,B,68,69,-0.07409173250198364,-6.3917236328125,-0.03373926877975464,0.22654890547630213,57.996519801933346,0.1366052300966154,0.9343944787979126,0.8178284168243408,0.8437457084655762,0.8307870626449585,0.6607221364974976,0.8890740871429443
d2p1-train-md3005-B-00022,train,md3005,B,71,72,-0.03181082010269165,13.013473510742188,0.013015508651733398,0.23533318684210897,60.245295831579895,0.05056702979159103,0.9451730847358704,0.8300575017929077,0.8423158526420593,0.8361866772174835,0.6756061911582947,0.900000810623169
d2p1-train-md3005-B-00023,train,md3005,B,74,75,-0.1661713421344757,-46.284149169921875,0.0029368996620178223,0.22951706207372125,58.75636789087264,0.13397264856522556,0.9355055093765259,0.8096629977226257,0.8276238441467285,0.8186434209346771,0.6842858791351318,0.8887794017791748
d2p1-train-md3005-B-00024,train,md3005,B,77,78,-0.04489809274673462,11.162445068359375,-0.004303932189941406,0.23841807771347143,61.035027894648685,0.09109778844698763,0.9281139373779297,0.7896014451980591,0.8187586069107056,0.8041800260543823,0.6777493953704834,0.8822265863418579
d2p1-train-md3005-B-00025,train,md3005,B,80,81,-0.10515660047531128,-25.23846435546875,0.018062829971313477,0.22129203848977963,56.650761853383585,0.16684076517557167,0.9235556125640869,0.8121178150177002,0.8221012949943542,0.8171095550060272,0.6542324423789978,0.8879149556159973
d2p1-train-md3005-B-00026,train,md3005,B,83,84,-0.09282118082046509,-11.87359619140625,0.004159450531005859,0.23590132184804688,60.3907383931,0.1915439185143487,0.9534766674041748,0.8445425629615784,0.8451316952705383,0.8448371291160583,0.679246187210083,0.8913461565971375
d2p1-train-md3005-B-00027,train,md3005,B,87,88,-0.08407557010650635,-4.515777587890625,0.022604942321777344,0.23019077706032315,58.928838927442726,0.18249476107038076,0.9445327520370483,0.811842143535614,0.8212805986404419,0.816561371088028,0.67472243309021,0.8945299386978149
d2p1-train-md3005-B-00028,train,md3005,B,90,91,-0.042133867740631104,-20.349082946777344,0.06535536050796509,0.23470189471979724,60.083685048268094,0.13314713661364422,0.9532439708709717,0.8257733583450317,0.8901747465133667,0.8579740524291992,0.6822130084037781,0.9085839986801147
d2p1-train-md3005-B-00029,train,md3005,B,93,94,-0.141277015209198,-29.080032348632812,-0.0146406888961792,0.21330371864320274,54.6057519726599,0.1731033457902195,0.9454834461212158,0.8481939435005188,0.8877528309822083,0.8679733872413635,0.7045435905456543,0.9281237721443176
d2p1-train-md3005-B-00030,train,md3005,B,96,97,-0.2389000952243805,-71.26740264892578,-0.003001987934112549,0.22235111585716663,56.92188565943466,0.17944806694757864,0.9456291794776917,0.842719554901123,0.8611952066421509,0.851957380771637,0.6931201815605164,0.9247083067893982
d2p1-train-md3005-B-00031,train,md3005,B,99,100,-0.09485948085784912,-31.998825073242188,0.042562663555145264,0.2148031378834597,54.98960329816568,0.18450734518459364,0.9467673897743225,0.7936838865280151,0.8197431564331055,0.8067135214805603,0.6429946422576904,0.8808021545410156
d2p1-train-md3005-B-00032,train,md3005,B,102,103,-0.2764870226383209,-69.95719146728516,0.08596974611282349,0.20092832227238003,51.43765050172929,0.1877889837408918,0.9299728870391846,0.7990459203720093,0.8219616413116455,0.8105037808418274,0.6837947368621826,0.8889625072479248
d2p1-train-md3005-B-00033,train,md3005,B,106,107,-0.25532281398773193,-78.65048217773438,0.03202337026596069,0.16463149283681847,42.14566216622553,0.11190568733058028,0.9316902160644531,0.8333684206008911,0.8292300701141357,0.8312992453575134,0.6661205291748047,0.908033549785614
d2p1-train-md3005-B-00034,train,md3005,B,109,110,0.004071354866027832,22.103118896484375,-0.04684346914291382,0.16247685538948223,41.59407497970745,0.16058117569375008,0.9417170882225037,0.8418635129928589,0.8344119787216187,0.8381377458572388,0.6941334009170532,0.9190058708190918
d2p1-train-md3005-B-00035,train,md3005,B,112,113,-0.23693841695785522,-97.43586730957031,0.009456932544708252,0.1500289687999397,38.407416012784566,0.18379271254916318,0.9369403123855591,0.8301568627357483,0.8157868981361389,0.8229718804359436,0.6698101758956909,0.914621114730835
d2p1-train-md3005-B-00036,train,md3005,B,115,116,-0.236833393573761,-102.78015899658203,0.05379420518875122,0.13446443492212398,34.42289534006374,0.2022111893629404,0.9420396089553833,0.8097612857818604,0.8454502820968628,0.8276057839393616,0.6911007165908813,0.9181761145591736
d2p1-train-md3005-B-00037,train,md3005,B,118,119,-0.1617758572101593,-58.69866943359375,0.02331864833831787,0.14718477622750137,37.67930271424035,0.09972568973966182,0.9343334436416626,0.8375946283340454,0.8302675485610962,0.8339310884475708,0.6864796876907349,0.9256700277328491
d2p1-train-md3005-B-00038,train,md3005,B,121,122,-0.10192692279815674,-35.8907470703125,0.0500413179397583,0.12497288682077079,31.993059026117322,0.183434968350218,0.9249156713485718,0.780001163482666,0.8128033876419067,0.7964022755622864,0.6735777854919434,0.8983862400054932
d2p1-train-md3005-B-00039,train,md3005,B,125,126,-0.017414391040802002,11.020858764648438,0.02952498197555542,0.10952437849526331,28.038240894787407,0.22729692843151691,0.9413119554519653,0.8188823461532593,0.8200765252113342,0.8194794356822968,0.6772401332855225,0.924181342124939
d2p1-train-md3005-B-00040,train,md3005,B,128,129,-0.019667387008666992,7.9602508544921875,0.015783071517944336,0.11446272070107227,29.302456499474502,0.3343171598079201,0.9319595098495483,0.8212671279907227,0.8404426574707031,0.8308548927307129,0.7012210488319397,0.9041675329208374
d2p1-train-md3005-B-00041,train,md3005,B,131,132,-0.054250121116638184,-0.40460205078125,0.019483208656311035,0.11850696084358783,30.337781975958485,0.20543106032528685,0.9378906488418579,0.830593466758728,0.8387259244918823,0.8346596956253052,0.6841014623641968,0.9220897555351257
d2p1-train-md3005-B-00042,train,md3005,B,134,135,-0.16322213411331177,-63.4364013671875,-0.004451751708984375,0.12193855551798304,31.216270212603657,0.2240188959131304,0.9226345419883728,0.7697517275810242,0.8048511147499084,0.7873014211654663,0.6444804668426514,0.8657577633857727
d2p1-train-md3005-B-00043,train,md3005,B,137,138,-0.09881347417831421,-29.30926513671875,0.006907403469085693,0.10707710428146053,27.411738696053895,0.42750887045025887,0.9415302872657776,0.8050916790962219,0.8343256711959839,0.8197086751461029,0.6696045994758606,0.8949518799781799
d2p1-train-md3005-B-00044,train,md3005,B,140,141,-0.022798478603363037,17.868240356445312,0.042635440826416016,0.10378814233265024,26.56976443715846,0.31317972912716907,0.9483729004859924,0.8099637627601624,0.8386262655258179,0.8242950141429901,0.6817835569381714,0.926612377166748
d2p1-train-md3005-B-00045,train,md3005,B,144,145,-0.08406001329421997,-21.941207885742188,0.029808521270751953,0.11206418194240826,28.688430577256515,0.3539096121023162,0.9304238557815552,0.8072915077209473,0.8053479194641113,0.8063197135925293,0.6686723232269287,0.9052208065986633
d2p1-train-md3005-B-00046,train,md3005,B,147,148,-0.10063457489013672,-43.31853485107422,0.03270375728607178,0.11029708802193881,28.236054533616336,0.5345289864999037,0.9167542457580566,0.7714613676071167,0.7625966668128967,0.7670290172100067,0.6476039886474609,0.8609717488288879
d2p1-train-md3005-B-00047,train,md3005,B,150,151,-0.09468263387680054,-36.526275634765625,0.0627402663230896,0.10570690405170975,27.060967437237696,0.36493796989312166,0.9326794743537903,0.7957010269165039,0.8038798570632935,0.7997904419898987,0.6787824630737305,0.8904128074645996
d2p1-train-md3005-B-00048,train,md3005,B,153,154,-0.12500286102294922,-45.55561828613281,0.030700504779815674,0.1069861063995139,27.38844323827556,0.3971668730391372,0.9370091557502747,0.7965190410614014,0.8291595578193665,0.8128392994403839,0.6801040172576904,0.899198055267334
d2p1-train-md3005-B-00049,train,md3005,B,156,157,-0.032126784324645996,-24.462417602539062,0.06556904315948486,0.11831371536014451,30.288311132196995,0.15947437269958287,0.9336752891540527,0.8140525221824646,0.8345301747322083,0.8242913484573364,0.6688662171363831,0.8994742035865784
d2p1-train-md3005-B-00050,train,md3005,B,159,160,-0.10788410902023315,-40.01191711425781,0.048014163970947266,0.09222547526598883,23.60972166809314,0.5572533370859258,0.9298825263977051,0.7530379295349121,0.8257272839546204,0.7893826067447662,0.6525928974151611,0.8395174145698547
d2p1-train-md3005-B-00051,train,md3005,B,163,164,-0.12013965845108032,-51.51694869995117,0.026531100273132324,0.10282455477914634,26.323086023461464,0.21367989848874286,0.9293161630630493,0.7082955837249756,0.7101377248764038,0.7092166543006897,0.6396036148071289,0.8137404918670654
d2p1-train-md3005-B-00052,train,md3005,B,314,315,-0.0946761965751648,-24.220619201660156,0.06241476535797119,0.2151124885550836,55.068797070101404,0.2788707052927163,0.9455559253692627,0.863525390625,0.8640209436416626,0.8637731671333313,0.7035196423530579,0.9515153169631958
d2p1-train-md3005-B-00053,train,md3005,B,317,318,-0.15793943405151367,-53.18408966064453,0.09684276580810547,0.21349799417015788,54.65548650756042,0.2103422229185407,0.9549134373664856,0.8720840215682983,0.8720459342002869,0.8720649778842926,0.6999320983886719,0.9533364772796631
d2p1-train-md3005-B-00054,train,md3005,B,320,321,-0.0009906888008117676,-0.803802490234375,0.06575900316238403,0.2129847482732157,54.52409555794322,0.23874518371349773,0.9488403797149658,0.8499241471290588,0.8489569425582886,0.8494405448436737,0.6788544058799744,0.9431148171424866
d2p1-train-md3005-B-00055,train,md3005,B,323,324,-0.10466712713241577,-49.23313903808594,0.06612122058868408,0.22062057542692967,56.478867309293996,0.16566578068095966,0.9503735303878784,0.8537023663520813,0.8323461413383484,0.8430242538452148,0.6676712036132812,0.9321665167808533
d2p1-train-md3005-B-00056,train,md3005,B,326,327,0.023913979530334473,7.24365234375,0.0932931900024414,0.21828366689609693,55.880618725400815,0.22632857102070753,0.9455815553665161,0.8514542579650879,0.8438246846199036,0.8476394712924957,0.6668945550918579,0.9327467083930969
d2p1-train-md3005-B-00057,train,md3005,B,330,331,0.008041024208068848,11.548370361328125,0.11399269104003906,0.231868250270458,59.358272069237245,0.24748661920754186,0.9472392797470093,0.8540279865264893,0.8491930961608887,0.851610541343689,0.660647988319397,0.9305133819580078
d2p1-train-md3005-B-00058,train,md3005,B,333,334,-0.082577645778656,-36.18212890625,0.09804946184158325,0.23072335251435003,59.06517824367361,0.18590572064812733,0.9537631869316101,0.8569127321243286,0.8537641167640686,0.8553384244441986,0.6688915491104126,0.9412723183631897
d2p1-train-md3005-B-00059,train,md3005,B,336,337,-0.059139370918273926,-35.75642395019531,0.060345590114593506,0.22718241211382958,58.158697501140374,0.16148477970285502,0.9555566310882568,0.8435733318328857,0.836754322052002,0.8401638269424438,0.6821849942207336,0.9312131404876709
d2p1-train-md3005-B-00060,train,md3005,B,339,340,-0.029079735279083252,-20.89935302734375,0.08151030540466309,0.24140205091623446,61.79892503455602,0.12520441299520488,0.9493882656097412,0.8687776923179626,0.8656795620918274,0.867228627204895,0.6976258754730225,0.9511793255805969
d2p1-train-md3005-B-00061,train,md3005,B,342,343,-0.012028217315673828,-6.6232757568359375,0.1421976089477539,0.21980876322745607,56.271043386228754,0.1945597328126431,0.9480841159820557,0.8571419715881348,0.8555858135223389,0.8563638925552368,0.6810689568519592,0.9395379424095154
d2p1-train-md3005-B-00062,train,md3005,B,345,346,-0.03803056478500366,-21.60748291015625,0.061202824115753174,0.2361602443132039,60.4570225441802,0.14747873220807936,0.9551340341567993,0.8779380321502686,0.8594467639923096,0.8686923980712891,0.6937209367752075,0.9530633091926575
d2p1-train-md3005-B-00063,train,md3005,B,349,350,-0.009714305400848389,-7.337127685546875,0.06009763479232788,0.22985318548032097,58.84241548296217,0.22058665965611712,0.9506121873855591,0.872093915939331,0.8786939382553101,0.8753939270973206,0.6791305541992188,0.9494239091873169
d2p1-train-md3005-B-00064,train,md3005,B,352,353,-0.19015195965766907,-77.26921844482422,0.045104801654815674,0.23513527140490942,60.19462947965681,0.17882188432870288,0.954458475112915,0.8983575105667114,0.8867913484573364,0.8925744295120239,0.6936817169189453,0.9561386108398438
d2p1-train-md3005-B-00065,train,md3005,B,355,356,-0.08167913556098938,-34.079429626464844,0.08558779954910278,0.23600755409500387,60.41793384832099,0.1365156359846481,0.963700532913208,0.8372730612754822,0.8626117706298828,0.8499424159526825,0.6563857793807983,0.9238468408584595
d2p1-train-md3005-B-00066,train,md3005,B,358,359,-0.12509721517562866,-55.7235107421875,0.08390825986862183,0.21935034034130818,56.153687127374894,0.3453632939249923,0.9578806161880493,0.8531986474990845,0.8470625877380371,0.8501306176185608,0.6724525690078735,0.9358437657356262
d2p1-train-md3005-B-00067,train,md3005,B,361,362,-0.06336796283721924,-18.578826904296875,0.053339481353759766,0.21775719272277932,55.74584133703151,0.32819243222118416,0.9574081897735596,0.8338326215744019,0.8654611110687256,0.8496468663215637,0.6822789907455444,0.9455059766769409
d2p1-train-md3005-B-00068,train,md3005,B,364,365,-0.03551119565963745,-15.616500854492188,0.05798739194869995,0.25248644804634063,64.6365306998632,0.2528396797294127,0.9655144214630127,0.8594673275947571,0.8738861680030823,0.8666767477989197,0.6986894607543945,0.9543360471725464
d2p1-train-md3005-B-00069,train,md3005,B,368,369,-0.20139479637145996,-96.346435546875,0.09472894668579102,0.1932448951766199,49.4706931652147,0.5125682646864412,0.9578198194503784,0.8394646644592285,0.8416615724563599,0.8405631184577942,0.67839515209198,0.9418473839759827
d2p1-train-md3005-B-00070,train,md3005,B,371,372,-0.10184717178344727,-41.08232879638672,0.03797978162765503,0.19792395007226585,50.66853121850006,0.36753547739091574,0.9552717208862305,0.8569908142089844,0.8774497509002686,0.8672202825546265,0.6635496616363525,0.9225407838821411
d2p1-train-md3005-B-00071,train,md3005,B,374,375,-0.15231603384017944,-66.87583923339844,0.07372802495956421,0.20320706404403097,52.02100839527193,0.2935417276755559,0.9586507081985474,0.8526442050933838,0.854061484336853,0.8533528447151184,0.6751816272735596,0.9278269410133362
d2p1-train-md3005-B-00072,train,md3005,B,377,378,-0.24563390016555786,-86.64312362670898,0.07944869995117188,0.20798196046968523,53.24338188023942,0.24697200124947885,0.9475165605545044,0.8593555688858032,0.8426757454872131,0.8510156571865082,0.6786780953407288,0.910854697227478
d2p1-train-md3005-B-00073,train,md3005,B,386,387,-0.10489624738693237,-59.87071990966797,0.05243492126464844,0.22624213761076625,57.91798722835616,0.12286529504730918,0.969294548034668,0.8498696088790894,0.8872920274734497,0.8685808181762695,0.7117763757705688,0.9411406517028809
d2p1-train-md3005-B-00074,train,md3005,B,389,390,-0.2460830807685852,-118.6282958984375,0.055225908756256104,0.27578031624141813,70.59976095780304,0.2168051447182197,0.9664757251739502,0.8631091117858887,0.855104923248291,0.8591070175170898,0.719438910484314,0.9640617966651917
d2p1-train-md3005-B-00075,train,md3005,B,421,422,-0.2237890660762787,-24.24744415283203,0.08480757474899292,0.37271510828087095,95.41506771990296,0.05959758720018878,0.9721721410751343,0.8989424705505371,0.8860809803009033,0.8925117254257202,0.6958626508712769,0.9519215822219849
d2p1-train-md3005-B-00076,train,md3005,B,424,425,-0.2553536295890808,-50.460411071777344,0.10483807325363159,0.28430745011956055,72.7827072306075,0.30798151406188334,0.9652920961380005,0.86106938123703,0.8558065891265869,0.8584379851818085,0.7282187938690186,0.9478257894515991
d2p1-train-md3005-B-00077,train,md3005,B,427,428,-0.20147964358329773,-53.117576599121094,0.0746845006942749,0.3356404211633077,85.92394781780678,0.21995163409083096,0.9473136067390442,0.7792760133743286,0.8355211019515991,0.8073985576629639,0.7132401466369629,0.8934533596038818
d2p1-train-md3005-B-00078,train,md3005,B,430,431,-0.4086524546146393,-71.80683517456055,0.1669069528579712,0.3434621185526198,87.92630234947067,0.32472938637985116,0.9522582292556763,0.8254183530807495,0.8580658435821533,0.8417420983314514,0.7181921005249023,0.9314178824424744
d2p1-train-md3005-B-00079,train,md3005,B,433,434,-0.4827820807695389,-122.54599189758301,0.1984158754348755,0.14078449786104405,36.04083145242728,0.2851325884628666,0.9553180932998657,0.7257928848266602,0.7893684506416321,0.7575806677341461,0.6535202264785767,0.8060785531997681
d2p1-train-md3005-B-00080,train,md3005,B,436,437,-0.4737587422132492,-122.62930107116699,0.20371568202972412,0.21638253265447618,55.3939283595459,0.4621444808986199,0.9613202214241028,0.7429772615432739,0.8084123730659485,0.7756948173046112,0.6801750659942627,0.8283059597015381
d2p1-train-md3005-B-00081,train,md3005,B,440,441,-0.40894071757793427,-84.20973205566406,0.22235190868377686,0.42896057072401783,109.81390610534856,0.5395082121365412,0.9526922702789307,0.768504798412323,0.8210477828979492,0.7947762906551361,0.7103114128112793,0.8464862704277039
d2p1-train-md3005-B-00082,train,md3005,B,443,444,-0.34378451108932495,-89.6838607788086,0.19734042882919312,0.26704774100485285,68.36422169724233,0.1203403843082361,0.9497140645980835,0.7494972348213196,0.8193614482879639,0.7844293415546417,0.6792978048324585,0.8368362784385681
d2p1-train-md3005-B-00083,train,md3005,B,446,447,-0.419203519821167,-111.23466110229492,0.1917273998260498,0.30918923708884966,79.15244469474551,0.24361436815839302,0.944076657295227,0.7797858715057373,0.8379273414611816,0.8088566064834595,0.6723185777664185,0.8634763956069946
d2p1-train-md3005-B-00084,train,md3005,B,449,450,-0.09873247146606445,-49.116817474365234,0.1864546537399292,0.3471766063392321,88.87721122284341,0.2646269148159357,0.9580457210540771,0.7350136637687683,0.8360179662704468,0.7855158150196075,0.6501057744026184,0.8047338128089905
d2p1-train-md3005-B-00085,train,md3005,B,452,453,-0.3798092007637024,-115.72387313842773,0.19956380128860474,0.37498314088151696,95.99568406566834,0.42013043390674987,0.9683089256286621,0.7090229988098145,0.8200821280479431,0.7645525634288788,0.6338033080101013,0.7747673988342285
d2p1-train-md3005-B-00086,train,md3005,B,455,456,-0.2921360731124878,-124.46839904785156,0.19196856021881104,0.11307718102160066,28.94775834152977,0.31709964115176376,0.9644496440887451,0.7406396865844727,0.843774676322937,0.7922071814537048,0.671597421169281,0.8198951482772827
d2p1-train-md3005-B-00087,train,md3005,B,459,460,-0.3498120903968811,-122.88301086425781,0.2607797384262085,0.4212806867117995,107.84785579822068,0.48929618085355664,0.9671905040740967,0.7139674425125122,0.8566299676895142,0.7852987051010132,0.6465593576431274,0.7815165519714355
d2p1-train-md3005-B-00088,train,md3005,B,462,463,-0.5279864519834518,-126.5566177368164,0.21480435132980347,0.4317325451496109,110.52353155830039,0.24670839416905976,0.9597620964050293,0.7693125009536743,0.914980947971344,0.8421467244625092,0.7166321873664856,0.8608213663101196
d2p1-train-md3005-B-00089,train,md3005,B,465,466,-0.4689153730869293,-128.39130401611328,0.16865795850753784,0.4206610615794094,107.68923176432881,0.2854847911738822,0.9564013481140137,0.7705056667327881,0.8943159580230713,0.8324108123779297,0.7104954719543457,0.8697205781936646
d2p1-train-md3005-B-00090,train,md3005,B,468,469,-0.2791438102722168,-96.29650115966797,0.0935564637184143,0.45325364063317614,116.03293200209309,0.2848109414459166,0.9483098983764648,0.8147459030151367,0.8417277336120605,0.8282368183135986,0.7060103416442871,0.9142868518829346
d2p1-train-md3005-B-00091,train,md3005,B,471,472,-0.11659055948257446,-64.67042541503906,0.06366592645645142,0.46731173178773167,119.6318033376593,0.17618152107360574,0.9572148323059082,0.871724545955658,0.8598356246948242,0.8657800853252411,0.7322893738746643,0.9409133195877075
d2p1-train-md3005-B-00092,train,md3005,B,474,475,-0.1839357614517212,-79.5239486694336,0.01682102680206299,0.42035387273730235,107.6105914207494,0.28483154120235576,0.955390989780426,0.8937076926231384,0.9070487022399902,0.9003781974315643,0.7354763746261597,0.9595724940299988
d2p1-train-md3005-B-00093,train,md3005,B,478,479,-0.1489849090576172,-54.309913635253906,-0.006252586841583252,0.39270515472124395,100.53251960863845,0.3122194790092629,0.9475575685501099,0.8840136528015137,0.8868828415870667,0.8854482471942902,0.6883347034454346,0.9410842657089233
d2p1-train-md3005-B-00094,train,md3005,B,481,482,-0.2965737581253052,-65.66659545898438,0.03464174270629883,0.3932092938467181,100.66157922475983,0.20018514833573237,0.9497133493423462,0.8946038484573364,0.8716123700141907,0.8831081092357635,0.702885627746582,0.9440942406654358
d2p1-train-md3005-B-00095,train,md3005,B,484,485,-0.2060498595237732,-68.29855346679688,0.021585404872894287,0.34879363290365556,89.29117002333582,0.2594118648846919,0.9484868049621582,0.8872195482254028,0.8994224667549133,0.8933210074901581,0.6444652676582336,0.954133152961731
d2p1-train-md3005-B-00096,train,md3005,B,487,488,-0.18813303112983704,-73.4273681640625,-0.0061716437339782715,0.32920456902813505,84.27636967120257,0.23273328394420684,0.9562299847602844,0.8375802040100098,0.8382079601287842,0.837894082069397,0.6959805488586426,0.9282826781272888
d2p1-train-md3005-B-00097,train,md3005,B,490,491,-0.2062574326992035,-47.70436096191406,0.031230926513671875,0.2999065852348428,76.77608582011976,0.1385291441460591,0.945361316204071,0.843273401260376,0.8162260055541992,0.8297497034072876,0.6430864334106445,0.9040989875793457
d2p1-train-md3005-B-00098,train,md3005,B,493,494,-0.15080726146697998,-45.65446472167969,0.033805668354034424,0.2935548021986862,75.15002936286366,0.1178995977044518,0.9458069801330566,0.7932868003845215,0.7952229976654053,0.7942548990249634,0.653411328792572,0.9106422662734985
d2p1-train-md3005-B-00099,train,md3005,B,497,498,-0.3654559254646301,-80.9389419555664,0.08905231952667236,0.2688626125801077,68.82882882050757,0.16525620438504948,0.9274013042449951,0.7926067113876343,0.793226420879364,0.7929165661334991,0.6440508365631104,0.885215163230896
d2p1-train-md3005-B-00100,train,md3005,B,500,501,-0.13367706537246704,-15.360870361328125,0.03714478015899658,0.33253821643932147,85.1297834084663,0.2567520895548415,0.9104430675506592,0.814100444316864,0.8383864760398865,0.8262434601783752,0.665330171585083,0.8909875154495239
d2p1-train-md3005-B-00101,train,md3005,B,503,504,-0.18143141269683838,-45.77362060546875,0.024074673652648926,0.3625700871807872,92.81794231828152,0.23170872865062617,0.9046711325645447,0.8010306358337402,0.7954497933387756,0.7982402145862579,0.6746038198471069,0.8840804696083069
d2p1-train-md3005-B-00102,train,md3005,B,506,507,-0.26920560002326965,-52.53141784667969,0.03502529859542847,0.3636730579183119,93.10030282708784,0.27469742057417806,0.9303339719772339,0.8442419767379761,0.8460091948509216,0.8451255857944489,0.6781244277954102,0.9191082119941711
d2p1-train-md3005-B-00103,train,md3005,B,509,510,-0.17177832126617432,-55.67210388183594,-0.012152671813964844,0.3569655146900996,91.38317176066549,0.2736879720087007,0.9517667293548584,0.8649911880493164,0.8685729503631592,0.8667820692062378,0.709233820438385,0.9506871700286865
d2p1-train-md3005-B-00104,train,md3005,B,512,513,-0.24236592650413513,-72.36809539794922,0.02415001392364502,0.34448134371847644,88.18722399192997,0.3698345910837007,0.9470533132553101,0.8293333649635315,0.838502824306488,0.8339180946350098,0.6778097748756409,0.9289782047271729
d2p1-train-md3005-B-00105,train,md3005,B,516,517,-0.4440261721611023,-147.19958877563477,0.1569715142250061,0.14827080145020854,37.95732517125339,0.3427266358677097,0.9511845111846924,0.8044278025627136,0.8304528594017029,0.8174403309822083,0.673405647277832,0.9107975959777832
d2p1-train-md3005-B-00106,train,md3005,B,519,520,-0.3680330514907837,-126.03998565673828,0.10263305902481079,0.1474292278133536,37.74188232021852,0.4119457646075926,0.9559511542320251,0.8423288464546204,0.8492610454559326,0.8457949459552765,0.7111668586730957,0.9400409460067749
d2p1-train-md3005-B-00107,train,md3005,B,522,523,-0.37130844593048096,-141.3338165283203,0.09259021282196045,0.25663025846742976,65.69734616766202,0.23076137335775895,0.9395764470100403,0.7958234548568726,0.7922179102897644,0.7940206825733185,0.6569300889968872,0.8903952836990356
d2p1-train-md3005-B-00108,train,md3005,B,525,526,-0.18349343538284302,-113.24184799194336,0.07945483922958374,0.24613260222535532,63.00994616969096,0.2758298073722619,0.9461849927902222,0.8118698596954346,0.805927574634552,0.8088987171649933,0.67442786693573,0.9067308306694031
d2p1-train-md3005-B-00109,train,md3005,B,545,546,-0.08504706621170044,-36.642486572265625,0.11440038681030273,0.1610888561063856,41.23874716323471,0.43755070692429865,0.9541577100753784,0.8535552024841309,0.8567858934402466,0.8551705479621887,0.7028787136077881,0.9347676634788513
d2p1-train-md3005-B-00110,train,md3005,B,580,581,-0.47121289372444153,-169.27399444580078,0.16471242904663086,0.1992367393555118,51.00460527501102,0.27556324488596545,0.9599064588546753,0.8188768029212952,0.8739676475524902,0.8464222252368927,0.716547966003418,0.9360186457633972
d2p1-train-md3005-B-00111,train,md3005,B,583,584,-0.388813316822052,-134.44816970825195,0.13987505435943604,0.20366906012893882,52.13927939300834,0.026315028019962317,0.9611492156982422,0.8391183614730835,0.8453770875930786,0.842247724533081,0.7091163396835327,0.9491309523582458
d2p1-train-md3005-B-00112,train,md3005,B,586,587,-0.281865656375885,-88.44528388977051,0.13824594020843506,0.1830365815021778,46.85736486455752,0.1805858647140848,0.9575706124305725,0.846310555934906,0.8478175401687622,0.8470640480518341,0.7107958197593689,0.947503387928009
d2p1-train-md3005-B-00113,train,md3005,B,589,590,-0.43450063467025757,-149.93561553955078,0.11755692958831787,0.19166588473069868,49.06646649105886,0.029860557465725253,0.9566681981086731,0.846577525138855,0.8350980877876282,0.8408378064632416,0.7244558930397034,0.9148551821708679
d2p1-train-md3005-B-00114,train,md3005,B,592,593,-0.26663893461227417,-92.8608283996582,0.11255854368209839,0.20095041080776882,51.44330516678882,0.049427124803147246,0.965036928653717,0.8667038083076477,0.8582495450973511,0.8624766767024994,0.7412737011909485,0.9558332562446594
d2p1-train-md3005-B-00115,train,md3005,B,595,596,-0.28788474202156067,-106.01269149780273,0.1248520016670227,0.19603878295997265,50.185928437753,0.010544786585198359,0.9624713659286499,0.8250281810760498,0.859554648399353,0.8422914147377014,0.7240298390388489,0.9260643124580383
d2p1-train-md3005-B-00116,train,md3005,B,599,600,-0.2952921986579895,-98.68503189086914,0.1326056718826294,0.20396400097687062,52.21478425007888,0.1948727408264249,0.9511182308197021,0.8360940217971802,0.8642045855522156,0.8501493036746979,0.7346256375312805,0.9249292016029358
d2p1-train-md3005-B-00117,train,md3005,B,602,603,-0.2262917160987854,-81.41901779174805,0.11878156661987305,0.19570955972818227,50.10164729041466,0.2017096730117477,0.9585477113723755,0.8579803705215454,0.882400631904602,0.8701905012130737,0.771533191204071,0.9442692995071411
d2p1-train-md3005-B-00118,train,md3005,B,605,606,-0.20314350724220276,-62.15068817138672,0.1227118968963623,0.18383101284145312,47.060739287412,0.17719189664871982,0.9579602479934692,0.8623707294464111,0.8756679892539978,0.8690193593502045,0.7505554556846619,0.9555994868278503
d2p1-train-md3005-B-00119,train,md3005,B,608,609,-0.18411481380462646,-58.496131896972656,0.10194367170333862,0.2948042725997829,75.46989378554443,0.2217534348657573,0.946802020072937,0.8510825634002686,0.8835548162460327,0.8673186898231506,0.6975088119506836,0.9326902031898499
d2p1-train-md3005-B-00120,train,md3005,B,671,672,-0.11329483985900879,-61.88457489013672,0.14120477437973022,0.14996966068167025,38.392233134507585,0.39311652952386644,0.9527853727340698,0.8222624063491821,0.868025541305542,0.8451439738273621,0.7027190327644348,0.9306436777114868
d2p1-train-md3005-B-00121,train,md3005,B,674,675,-0.2050703465938568,-80.70975494384766,0.10912919044494629,0.14271235079175004,36.53436180268801,0.520357187171811,0.9584519863128662,0.8530421257019043,0.8550450801849365,0.8540436029434204,0.6496949195861816,0.946563184261322
d2p1-train-md3005-B-00122,train,md3005,B,678,679,-0.2750084102153778,-113.51997375488281,0.0888715386390686,0.2001315863421045,51.233686103578755,0.39298809343733243,0.9650235176086426,0.8812940120697021,0.896492063999176,0.8888930380344391,0.6737960577011108,0.9305220246315002
d2p1-train-md3005-B-00123,train,md3005,B,681,682,-0.2656467854976654,-111.96923828125,0.11851400136947632,0.19498423110114455,49.915963161893,0.361656323018995,0.9601737856864929,0.8612582683563232,0.866519033908844,0.8638886511325836,0.6893092393875122,0.9549832344055176
d2p1-train-md3005-B-00124,train,md3005,B,684,685,-0.1875607967376709,-74.5273208618164,0.12123572826385498,0.201838573921272,51.67067492384563,0.3690129876592752,0.9549612998962402,0.8507200479507446,0.8544813394546509,0.8526006937026978,0.715114414691925,0.9549555778503418
d2p1-train-md3005-B-00125,train,md3005,B,687,688,-0.2389281988143921,-83.70538330078125,0.09508365392684937,0.21888249775821703,56.03391942610356,0.33049639244297196,0.9501708745956421,0.8781333565711975,0.8665575981140137,0.8723454773426056,0.7051699161529541,0.9543417096138
d2p1-train-md3005-B-00126,train,md3005,B,690,691,-0.21375969052314758,-74.6557388305664,0.11329007148742676,0.20742147573276012,53.09989778758659,0.28205048693261126,0.9502580165863037,0.881327211856842,0.8504369854927063,0.8658820986747742,0.7000653147697449,0.9389672875404358
d2p1-train-md3005-B-00127,train,md3005,B,693,694,-0.19129031896591187,-96.42384338378906,0.09701317548751831,0.23246788090770124,59.511777512371516,0.12368745629539762,0.9487287998199463,0.8549573421478271,0.8323436975479126,0.8436505198478699,0.6969889402389526,0.9278192520141602
d2p1-train-md3005-B-00128,train,md3005,B,697,698,-0.20046794414520264,-91.18699645996094,0.13405752182006836,0.24115505550596725,61.735694209527615,0.11950653896133968,0.9536028504371643,0.863082766532898,0.8471082448959351,0.8550955057144165,0.6740259528160095,0.9331492185592651
d2p1-train-md3005-B-00129,train,md3005,B,700,701,-0.17383378744125366,-64.25914764404297,0.11991226673126221,0.2330046352352388,59.64918662022113,0.1395882442692275,0.9500242471694946,0.8580522537231445,0.8430303335189819,0.8505412936210632,0.6789133548736572,0.9121726751327515
d2p1-train-md3005-B-00130,train,md3005,B,703,704,-0.20139405131340027,-74.54212951660156,0.11878985166549683,0.23633863767612534,60.50269124508809,0.14627322037604001,0.954442024230957,0.8506778478622437,0.8248397707939148,0.8377588093280792,0.6917144060134888,0.9293874502182007
d2p1-train-md3005-B-00131,train,md3005,B,706,707,-0.14549273252487183,-56.256927490234375,0.10183548927307129,0.2537250171131398,64.95360438096378,0.15704581954706773,0.9597143530845642,0.8830767273902893,0.8635237216949463,0.8733002245426178,0.6954067945480347,0.9492383599281311
d2p1-train-md3005-B-00132,train,md3005,B,709,710,-0.32650575041770935,-106.13677978515625,0.07648271322250366,0.2800982450363286,71.70515072930012,0.2602422602203628,0.9562276601791382,0.8950805068016052,0.8620656728744507,0.878573089838028,0.6917636394500732,0.9492196440696716
d2p1-train-md3005-B-00133,train,md3005,B,712,713,-0.1171039342880249,-51.227081298828125,0.017625093460083008,0.30074971786387117,76.99192777315102,0.022519266922076293,0.9573341012001038,0.8872675895690918,0.8829954266548157,0.8851315081119537,0.6928589940071106,0.941653311252594
d2p1-train-md3005-B-00134,train,md3005,B,716,717,-0.134607195854187,-60.8963623046875,0.049428701400756836,0.33920049112170886,86.83532572715747,0.057466093827075515,0.962459146976471,0.8803533315658569,0.8652579188346863,0.8728056252002716,0.6869150400161743,0.9610477089881897
d2p1-train-md3005-B-00135,train,md3005,B,719,720,-0.18292772769927979,-77.38602447509766,0.009428858757019043,0.3610545112708505,92.42995488533772,0.14304724540564112,0.9601976275444031,0.9020477533340454,0.8859468102455139,0.8939972817897797,0.6909343004226685,0.9499090909957886
d2p1-train-md3005-B-00136,train,md3005,B,722,723,0.05513334274291992,24.23797607421875,0.03507721424102783,0.3647184679683259,93.36792779989143,0.04056209524882144,0.9699631929397583,0.8770976066589355,0.8810851573944092,0.8790913820266724,0.6741764545440674,0.9538756012916565
d2p1-train-md3005-B-00137,train,md3005,B,725,726,-0.05394476652145386,-14.31683349609375,0.011692166328430176,0.38242692693272107,97.9012932947766,0.11580540840522072,0.9608438611030579,0.900693416595459,0.9014315605163574,0.9010624885559082,0.6818321347236633,0.9662724137306213
d2p1-train-md3005-B-00138,train,md3005,B,728,729,0.08184140920639038,45.58607482910156,-0.02238619327545166,0.39642115751716456,101.48381632439413,0.10291112949119424,0.957317590713501,0.9111416339874268,0.9211089015007019,0.9161252677440643,0.6847050189971924,0.9753684401512146
d2p1-train-md3005-B-00139,train,md3005,B,731,732,-0.002479732036590576,14.2755126953125,-0.06501686573028564,0.4126940305169898,105.64967181234938,0.2205120972474742,0.9437316060066223,0.9108175039291382,0.9103091955184937,0.9105633497238159,0.6525510549545288,0.9664328694343567
d2p1-train-md3005-B-00140,train,md3005,B,735,736,-0.13525351881980896,-53.50102233886719,0.047220051288604736,0.41177194704867015,105.41361844445956,0.11738056241574552,0.9614870548248291,0.902057409286499,0.8977200984954834,0.8998887538909912,0.6715795993804932,0.9632676839828491
d2p1-train-md3005-B-00141,train,md3005,B,738,739,-0.10342210531234741,-50.355865478515625,0.03076171875,0.4047785888798186,103.62331875323356,0.03582614619415179,0.952434778213501,0.9032237529754639,0.8868204355239868,0.8950220942497253,0.7201476097106934,0.9653686881065369
d2p1-train-md3005-B-00142,train,md3005,B,741,742,-0.025593698024749756,2.3617095947265625,0.02918064594268799,0.4086318705228486,104.60975885384924,0.10328827786928449,0.9245880842208862,0.8377963304519653,0.8665191531181335,0.8521577417850494,0.6770162582397461,0.9157387614250183
d2p1-train-md3005-B-00143,train,md3005,B,744,745,-0.1773342490196228,-7.1616058349609375,0.08611667156219482,0.3887162935578705,99.51137115081485,0.06169374800453219,0.961441159248352,0.882034420967102,0.8720928430557251,0.8770636320114136,0.6470075249671936,0.9547752141952515
d2p1-train-md3005-B-00144,train,md3005,B,747,748,-0.2322463095188141,-4.007080078125,0.16203540563583374,0.3964508465518964,101.49141671728547,0.13324381603415872,0.9581705331802368,0.8627293109893799,0.8990163207054138,0.8808728158473969,0.6553020477294922,0.9336513876914978
d2p1-train-md3005-B-00145,train,md3005,B,750,751,-0.265042781829834,-46.554649353027344,0.16364699602127075,0.38928914859112923,99.65802203932908,0.16699035686462688,0.9564980864524841,0.8446457386016846,0.8471709489822388,0.8459083437919617,0.6521718502044678,0.9206987023353577
d2p1-train-md3005-B-00146,train,md3005,B,754,755,-0.2581823766231537,-24.487533569335938,0.08168303966522217,0.37607851979900825,96.27610106854611,0.20429420849802632,0.9519762396812439,0.8458714485168457,0.8471635580062866,0.8465175032615662,0.6466991305351257,0.9476423263549805
d2p1-train-md3005-B-00147,train,md3005,B,757,758,-0.26758873462677,24.281951904296875,0.10264778137207031,0.3583683890381241,91.74230759375978,0.16887916201302583,0.9505771398544312,0.8546919822692871,0.8433223962783813,0.8490071892738342,0.6614904403686523,0.9445152282714844
d2p1-train-md3005-B-00148,train,md3005,B,760,761,-0.2748714089393616,1.9630889892578125,0.09946835041046143,0.36777015918978734,94.14916075258556,0.11072538280351649,0.9544435739517212,0.8547869920730591,0.8292214870452881,0.8420042395591736,0.6669596433639526,0.9491561651229858
d2p1-train-md3005-B-00149,train,md3005,B,763,764,-0.27809327840805054,-62.68785858154297,0.08235126733779907,0.3879578658418667,99.31721365551788,0.08608736297635688,0.953244686126709,0.8848106861114502,0.8629109859466553,0.8738608360290527,0.6887143850326538,0.9650039672851562
d2p1-train-md3005-B-00150,train,md3005,B,766,767,-0.22362640500068665,42.56646728515625,0.11475116014480591,0.3782557048389328,96.83346043876679,0.06538656136885686,0.9496591687202454,0.8636701703071594,0.8641306161880493,0.8639003932476044,0.6797693371772766,0.9409226179122925
d2p1-train-md3005-B-00151,train,md3005,B,769,770,-0.16721349954605103,2.3145751953125,0.06517952680587769,0.37510140677084264,96.02596013333572,0.1497734841004662,0.9512981176376343,0.8779444694519043,0.8812445402145386,0.8795945048332214,0.7086268067359924,0.9513819813728333
d2p1-train-md3005-B-00152,train,md3005,B,773,774,-0.23294401168823242,25.157852172851562,0.09276723861694336,0.37762624413170964,96.67231849771767,0.15288586005654242,0.9479576349258423,0.8408968448638916,0.8218162059783936,0.8313565254211426,0.6591905355453491,0.9489452242851257
d2p1-train-md3005-B-00153,train,md3005,B,776,777,-0.251200795173645,9.743209838867188,0.11605477333068848,0.380905451978362,97.51179570646067,0.1274027590041838,0.9497599005699158,0.8252521753311157,0.8143173456192017,0.8197847604751587,0.6512959003448486,0.9228804707527161
d2p1-train-md3005-B-00154,train,md3005,B,779,780,-0.10744813084602356,77.84698486328125,0.12325912714004517,0.37583865221747237,96.21469496767293,0.021018638075094048,0.9422248601913452,0.840742290019989,0.8644543290138245,0.8525983095169067,0.6856781244277954,0.9413629174232483
d2p1-train-md3005-B-00155,train,md3005,B,782,783,-0.36106109619140625,-30.421920776367188,0.1607416868209839,0.37959017735265704,97.1750854022802,0.051431381374206525,0.9477713108062744,0.8225972652435303,0.8247406482696533,0.8236689567565918,0.6757397651672363,0.9448041915893555
d2p1-train-md3005-B-00156,train,md3005,B,785,786,-0.34950685501098633,-4.6097869873046875,0.11762911081314087,0.3841005241272772,98.32973417658296,0.10463172262962214,0.9480998516082764,0.8388892412185669,0.8429462909698486,0.8409177660942078,0.6740224957466125,0.941199541091919
d2p1-train-md3005-B-00157,train,md3005,B,788,789,-0.46419206261634827,-41.215545654296875,0.1820526123046875,0.38514425711593603,98.59692982167962,0.05830151121945336,0.94286048412323,0.8154311180114746,0.8567523956298828,0.8360917568206787,0.6457089781761169,0.9067591428756714
d2p1-train-md3005-B-00158,train,md3005,B,792,793,-0.4528334140777588,-45.121826171875,0.1963537335395813,0.37589740084756057,96.2297346169755,0.03634741967578617,0.9426016807556152,0.806428074836731,0.8367721438407898,0.8216001093387604,0.6670800447463989,0.8939976096153259
d2p1-train-md3005-B-00159,train,md3005,B,795,796,-0.3373667597770691,1.6097412109375,0.14145272970199585,0.3893427525216002,99.67174464552966,0.053491693713754805,0.9497604370117188,0.8688937425613403,0.8420231342315674,0.8554584383964539,0.671602725982666,0.9526488780975342
d2p1-train-md3005-B-00160,train,md3005,B,798,799,-0.31536349654197693,-12.715721130371094,0.190263569355011,0.37901273606921426,97.02726043371885,0.09236065522455603,0.9510500431060791,0.8852523565292358,0.9117633104324341,0.898507833480835,0.7084548473358154,0.9347929954528809
d2p1-train-md3005-B-00161,train,md3005,B,801,802,-0.3616664409637451,-93.45653533935547,0.27928823232650757,0.3615033293484983,92.54485231321557,0.2578243972382659,0.9535825252532959,0.8486772775650024,0.8635865449905396,0.856131911277771,0.7177987098693848,0.8929023146629333
d2p1-train-md3005-B-00162,train,md3005,B,804,805,-0.44301843643188477,-101.30136108398438,0.28728145360946655,0.3805497846958774,97.42074488214462,0.21676459099901227,0.9437605142593384,0.8652337193489075,0.9031378030776978,0.8841857612133026,0.718412458896637,0.9067603349685669
d2p1-train-md3005-B-00163,train,md3005,B,807,808,-0.575645238161087,-183.10838317871094,0.3323873281478882,0.3455204822732179,88.45324346194379,0.44980912426189196,0.9590447545051575,0.784156322479248,0.8091535568237305,0.7966549396514893,0.6730870604515076,0.8128950595855713
d2p1-train-md3005-B-00164,train,md3005,B,811,812,-0.41398148238658905,-122.1321029663086,0.2875421643257141,0.353537990778802,90.50572563937331,0.20286033199329045,0.9656980633735657,0.7128920555114746,0.8487786650657654,0.78083536028862,0.6385983228683472,0.7684146761894226
d2p1-train-md3005-B-00165,train,md3005,B,814,815,-0.3058241903781891,-98.50357437133789,0.2888771891593933,0.38412148768461785,98.33510084726217,0.3478784064766823,0.9563674926757812,0.7676001191139221,0.8752031326293945,0.8214016258716583,0.6931455135345459,0.8728047013282776
d2p1-train-md3005-B-00166,train,md3005,B,817,818,-0.2961049973964691,-121.16545867919922,0.26253950595855713,0.3590378849650692,91.91369855105772,0.6391067711906944,0.947014570236206,0.7452714443206787,0.7845954895019531,0.7649334669113159,0.6475855112075806,0.8380762934684753
d2p1-train-md3005-B-00167,train,md3005,B,820,821,-0.3158942461013794,-120.23074340820312,0.22547030448913574,0.3182895037926253,81.48211297091207,0.5819365374774008,0.9491875171661377,0.8140406608581543,0.8111587166786194,0.8125996887683868,0.6757580041885376,0.8603708148002625
d2p1-train-md3005-B-00168,train,md3005,B,823,824,-0.22274819016456604,-95.31154251098633,0.26820552349090576,0.09217011651374578,23.59554982751892,0.48523532019054294,0.9540503025054932,0.759736955165863,0.7832488417625427,0.7714928984642029,0.6724193692207336,0.8535938858985901
d2p1-train-md3005-B-00169,train,md3005,B,826,827,-0.054503172636032104,-11.093170166015625,0.23272061347961426,0.24271989715503625,62.13629367168928,0.5360593934146939,0.941653311252594,0.7652849555015564,0.8104671239852905,0.7878760397434235,0.6779520511627197,0.8820726275444031
d2p1-train-md3005-B-00170,train,md3005,B,830,831,-0.2526945471763611,-125.17901611328125,0.2852025628089905,0.21917262754886857,56.108192652510354,0.6067815412141662,0.9518346190452576,0.7151080369949341,0.803115963935852,0.7591120004653931,0.6220074892044067,0.8064861297607422
d2p1-train-md3005-B-00171,train,md3005,B,833,834,-0.5363785475492477,-180.70605850219727,0.28342926502227783,0.35385905205769985,90.58791732677116,0.6456514263919222,0.9661092758178711,0.6505404710769653,0.8381212949752808,0.744330883026123,0.6122404336929321,0.7375549077987671
d2p1-train-md3005-B-00172,train,md3005,B,836,837,-0.44471459090709686,-133.33146476745605,0.26558834314346313,0.20249880222846028,51.83969337048583,0.5378180839698508,0.968614399433136,0.7255232930183411,0.8381823301315308,0.7818528115749359,0.6752320528030396,0.8226718306541443
d2p1-train-md3005-B-00173,train,md3005,B,839,840,-0.4569834768772125,-135.01824760437012,0.2914000153541565,0.07496483417698763,19.190997549308833,0.3807317978717819,0.9580315351486206,0.6645939350128174,0.7830495238304138,0.7238217294216156,0.6496052742004395,0.7665707468986511
d2p1-train-md3005-B-00174,train,md3005,B,842,843,-0.4332443177700043,-133.31052017211914,0.2672663927078247,0.08044363105335264,20.593569549658277,0.3343572113646072,0.9554738998413086,0.6873304843902588,0.7840918302536011,0.7357111573219299,0.6610003709793091,0.7997649908065796
d2p1-train-md3005-B-00175,train,md3005,B,845,846,-0.3277457058429718,-119.93185424804688,0.23595792055130005,0.2695246210986284,68.99830300124887,0.33627374736933224,0.9584482908248901,0.7393596172332764,0.8238299489021301,0.7815947830677032,0.666619062423706,0.815338134765625
d2p1-train-md3005-B-00176,train,md3005,B,849,850,-0.3634462058544159,-113.46837615966797,0.20133966207504272,0.24332808814824344,62.29199056595032,0.7202594891026053,0.9582370519638062,0.6914088726043701,0.8333171606063843,0.7623630166053772,0.6259245872497559,0.7875396609306335
d2p1-train-md3005-B-00177,train,md3005,B,852,853,-0.2738589346408844,-122.34798431396484,0.23200953006744385,0.2571705372844264,65.83565754481316,0.5217972700453594,0.921144425868988,0.746859073638916,0.7902704477310181,0.768564760684967,0.6547121405601501,0.8332636952400208
d2p1-train-md3005-B-00178,train,md3005,B,855,856,-0.4129989743232727,-141.1605110168457,0.21169710159301758,0.2857235740800848,73.14523496450171,0.5348442871134462,0.9497147798538208,0.7133070826530457,0.798724889755249,0.7560159862041473,0.6382008790969849,0.8327495455741882
d2p1-train-md3005-B-00179,train,md3005,B,858,859,-0.36924245953559875,-123.38569641113281,0.23168736696243286,0.32627624195351257,83.52671794009922,0.6297713901890349,0.9434361457824707,0.7234635353088379,0.7887645959854126,0.7561140656471252,0.6324371099472046,0.8087203502655029
d2p1-train-md3005-B-00180,train,md3005,B,861,862,-0.20734480023384094,-77.58438873291016,0.15180093050003052,0.3679867190526711,94.2046000774838,0.5130554673239247,0.9402077794075012,0.7771522998809814,0.796922504901886,0.7870374023914337,0.6815721392631531,0.8829912543296814
d2p1-train-md3005-B-00181,train,md3005,B,864,865,-0.4706394672393799,-168.8076171875,0.24821722507476807,0.38080451405052645,97.48595559693477,0.4564959635585426,0.9460765719413757,0.7285629510879517,0.7730778455734253,0.7508203983306885,0.6462597250938416,0.834473729133606
d2p1-train-md3005-B-00182,train,md3005,B,868,869,-0.40614748001098633,-149.18387985229492,0.25732654333114624,0.3412550501491091,87.36129283817193,0.5154782131935883,0.9585000276565552,0.6970642805099487,0.7630605101585388,0.7300623953342438,0.6161254644393921,0.7988346219062805
d2p1-train-md3005-B-00183,train,md3005,B,871,872,-0.24626502394676208,-112.7795639038086,0.18665558099746704,0.11633796052440354,29.782517894247306,0.3740772202168676,0.943120002746582,0.7208317518234253,0.7967076301574707,0.758769690990448,0.641804575920105,0.846076488494873
d2p1-train-md3005-B-00184,train,md3005,B,874,875,-0.43039488792419434,-172.8022918701172,0.23890143632888794,0.10159309857207625,26.00783323445152,0.3657714908626688,0.962852954864502,0.6814138889312744,0.7936432957649231,0.7375285923480988,0.6030673980712891,0.7510388493537903
d2p1-train-md3005-B-00185,train,md3005,B,877,878,-0.48769710958004,-132.1303653717041,0.2543761730194092,0.08240407406990014,21.095442961894435,0.49504451525803267,0.9681363701820374,0.6975768804550171,0.8120262622833252,0.7548015713691711,0.6650960445404053,0.795012354850769
d2p1-train-md3005-B-00186,train,md3005,B,880,881,-0.35133662819862366,-123.6877269744873,0.19875293970108032,0.06716920952843326,17.195317639278915,0.2702795764923261,0.9604510068893433,0.7219449281692505,0.9010263681411743,0.8114856481552124,0.6695762872695923,0.8162607550621033
d2p1-train-md3005-B-00187,train,md3005,B,883,884,-0.5574251413345337,-177.49231147766113,0.26204508543014526,0.060619416140703535,15.518570532020105,0.4826387856294346,0.9612403512001038,0.7060977220535278,0.7933740615844727,0.7497358918190002,0.648040771484375,0.777148962020874
d2p1-train-md3005-B-00188,train,md3005,B,887,888,-0.26646688580513,-142.1846580505371,0.2533684968948364,0.23925526804782046,61.24934862024204,0.5910058281484303,0.9552850723266602,0.6580997109413147,0.7670310139656067,0.7125653624534607,0.6175939440727234,0.7604168653488159
d2p1-train-md3005-B-00189,train,md3005,B,890,891,-0.4666430950164795,-181.92301750183105,0.24968409538269043,0.11883374132601096,30.421437779458806,0.3513868888230757,0.9654303193092346,0.6803733110427856,0.8500083684921265,0.765190839767456,0.6331568956375122,0.7732406854629517
d2p1-train-md3005-B-00190,train,md3005,B,893,894,-0.3840499520301819,-162.82313537597656,0.24712109565734863,0.2525491299255655,64.65257726094477,0.6292992071842749,0.9546321034431458,0.6721346378326416,0.786956250667572,0.7295454442501068,0.6113252639770508,0.7734441161155701
d2p1-train-md3005-B-00191,train,md3005,B,896,897,-0.5379223674535751,-178.10199069976807,0.22712254524230957,0.24696599787244006,63.223295455344655,0.4037660550488671,0.9611309170722961,0.6629742383956909,0.8439130783081055,0.7534436583518982,0.629629373550415,0.782390296459198
d2p1-train-md3005-B-00192,train,md3005,B,899,900,-0.5274452716112137,-173.16603183746338,0.2624913454055786,0.0683660331828449,17.501704494808294,0.6436176596689234,0.9672150611877441,0.6569114923477173,0.8188744783401489,0.7378929853439331,0.6243280172348022,0.7610917091369629
d2p1-train-md3005-B-00193,train,md3005,B,902,903,-0.4966428428888321,-167.43724250793457,0.2705546021461487,0.05777504676406392,14.790411971600363,0.4808912735105321,0.9626913666725159,0.637144923210144,0.7952351570129395,0.7161900401115417,0.6179298162460327,0.7306949496269226
d2p1-train-md3005-B-00194,train,md3005,B,980,981,-0.26696500182151794,-121.68385314941406,0.16138827800750732,0.24314944353354864,62.24625754458845,0.044307282823373366,0.9370102882385254,0.8040814399719238,0.8220460414886475,0.8130637407302856,0.6878468990325928,0.9074960947036743
d2p1-train-md3005-B-00195,train,md3005,B,983,984,-0.31674501299858093,-116.03223419189453,0.22302240133285522,0.23819810871032723,60.97871582984377,0.04643721523726821,0.9388641119003296,0.7980629205703735,0.7915322780609131,0.7947975993156433,0.6621602773666382,0.8770996928215027
d2p1-train-md3005-B-00196,train,md3005,B,986,987,-0.20873034000396729,-109.8373794555664,0.22848916053771973,0.23393331451081184,59.88692851476783,0.027927252663179643,0.9401499032974243,0.7862367630004883,0.7983170747756958,0.792276918888092,0.6403924226760864,0.8707392811775208
d2p1-train-md3005-B-00197,train,md3005,B,989,990,-0.22504344582557678,-94.70970153808594,0.16766327619552612,0.24712977437425396,63.26522223980901,0.07495578062704385,0.9299404621124268,0.7997123003005981,0.7804564237594604,0.7900843620300293,0.6621758937835693,0.886622428894043
d2p1-train-md3005-B-00198,train,md3005,B,992,993,-0.3069877326488495,-102.02654266357422,0.23784810304641724,0.2540709058174726,65.04215188927299,0.042896631194683135,0.9457827806472778,0.7803440093994141,0.7850250005722046,0.7826845049858093,0.6432822942733765,0.8871124386787415
d2p1-train-md3005-B-00199,train,md3005,B,995,996,-0.15772110223770142,-70.85023498535156,0.18669533729553223,0.2626217489467414,67.2311677303658,0.05526162231637503,0.9464794993400574,0.7938250303268433,0.7801328301429749,0.7869789302349091,0.655113697052002,0.8806802034378052
d2p1-train-md3005-B-00200,train,md3005,B,999,1000,-0.3426399230957031,-109.76040649414062,0.1593015193939209,0.30084559800244715,77.01647308862647,0.11813665663050224,0.9370681047439575,0.8120831251144409,0.8256406784057617,0.8188619017601013,0.6553570032119751,0.8991963267326355
d2p1-train-md3005-B-00201,train,md3005,B,1002,1042,-0.22689878940582275,-65.34551239013672,0.07820737361907959,0.3760703498059177,96.27400955031493,0.19187290460516473,0.9397746324539185,0.8030214309692383,0.8124437928199768,0.8077326118946075,0.6732509136199951,0.9132839441299438
d2p1-train-md3005-B-00202,train,md3005,B,1044,1045,-0.49525707960128784,-151.43238067626953,0.2065492868423462,0.39288964402190923,100.57974886960876,0.2481029852696922,0.9467920064926147,0.807549238204956,0.8230273723602295,0.8152883052825928,0.6937565803527832,0.8990902900695801
d2p1-train-md3005-B-00203,train,md3005,B,1047,1048,-0.47246554493904114,-149.69906997680664,0.19884496927261353,0.08474651520546272,21.695107892598458,0.1396602234297865,0.9501644372940063,0.733090877532959,0.8151366710662842,0.7741137742996216,0.6660826206207275,0.8713778257369995
d2p1-train-md3005-B-00204,train,md3005,B,1050,1051,-0.21345651149749756,-86.1515007019043,0.14919430017471313,0.08115997520732661,20.776953653075612,0.17093051246353957,0.9327665567398071,0.7475905418395996,0.8491925001144409,0.7983915209770203,0.6465195417404175,0.8907177448272705
d2p1-train-md3005-B-00205,train,md3005,B,1053,1054,-0.4578568935394287,-154.87835693359375,0.238115131855011,0.10247219329217284,26.232881482796248,0.34773669835303733,0.9484112858772278,0.7376599311828613,0.8204370141029358,0.7790484726428986,0.6302047967910767,0.8543538451194763
d2p1-train-md3005-B-00206,train,md3005,B,1057,1058,-0.3125452399253845,-145.34872436523438,0.20115399360656738,0.10638189783244688,27.2337658451064,0.16692676082127306,0.9451706409454346,0.7134002447128296,0.7418618202209473,0.7276310324668884,0.6174190640449524,0.8409953117370605
d2p1-train-md3005-B-00207,train,md3005,B,1060,1061,-0.24753046035766602,-108.6286392211914,0.21184515953063965,0.1041092200733826,26.651960338785944,0.4723112903265153,0.9429361820220947,0.7382049560546875,0.7808047533035278,0.7595048546791077,0.630229115486145,0.8340883255004883
d2p1-train-md3005-B-00208,train,md3005,B,1063,1064,-0.3968994915485382,-142.24309539794922,0.21153205633163452,0.10371780054899007,26.55175694054146,0.32867503513691027,0.9371411800384521,0.7283766269683838,0.7917202711105347,0.7600484490394592,0.6429166793823242,0.8658280968666077
d2p1-train-md3005-B-00209,train,md3005,B,1066,1067,-0.47159451246261597,-184.02769088745117,0.20125573873519897,0.09122662893297068,23.354017006840493,0.08246800102245422,0.9376081228256226,0.7127445340156555,0.7556234002113342,0.7341839671134949,0.6313467621803284,0.8453400135040283
d2p1-train-md3005-B-00210,train,md3005,B,1069,1070,-0.42913171648979187,-154.7210235595703,0.19767606258392334,0.09009664647748673,23.064741498236604,0.0669010302296534,0.9141120910644531,0.6725591421127319,0.7299536466598511,0.7012563943862915,0.5799070000648499,0.8236172795295715
d2p1-train-md3005-B-00211,train,md3005,B,1072,1073,-0.38908448815345764,-148.63390731811523,0.1862369179725647,0.0803036642258316,20.55773804181289,0.26307723605605215,0.9288665652275085,0.7451589107513428,0.7882167100906372,0.76668781042099,0.6475032567977905,0.8719020485877991
d2p1-train-md3005-B-00212,train,md3005,B,1076,1077,-0.4430822432041168,-161.30334854125977,0.2416791319847107,0.0954184901096654,24.42713346807434,0.48335869758777505,0.939157247543335,0.7170925140380859,0.7806417942047119,0.7488671541213989,0.6432960629463196,0.8460884690284729
d2p1-train-md3005-B-00213,train,md3005,B,1079,1080,-0.373485803604126,-152.43836212158203,0.26122933626174927,0.1026535628290491,26.27931208423657,0.27362003385939615,0.9460316896438599,0.6790004372596741,0.7709337472915649,0.7249670922756195,0.5950028896331787,0.7925145626068115
d2p1-train-md3005-B-00214,train,md3005,B,1082,1083,-0.43067944049835205,-170.36279678344727,0.22706228494644165,0.09195743049512223,23.54110220675129,0.5449223548330012,0.930522084236145,0.7235182523727417,0.7492471933364868,0.7363827228546143,0.6198158264160156,0.8356364369392395
d2p1-train-md3005-B-00215,train,md3005,B,1085,1086,-0.28872576355934143,-141.70651245117188,0.25173014402389526,0.08517870218676102,21.80574775981082,0.6710927900767447,0.9184165000915527,0.6686496138572693,0.7500258684158325,0.7093377411365509,0.5909242033958435,0.8272906541824341
d2p1-train-md3005-B-00216,train,md3005,B,1088,1089,-0.2927646040916443,-146.6973648071289,0.18019044399261475,0.08378925378215021,21.450048968230455,0.7641335051849774,0.9088460206985474,0.6430293321609497,0.6989041566848755,0.6709667444229126,0.556215226650238,0.816130518913269
d2p1-train-md3005-B-00217,train,md3005,B,1091,1092,-0.35264623165130615,-158.58357620239258,0.1953163743019104,0.08959962125049209,22.937503040125975,0.5694617938864409,0.9102087616920471,0.6906048059463501,0.7433883547782898,0.71699658036232,0.5856286883354187,0.8466591238975525
d2p1-train-md3005-B-00218,train,md3005,B,1095,1096,-0.22123706340789795,-103.03467559814453,0.18355846405029297,0.08873812602687194,22.716960262879216,0.7741584469906102,0.9010253548622131,0.678787887096405,0.746008038520813,0.712397962808609,0.5836712121963501,0.8448399305343628
d2p1-train-md3005-B-00219,train,md3005,B,1098,1099,-0.31110087037086487,-134.87200927734375,0.17397665977478027,0.081791074386727,20.938515043002113,0.7771300830088546,0.9167940616607666,0.6539965867996216,0.7430636286735535,0.6985301077365875,0.5829252004623413,0.8163236975669861
d2p1-train-md3005-B-00220,train,md3005,B,1101,1102,-0.29739707708358765,-138.79224395751953,0.20931166410446167,0.08369008894575397,21.424662770113017,0.6559981082187706,0.8964313268661499,0.6717760562896729,0.7252013683319092,0.698488712310791,0.5772870182991028,0.8371272087097168
d2p1-train-md3005-C-00000,train,md3005,C,2,3,-0.3853820264339447,-100.53561782836914,0.09626728296279907,0.4834292125923642,123.75787842364524,0.22119752655686026,0.9270191192626953,0.839633584022522,0.7994822859764099,0.8195579349994659,0.6823927164077759,0.8937703967094421
d2p1-train-md3005-C-00001,train,md3005,C,8,9,-0.5539197772741318,-148.27785110473633,0.19512969255447388,0.24059973593184367,61.59353239855198,0.26195536753203685,0.9599123001098633,0.8031899929046631,0.8483737707138062,0.8257818818092346,0.7173677682876587,0.9252070784568787
d2p1-train-md3005-C-00002,train,md3005,C,14,15,-0.4033702611923218,-104.63408279418945,0.18318122625350952,0.15843318273243573,40.55889477950355,0.032317747185684455,0.9413155913352966,0.7622337341308594,0.8129208087921143,0.7875772714614868,0.6776485443115234,0.8995004892349243
d2p1-train-md3005-C-00003,train,md3005,C,19,20,-0.25532281398773193,-76.89511108398438,0.22021186351776123,0.11133963781006154,28.502947279375753,0.1588934424008446,0.9399555325508118,0.7121490836143494,0.7662830352783203,0.7392160594463348,0.6142629384994507,0.8171483874320984
d2p1-train-md3005-C-00004,train,md3005,C,25,26,-0.38703083992004395,-136.5871353149414,0.13442462682724,0.14204621515930593,36.36383108078232,0.17098515281354681,0.9539713859558105,0.8453065156936646,0.8048105239868164,0.8250585198402405,0.6836998462677002,0.9223575592041016
d2p1-train-md3005-C-00005,train,md3005,C,30,31,-0.27327287197113037,-77.32689666748047,0.1544511914253235,0.12257258882368553,31.378582738863496,0.23577145146603723,0.9559297561645508,0.7791639566421509,0.7923051118850708,0.7857345342636108,0.6839789748191833,0.8749274015426636
d2p1-train-md3005-C-00006,train,md3005,C,36,37,-0.18658053874969482,-94.66744995117188,0.15084022283554077,0.16470119554644086,42.16350605988886,0.2539297638189967,0.9507455825805664,0.7699341773986816,0.7910425662994385,0.7804883718490601,0.6720837354660034,0.8915982842445374
d2p1-train-md3005-C-00007,train,md3005,C,42,43,-0.11606961488723755,-36.61018371582031,0.11393547058105469,0.16179843396950996,41.42039909619455,0.23720295671063957,0.9440574645996094,0.8218346238136292,0.823091447353363,0.8224630355834961,0.6425565481185913,0.9185831546783447
d2p1-train-md3005-C-00008,train,md3005,C,47,48,-0.08349645137786865,-36.21510314941406,0.13168776035308838,0.1667214088719575,42.68068067122112,0.10714216542078843,0.9435085654258728,0.7790881395339966,0.7987931966781616,0.7889406681060791,0.6553319096565247,0.8861801624298096
d2p1-train-md3005-C-00009,train,md3005,C,53,54,-0.2944510877132416,-115.59016418457031,0.12606143951416016,0.2028773824272344,51.93660990137201,0.13441904184150408,0.9594333171844482,0.8094830513000488,0.8094550967216492,0.809469074010849,0.6708055734634399,0.9175686836242676
d2p1-train-md3005-C-00010,train,md3005,C,58,59,-0.33814144134521484,-86.58810424804688,0.14282125234603882,0.20994842376722275,53.746796484409025,0.10979490118294491,0.9537875652313232,0.829965353012085,0.8085130453109741,0.8192391991615295,0.6935813426971436,0.9234427809715271
d2p1-train-md3005-C-00011,train,md3005,C,64,65,-0.17142963409423828,-60.02650451660156,0.1029043197631836,0.21503033681950828,55.04776622579412,0.1392387558553256,0.9450722932815552,0.8380141258239746,0.831484317779541,0.8347492218017578,0.6606703996658325,0.9099045991897583
d2p1-train-md3005-C-00012,train,md3005,C,70,71,-0.13634467124938965,-27.559860229492188,0.09199786186218262,0.22677642275766693,58.054764225962735,0.1537149594254052,0.9566748142242432,0.8038185834884644,0.803399920463562,0.8036092519760132,0.665063738822937,0.9040322303771973
d2p1-train-md3005-C-00013,train,md3005,C,75,76,-0.2982155978679657,-87.36433410644531,0.14954090118408203,0.21985484007716322,56.28283905975378,0.12768081789899557,0.9492263793945312,0.8061116933822632,0.7987006902694702,0.8024061918258667,0.6860418915748596,0.8987852931022644
d2p1-train-md3005-C-00014,train,md3005,C,81,82,-0.22279566526412964,-83.99200439453125,0.11396229267120361,0.24693391837829437,63.21508310484336,0.16084188863815427,0.9497281312942505,0.8008223176002502,0.7876217365264893,0.7942220270633698,0.6353625059127808,0.9188355207443237
d2p1-train-md3005-C-00015,train,md3005,C,86,87,-0.47126513719558716,-149.42672729492188,0.13417315483093262,0.2260760815040564,57.875476865038436,0.09882427391399973,0.9584947824478149,0.7783811092376709,0.7841585874557495,0.7812698483467102,0.6604505777359009,0.8807873129844666
d2p1-train-md3005-C-00016,train,md3005,C,92,93,-0.3955846428871155,-129.28265380859375,0.13098007440567017,0.24325139287036399,62.27235657481318,0.1839343766823418,0.9412542581558228,0.7808176875114441,0.7705078125,0.775662750005722,0.6805219054222107,0.8816679120063782
d2p1-train-md3005-C-00017,train,md3005,C,98,99,-0.3776029646396637,-149.17672729492188,0.16081887483596802,0.23212887960101428,59.424993177859655,0.19603470094671854,0.949426531791687,0.7800801992416382,0.7915000319480896,0.7857901155948639,0.6280579566955566,0.8989096879959106
d2p1-train-md3005-C-00018,train,md3005,C,103,104,-0.24752777814865112,-71.94583129882812,0.10272228717803955,0.20731076146857613,53.07155493595549,0.23419914487192495,0.9562647342681885,0.8065931797027588,0.8191328048706055,0.8128629922866821,0.6266481876373291,0.9142962694168091
d2p1-train-md3005-C-00019,train,md3005,C,109,110,-0.10528534650802612,-47.97343444824219,0.1189003586769104,0.16645832864513113,42.61333213315357,0.18372417461201923,0.943588376045227,0.7714279890060425,0.8123873472213745,0.7919076681137085,0.6484041213989258,0.8732327222824097
d2p1-train-md3005-C-00020,train,md3005,C,114,115,-0.3279188573360443,-120.75676727294922,0.13934403657913208,0.14996869862256182,38.391986847375826,0.2941153278690426,0.941388726234436,0.7833862900733948,0.8132784366607666,0.7983323633670807,0.6498816013336182,0.8964695334434509
d2p1-train-md3005-C-00021,train,md3005,C,120,121,-0.23894500732421875,-81.25180053710938,0.09606409072875977,0.14367068409327888,36.77969512787939,0.30172557597058436,0.9413624405860901,0.8072191476821899,0.7969076633453369,0.8020634055137634,0.6447939276695251,0.9122475981712341
d2p1-train-md3005-C-00022,train,md3005,C,126,127,-0.17387449741363525,-61.699432373046875,0.1644919514656067,0.15036517324378537,38.493484350409055,0.191622215183112,0.9496105909347534,0.8010295033454895,0.8158214092254639,0.8084254562854767,0.6528943777084351,0.907382071018219
d2p1-train-md3005-C-00023,train,md3005,C,131,132,-0.20060837268829346,-69.25689697265625,0.127724289894104,0.13385103824587027,34.26586579094279,0.2691777357272114,0.9485528469085693,0.796244740486145,0.8295241594314575,0.8128844499588013,0.6380994319915771,0.9066489338874817
d2p1-train-md3005-C-00024,train,md3005,C,137,138,-0.2313077449798584,-69.11610412597656,0.14866453409194946,0.14678346763137115,37.576567713631015,0.24887235208679895,0.9495190382003784,0.7910473942756653,0.7902635931968689,0.7906554937362671,0.663447380065918,0.8921343088150024
d2p1-train-md3005-C-00025,train,md3005,C,142,143,-0.22864675521850586,-59.22618103027344,0.11509877443313599,0.13995054878956947,35.827340490129785,0.2922164378351809,0.9561899304389954,0.8038808703422546,0.8050810098648071,0.8044809401035309,0.6632422208786011,0.8949368596076965
d2p1-train-md3005-C-00026,train,md3005,C,148,149,-0.36642977595329285,-124.54092407226562,0.18835926055908203,0.15294502067463142,39.153925292705644,0.14725972747260896,0.9494339823722839,0.7958453893661499,0.8118522763252258,0.8038488328456879,0.6521439552307129,0.8839251399040222
d2p1-train-md3005-C-00027,train,md3005,C,154,155,-0.33258727192878723,-108.64027404785156,0.12426429986953735,0.1886753826064116,48.30089794724137,0.1487995294911033,0.9420804977416992,0.821925699710846,0.8292513489723206,0.8255885243415833,0.6754012107849121,0.922301709651947
d2p1-train-md3005-C-00028,train,md3005,C,159,160,-0.3951643109321594,-120.36327362060547,0.14241927862167358,0.39806191519130224,101.90385028897337,0.6192420521700561,0.9373068809509277,0.7764033079147339,0.7660590410232544,0.7712311744689941,0.6303866505622864,0.8962233066558838
d2p1-train-md3005-C-00029,train,md3005,C,165,314,-0.067606121301651,-8.519424438476562,0.0378987193107605,0.07726636967317164,19.78019063633194,0.3941279095305466,0.9515469670295715,0.8391056060791016,0.860735297203064,0.8499204516410828,0.6843794584274292,0.9182191491127014
d2p1-train-md3005-C-00030,train,md3005,C,318,319,-0.17211312055587769,-45.56037902832031,0.08779287338256836,0.3936540180004237,100.77542860810847,0.014896492080957682,0.934208869934082,0.813301146030426,0.809364378452301,0.8113327622413635,0.640653133392334,0.8947013020515442
d2p1-train-md3005-C-00031,train,md3005,C,324,325,-0.03250473737716675,-9.881759643554688,0.04889559745788574,0.38549401863659394,98.68646877096805,0.06820552736386269,0.9251158237457275,0.8209695219993591,0.8267825841903687,0.8238760530948639,0.6402252316474915,0.9047105312347412
d2p1-train-md3005-C-00032,train,md3005,C,330,331,-0.2161870002746582,-94.63178253173828,0.03672385215759277,0.38963987221733265,99.74780728763716,0.0483517078818664,0.9256974458694458,0.8438146114349365,0.8529521226882935,0.848383367061615,0.6431798934936523,0.9398831129074097
d2p1-train-md3005-C-00033,train,md3005,C,335,336,-0.23081937432289124,13.611114501953125,0.09739583730697632,0.39280494526285825,100.55806598729171,0.1823813300807149,0.9331908226013184,0.853411078453064,0.8376772403717041,0.845544159412384,0.6309072971343994,0.9116803407669067
d2p1-train-md3005-C-00034,train,md3005,C,341,342,-0.4335278868675232,-33.13569641113281,0.14732283353805542,0.37644084178416004,96.36885549674497,0.12700279908121676,0.9381535053253174,0.8065776824951172,0.828238308429718,0.8174079954624176,0.649297297000885,0.9137232303619385
d2p1-train-md3005-C-00035,train,md3005,C,346,347,-0.564534455537796,-133.17415618896484,0.17643201351165771,0.09874277501368538,25.278150403503457,0.18268555371007333,0.9550552368164062,0.8504918813705444,0.8594452738761902,0.8549685776233673,0.6880526542663574,0.9356485605239868
d2p1-train-md3005-C-00036,train,md3005,C,352,353,-0.5573333203792572,-143.57869720458984,0.207627534866333,0.2530152698297893,64.77190907642606,0.41194833388293417,0.9614856243133545,0.8200529217720032,0.8531253337860107,0.836589127779007,0.6906599998474121,0.8976979851722717
d2p1-train-md3005-C-00037,train,md3005,C,358,359,-0.345762699842453,-119.0795669555664,0.14212650060653687,0.07855871110175755,20.111030042049933,0.5326818082622704,0.9531370401382446,0.7796961665153503,0.8523169755935669,0.8160065710544586,0.6959805488586426,0.9009084701538086
d2p1-train-md3005-C-00038,train,md3005,C,363,364,-0.3973217308521271,-85.51220703125,0.10088235139846802,0.05284667219993327,13.528748083182917,0.6185115502216965,0.9586423635482788,0.814767599105835,0.8509159088134766,0.8328417539596558,0.6799006462097168,0.9099062085151672
d2p1-train-md3005-C-00039,train,md3005,C,369,370,-0.16831812262535095,-58.997825622558594,-0.026488065719604492,0.3579271359576984,91.62934680517078,0.08031021595185919,0.9575585126876831,0.8570653200149536,0.8717558979988098,0.8644106090068817,0.7208929061889648,0.9387812614440918
d2p1-train-md3005-C-00040,train,md3005,C,374,375,-0.2505718767642975,-103.21040344238281,0.04342997074127197,0.1931401333202776,49.443874129991066,0.28893700391483934,0.948158860206604,0.8415578603744507,0.8277839422225952,0.834670901298523,0.7263206839561462,0.9380333423614502
d2p1-train-md3005-C-00041,train,md3005,C,386,387,-0.3113272488117218,-106.9082145690918,0.047756731510162354,0.23712988512836564,60.7052505928616,0.0573305757406428,0.965050220489502,0.8788066506385803,0.8731215000152588,0.8759640753269196,0.7659690380096436,0.9503766298294067
d2p1-train-md3005-C-00042,train,md3005,C,420,421,-0.1968059241771698,-71.62187194824219,-0.07328963279724121,0.3681894690943682,94.25650408815827,0.054994958396594455,0.9478404521942139,0.8779518604278564,0.8831925988197327,0.8805722296237946,0.6708378791809082,0.932117223739624
d2p1-train-md3005-C-00043,train,md3005,C,425,426,-0.09780097007751465,-39.25498962402344,-0.03312796354293823,0.4212711159637935,107.84540568673114,0.2405780317568358,0.9555084705352783,0.9061219692230225,0.8661375045776367,0.8861297369003296,0.6657302379608154,0.9469730257987976
d2p1-train-md3005-C-00044,train,md3005,C,431,432,-0.09941834211349487,-17.095443725585938,-0.05537772178649902,0.4514903230816964,115.58152270891428,0.19344460628986912,0.9486768245697021,0.9105584621429443,0.910077691078186,0.9103180766105652,0.6831183433532715,0.9591406583786011
d2p1-train-md3005-C-00045,train,md3005,C,436,437,-0.03325754404067993,4.629974365234375,-0.02644449472427368,0.4417142766594867,113.0788548248286,0.16850920824833623,0.9511222839355469,0.8889846801757812,0.8733258247375488,0.881155252456665,0.7083889245986938,0.9549720287322998
d2p1-train-md3005-C-00046,train,md3005,C,442,443,-0.15120458602905273,-53.28118896484375,-0.06838417053222656,0.45698036958399607,116.986974613503,0.21401869737097812,0.9346733093261719,0.8728067278862,0.875002920627594,0.873904824256897,0.6952372789382935,0.9542885422706604
d2p1-train-md3005-C-00047,train,md3005,C,448,449,-0.07855725288391113,-1.7902374267578125,-0.0641905665397644,0.4633369857778874,118.61426835913917,0.2548545999842222,0.9482724666595459,0.9230355024337769,0.9262409210205078,0.9246382117271423,0.7432061433792114,0.9686927795410156
d2p1-train-md3005-C-00048,train,md3005,C,453,454,-0.13642984628677368,-37.12553405761719,-0.017998814582824707,0.42635295413385305,109.14635625826638,0.09585805570340386,0.9593294262886047,0.9084473252296448,0.9015743136405945,0.9050108194351196,0.6864604949951172,0.9502767324447632
d2p1-train-md3005-C-00049,train,md3005,C,459,460,0.05694025754928589,43.666412353515625,-0.037120521068573,0.4006431991356384,102.56465897872343,0.13074595509442258,0.9593427181243896,0.8962517380714417,0.8843170404434204,0.890284389257431,0.6765760779380798,0.9587836861610413
d2p1-train-md3005-C-00050,train,md3005,C,464,465,0.009580552577972412,32.95924377441406,-0.04557830095291138,0.39589139698874654,101.34819762911911,0.22256562041722683,0.9526394605636597,0.8795293569564819,0.8718653321266174,0.8756973445415497,0.6763522624969482,0.9400192499160767
d2p1-train-md3005-C-00051,train,md3005,C,470,471,-0.09028339385986328,-5.5099639892578125,-0.06847506761550903,0.3734481678425121,95.6027309676831,0.12229991506247995,0.9390071034431458,0.8853811025619507,0.8652991056442261,0.8753401041030884,0.6268453001976013,0.9379010200500488
d2p1-train-md3005-C-00052,train,md3005,C,476,477,-0.2380608320236206,-84.59119415283203,-0.07461905479431152,0.3846795921978183,98.47797560264148,0.19780877110878398,0.9459177255630493,0.9091995358467102,0.9003680944442749,0.9047838151454926,0.6334341764450073,0.9456060528755188
d2p1-train-md3005-C-00053,train,md3005,C,481,482,-0.26340311765670776,-77.88833618164062,-0.02930140495300293,0.3784300219302511,96.87808561414428,0.3007846977758054,0.9528950452804565,0.8877648115158081,0.9041342735290527,0.8959495425224304,0.6402910947799683,0.9444413781166077
d2p1-train-md3005-C-00054,train,md3005,C,487,488,-0.07119989395141602,-25.047637939453125,-0.04867070913314819,0.3396060889701822,86.93915877636664,0.15660990451191187,0.9518715739250183,0.8927586674690247,0.9058457612991333,0.899302214384079,0.6628842949867249,0.9431809782981873
d2p1-train-md3005-C-00055,train,md3005,C,492,493,-0.2096179723739624,-38.87202453613281,0.07766830921173096,0.33231637026838085,85.0729907887055,0.16961434565017247,0.9322189688682556,0.8181282877922058,0.8097681403160095,0.8139482140541077,0.6388381719589233,0.8993126749992371
d2p1-train-md3005-C-00056,train,md3005,C,498,499,-0.12663167715072632,-37.58143615722656,0.06610560417175293,0.34892478256385473,89.32474433634681,0.24400169691228654,0.9449459314346313,0.8101896047592163,0.8181877136230469,0.8141886591911316,0.6165649890899658,0.9271349310874939
d2p1-train-md3005-C-00057,train,md3005,C,504,505,-0.1852690577507019,-79.33668518066406,0.040419042110443115,0.3387631041102844,86.7233546522328,0.11488245602638256,0.9248054027557373,0.8289582133293152,0.8110974431037903,0.8200278282165527,0.607002854347229,0.9017054438591003
d2p1-train-md3005-C-00058,train,md3005,C,509,510,-0.1047598123550415,-29.752410888671875,0.04160243272781372,0.3616160238768354,92.57370211246986,0.16784873322349192,0.9380426406860352,0.8338581323623657,0.8419781923294067,0.8379181623458862,0.6731469035148621,0.9202083349227905
d2p1-train-md3005-C-00059,train,md3005,C,515,516,-0.20108294486999512,-57.74848937988281,0.08328396081924438,0.36682237746547636,93.90652863116195,0.04068496530765533,0.9275298118591309,0.8103837966918945,0.8069893717765808,0.8086865842342377,0.6483547687530518,0.9052515625953674
d2p1-train-md3005-C-00060,train,md3005,C,520,521,-0.29048633575439453,-114.35155487060547,-0.015086531639099121,0.332973094400463,85.24111216651853,0.09897615847829681,0.9461765885353088,0.9046938419342041,0.8799745440483093,0.8923341929912567,0.753137469291687,0.9611491560935974
d2p1-train-md3005-C-00061,train,md3005,C,526,544,-0.10172474384307861,-13.09033203125,0.0037436485290527344,0.3121536144206296,79.91132529168118,0.02684639527923103,0.9557322263717651,0.851264476776123,0.8879275918006897,0.8695960342884064,0.7113709449768066,0.9605224132537842
d2p1-train-md3005-C-00062,train,md3005,C,580,581,-0.38535696268081665,-138.16627883911133,0.11863923072814941,0.32556969530470603,83.34584199800474,0.14193892167951477,0.9634652137756348,0.8704785704612732,0.8494070768356323,0.8599428236484528,0.69746994972229,0.9462679624557495
d2p1-train-md3005-C-00063,train,md3005,C,585,586,-0.37195485830307007,-149.0564842224121,0.10811400413513184,0.23894445072962642,61.16977938678436,0.1696696034574156,0.9602869153022766,0.8547402620315552,0.8451970815658569,0.849968671798706,0.6539792418479919,0.9312413334846497
d2p1-train-md3005-C-00064,train,md3005,C,591,592,-0.3323320746421814,-113.65966415405273,0.09602195024490356,0.3808166893613875,97.4890724765152,0.026939960108131062,0.9684596657752991,0.8333266973495483,0.8481615781784058,0.840744137763977,0.6975439190864563,0.9443647265434265
d2p1-train-md3005-C-00065,train,md3005,C,596,597,-0.37830081582069397,-124.20056915283203,0.1009017825126648,0.3383139299630894,86.60836607055089,0.14236786734287224,0.9471129179000854,0.8178099393844604,0.787909984588623,0.8028599619865417,0.6843692660331726,0.8951623439788818
d2p1-train-md3005-C-00066,train,md3005,C,602,603,-0.2680158019065857,-56.90586853027344,0.08985698223114014,0.3467522561202614,88.76857756678692,0.3144660012437166,0.9245511293411255,0.8304197192192078,0.8073917031288147,0.8189057111740112,0.6554582118988037,0.8506763577461243
d2p1-train-md3005-C-00067,train,md3005,C,608,609,-0.24555400013923645,-44.26808166503906,0.03573375940322876,0.3564033743690541,91.23926383847785,0.09359321195720544,0.963417649269104,0.8692982792854309,0.8596766591072083,0.8644874691963196,0.705885648727417,0.9492672085762024
d2p1-train-md3005-C-00068,train,md3005,C,673,674,-0.19714000821113586,-67.19471740722656,-0.051229894161224365,0.35017501285504377,89.6448032908912,0.0362326910251329,0.9367277026176453,0.795310378074646,0.8321875929832458,0.8137489855289459,0.6935350894927979,0.9004316926002502
d2p1-train-md3005-C-00069,train,md3005,C,679,680,-0.2039070725440979,-44.881614685058594,0.024631977081298828,0.3737039549065441,95.6682124560753,0.07069793735346203,0.9412187337875366,0.8416314125061035,0.854454755783081,0.8480430841445923,0.6584228277206421,0.9283697009086609
d2p1-train-md3005-C-00070,train,md3005,C,684,685,-0.07351171970367432,-13.378982543945312,-0.03734111785888672,0.36628950939823796,93.77011440594892,0.0652364127298244,0.9350266456604004,0.849740743637085,0.8402285575866699,0.8449846506118774,0.6434928774833679,0.8772990107536316
d2p1-train-md3005-C-00071,train,md3005,C,690,691,-0.39962199330329895,-101.38119506835938,0.0004241466522216797,0.3357990872876746,85.9645663456447,0.06920569755373787,0.9458029866218567,0.8317805528640747,0.8227426409721375,0.8272615969181061,0.6598979830741882,0.9248018264770508
d2p1-train-md3005-C-00072,train,md3005,C,696,697,-0.5560001730918884,-105.94298553466797,0.20935451984405518,0.3298140546956496,84.4323980020863,0.1700050647654275,0.9483648538589478,0.8208432793617249,0.8199717402458191,0.820407509803772,0.6379326581954956,0.9320232272148132
d2p1-train-md3005-C-00073,train,md3005,C,701,702,-0.49631285667419434,-151.87473678588867,0.2110578417778015,0.2905209586389641,74.37336541157481,0.26543621599182465,0.9530699253082275,0.7236946821212769,0.8235954642295837,0.7736450731754303,0.6468144655227661,0.8166320323944092
d2p1-train-md3005-C-00074,train,md3005,C,707,708,-0.613649845123291,-172.40084743499756,0.25377678871154785,0.22500150262332605,57.60038467157147,0.4672692429491142,0.9620579481124878,0.7447889447212219,0.8628983497619629,0.8038436472415924,0.6894866228103638,0.8439288139343262
d2p1-train-md3005-C-00075,train,md3005,C,712,713,-0.23189717531204224,-84.43536376953125,0.13974303007125854,0.28404303441836254,72.71501681110081,0.5122694815141615,0.950281023979187,0.7496969699859619,0.8102260828018188,0.7799615263938904,0.664158046245575,0.8368164300918579
d2p1-train-md3005-C-00076,train,md3005,C,718,719,-0.3659272789955139,-137.0537223815918,0.21612894535064697,0.22518661091010753,57.64777239298753,0.35983387136336287,0.9531620740890503,0.7347254157066345,0.807584822177887,0.7711551189422607,0.6690000295639038,0.8173841238021851
d2p1-train-md3005-C-00077,train,md3005,C,724,725,-0.4427042305469513,-136.8844871520996,0.2257583737373352,0.2628342559303479,67.28556951816907,0.38813975837596426,0.9434916973114014,0.7474406361579895,0.8424110412597656,0.7949258387088776,0.6716179847717285,0.8163243532180786
d2p1-train-md3005-C-00078,train,md3005,C,729,730,-0.35004615783691406,-114.24277877807617,0.11939913034439087,0.2603532939478477,66.650443250649,0.5431239056412445,0.9437310099601746,0.8017949461936951,0.861151397228241,0.831473171710968,0.7032187581062317,0.8703555464744568
d2p1-train-md3005-C-00079,train,md3005,C,735,736,-0.25358375906944275,-118.46509552001953,0.15653324127197266,0.2856174845931656,73.1180760558504,0.40606953722086414,0.9443966150283813,0.7729923725128174,0.842592716217041,0.8077925443649292,0.6947067975997925,0.869953989982605
d2p1-train-md3005-C-00080,train,md3005,C,740,741,-0.3436107039451599,-130.51862335205078,0.15104323625564575,0.2895248612356794,74.11836447633392,0.45600639654581276,0.9508243799209595,0.7905498147010803,0.8529186844825745,0.8217342495918274,0.7051687836647034,0.8676810264587402
d2p1-train-md3005-C-00081,train,md3005,C,746,747,-0.5354409143328667,-111.8035888671875,0.18819093704223633,0.4594130434397773,117.60973912058299,0.32660643295046754,0.9612393379211426,0.8099683523178101,0.901413083076477,0.8556907176971436,0.7276966571807861,0.9061213731765747
d2p1-train-md3005-C-00082,train,md3005,C,752,753,-0.19894427061080933,-42.10081481933594,0.03640246391296387,0.45319581941442744,116.01812977009342,0.10763650159307221,0.9636776447296143,0.8484814167022705,0.8547273874282837,0.8516044020652771,0.6523145437240601,0.927054226398468
d2p1-train-md3005-C-00083,train,md3005,C,757,758,-0.18375930190086365,-77.27722930908203,-8.940696716308594e-07,0.4295924512210236,109.97566751258204,0.10022538950016838,0.9524223804473877,0.8526244759559631,0.8490241169929504,0.8508242964744568,0.6944615840911865,0.9458871483802795
d2p1-train-md3005-C-00084,train,md3005,C,763,764,-0.10150659084320068,-40.09069061279297,-0.004697024822235107,0.42140395789976903,107.87941322234087,0.050312071010045145,0.9672508835792542,0.8752517700195312,0.87418532371521,0.8747185468673706,0.7459104061126709,0.9590052366256714
d2p1-train-md3005-C-00085,train,md3005,C,768,769,-0.18193155527114868,-64.38692474365234,-0.06632357835769653,0.38557099334040484,98.70617429514364,0.14933577539485424,0.9580620527267456,0.9117538928985596,0.915701150894165,0.9137275218963623,0.7379335761070251,0.9754002094268799
d2p1-train-md3005-C-00086,train,md3005,C,774,775,-0.016894519329071045,11.086776733398438,-0.03584599494934082,0.4235934416124923,108.43992105279803,0.08696288244505877,0.9467908143997192,0.8596923351287842,0.8642953634262085,0.8619938492774963,0.7391636967658997,0.9450501203536987
d2p1-train-md3005-C-00087,train,md3005,C,780,781,0.017446279525756836,13.572158813476562,-0.05544620752334595,0.43665316896264555,111.78321125443726,0.09019713461760946,0.9521007537841797,0.8820776343345642,0.8892982006072998,0.885687917470932,0.7426373958587646,0.9538407921791077
d2p1-train-md3005-C-00088,train,md3005,C,785,786,-0.09645169973373413,-19.58910369873047,-0.0576440691947937,0.46207551096752236,118.29133080768572,0.15117720777529592,0.9601649045944214,0.9213413596153259,0.9067120552062988,0.9140267074108124,0.7529305219650269,0.9708017706871033
d2p1-train-md3005-C-00089,train,md3005,C,791,792,-0.166143536567688,-46.90850830078125,-0.02807450294494629,0.4572122486028221,117.04633564232246,0.08305715342451203,0.9498154520988464,0.9058417081832886,0.886254072189331,0.8960478901863098,0.7166329622268677,0.9471413493156433
d2p1-train-md3005-C-00090,train,md3005,C,796,797,-0.13673895597457886,-57.36864471435547,-0.023497164249420166,0.4584402941276614,117.36071529668132,0.028522544270823222,0.9397234320640564,0.8675978183746338,0.8667804002761841,0.8671891093254089,0.69800865650177,0.9422066807746887
d2p1-train-md3005-C-00091,train,md3005,C,802,803,-0.09463417530059814,-26.84619140625,0.00839376449584961,0.4852634721759742,124.2274488770494,0.12911343913863274,0.963649570941925,0.8805391788482666,0.8881845474243164,0.8843618631362915,0.726258397102356,0.962186872959137
d2p1-train-md3005-C-00092,train,md3005,C,808,809,-0.22396039962768555,-94.55107879638672,0.034319162368774414,0.45167533953867645,115.62888692190117,0.1188633014997321,0.9556804895401001,0.8593604564666748,0.8637194633483887,0.8615399599075317,0.7185131907463074,0.9419037103652954
d2p1-train-md3005-C-00093,train,md3005,C,813,814,-0.09812140464782715,4.9267578125,0.07042312622070312,0.440838238311039,112.85458900762599,0.28629028337643614,0.9637469053268433,0.8356587290763855,0.8388532400131226,0.837255984544754,0.6750541925430298,0.9334741830825806
d2p1-train-md3005-C-00094,train,md3005,C,819,820,-0.3068312406539917,-31.55921173095703,0.1852940320968628,0.4062985336689196,104.01242461924342,0.36799029964600505,0.9571650624275208,0.7392739057540894,0.8434073328971863,0.7913406193256378,0.6434398889541626,0.8567044138908386
d2p1-train-md3005-C-00095,train,md3005,C,824,825,-0.36565542221069336,-55.32514953613281,0.18696773052215576,0.3836649690758192,98.21823208340972,0.23416552195644694,0.9447826743125916,0.7368564605712891,0.8460493087768555,0.7914528846740723,0.6417420506477356,0.8643901944160461
d2p1-train-md3005-C-00096,train,md3005,C,830,831,-0.24655887484550476,-46.48211669921875,0.15766805410385132,0.4089745292072379,104.69747947705291,0.2719340564365419,0.9584254026412964,0.8082291483879089,0.8410828113555908,0.8246559798717499,0.6841497421264648,0.9236581325531006
d2p1-train-md3005-C-00097,train,md3005,C,836,837,-0.43497389554977417,-74.74360656738281,0.18833380937576294,0.3697669519785905,94.66033970651917,0.27755928009435427,0.9552990198135376,0.8394372463226318,0.855819046497345,0.8476281464099884,0.6614438891410828,0.923696756362915
d2p1-train-md3005-C-00098,train,md3005,C,841,842,-0.4333517253398895,-125.7966079711914,0.17056667804718018,0.41119486623601403,105.26588575641959,0.442272863296339,0.9574981927871704,0.7746777534484863,0.8619593977928162,0.8183185756206512,0.6897814869880676,0.8784265518188477
d2p1-train-md3005-C-00099,train,md3005,C,847,848,-0.49844297766685486,-158.3643455505371,0.18959122896194458,0.38213247486623714,97.82591356575671,0.3111286203006413,0.9662732481956482,0.7325466871261597,0.89411860704422,0.8133326470851898,0.6570153832435608,0.8486387729644775
d2p1-train-md3005-C-00100,train,md3005,C,852,853,-0.29478132724761963,-58.580108642578125,0.14488136768341064,0.36772927244155174,94.13869374503724,0.15185101113296529,0.9511141777038574,0.8341562747955322,0.8494793176651001,0.8418177962303162,0.6797178387641907,0.9372880458831787
d2p1-train-md3005-C-00101,train,md3005,C,858,859,-0.08970135450363159,-9.409744262695312,0.037034451961517334,0.37703118185253603,96.51998255424922,0.20132978378280497,0.9513344764709473,0.8370451927185059,0.8638095259666443,0.8504273593425751,0.6440907120704651,0.9365935325622559
d2p1-train-md3005-C-00102,train,md3005,C,864,865,-0.2003176212310791,-27.25531005859375,0.05948907136917114,0.3758552020815133,96.2189317328674,0.23405964380784383,0.9441152215003967,0.8418805599212646,0.8617183566093445,0.8517994582653046,0.6819335222244263,0.9374582767486572
d2p1-train-md3005-C-00103,train,md3005,C,869,870,-0.29375725984573364,-43.87840270996094,0.07944047451019287,0.3788736872036013,96.99166392412194,0.23707975365323086,0.9459115266799927,0.8543594479560852,0.8867125511169434,0.8705359995365143,0.652522623538971,0.9264497756958008
d2p1-train-md3005-C-00104,train,md3005,C,875,876,-0.2623574733734131,-65.24142456054688,0.07312393188476562,0.390787438818013,100.04158433741132,0.25812133374978763,0.9559602737426758,0.7841442823410034,0.8705381155014038,0.8273411989212036,0.6816186904907227,0.9011619091033936
d2p1-train-md3005-C-00105,train,md3005,C,880,881,-0.2240799069404602,-15.133621215820312,0.041734278202056885,0.3992733106796566,102.21396753399209,0.3195501119516548,0.9576730728149414,0.8837379217147827,0.883330225944519,0.8835340738296509,0.6630247235298157,0.9444891214370728
d2p1-train-md3005-C-00106,train,md3005,C,886,887,-0.07779419422149658,17.644760131835938,0.02716076374053955,0.4177062786809389,106.93280734232036,0.28152229987630556,0.9573517441749573,0.8913815021514893,0.903450608253479,0.8974160552024841,0.6555163264274597,0.961914598941803
d2p1-train-md3005-C-00107,train,md3005,C,892,893,-0.42172887921333313,-79.9728775024414,0.19599968194961548,0.395370483424218,101.2148437565998,0.39466118809433837,0.9492371082305908,0.7351555824279785,0.7938085198402405,0.7644820511341095,0.6048920154571533,0.8468133211135864
d2p1-train-md3005-C-00108,train,md3005,C,897,898,-0.6679969429969788,-165.26621627807617,0.24354195594787598,0.12681012959131965,32.46339317537783,0.3909851193480875,0.95942223072052,0.7217040657997131,0.8325906991958618,0.7771473824977875,0.6612533330917358,0.8504205346107483
d2p1-train-md3005-C-00109,train,md3005,C,903,904,-0.5368136763572693,-132.1056900024414,0.21662139892578125,0.07137453199781635,18.271880191440985,0.2332521885819764,0.9531639814376831,0.6954611539840698,0.8057360649108887,0.7505986094474792,0.6143239736557007,0.8101308345794678
d2p1-train-md3005-C-00110,train,md3005,C,982,983,-0.46094322204589844,-116.85733795166016,0.13618743419647217,0.41249332021148305,105.59828997413966,0.22509174398331053,0.9355318546295166,0.783030092716217,0.7761422395706177,0.7795861661434174,0.6609873175621033,0.8765398263931274
d2p1-train-md3005-C-00111,train,md3005,C,988,989,-0.2882431149482727,-51.61066436767578,0.1017829179763794,0.4604380323599934,117.87213628415832,0.23599893961941326,0.9217202067375183,0.7972919940948486,0.7666854858398438,0.7819887399673462,0.6243335604667664,0.8724843859672546
d2p1-train-md3005-C-00112,train,md3005,C,994,995,-0.45426610112190247,-146.4420928955078,0.146037757396698,0.4083496989242818,104.53752292461614,0.009775942259949565,0.9237138628959656,0.7785320281982422,0.7593191862106323,0.7689256072044373,0.6160394549369812,0.8465823531150818
d2p1-train-md3005-C-00113,train,md3005,C,999,1000,-0.3094118535518646,-109.9406967163086,0.11260181665420532,0.38330326704820505,98.1256363643405,0.2386942526068971,0.9187324047088623,0.7740300297737122,0.7615083456039429,0.7677691876888275,0.6409376263618469,0.8708409667015076
d2p1-train-md3005-C-00114,train,md3005,C,1044,1045,-0.4223460257053375,-143.1844711303711,0.22086381912231445,0.14149228507911712,36.222024980253984,0.22834427305469202,0.9598947763442993,0.7220853567123413,0.8076214790344238,0.7648534178733826,0.6220959424972534,0.8251032829284668
d2p1-train-md3005-C-00115,train,md3005,C,1049,1050,-0.4357128441333771,-138.8114776611328,0.243574857711792,0.18449125675941327,47.2297617304098,0.3654060926729742,0.9523109197616577,0.737338662147522,0.7959902286529541,0.766664445400238,0.6217589378356934,0.842402994632721
d2p1-train-md3005-C-00116,train,md3005,C,1055,1056,-0.41313523054122925,-130.0832748413086,0.23213326930999756,0.1852108367959579,47.41397421976522,0.40402869297194305,0.9635295867919922,0.7495795488357544,0.8466425538063049,0.7981110513210297,0.6364908218383789,0.8561912775039673
d2p1-train-md3005-C-00117,train,md3005,C,1061,1062,-0.564106285572052,-177.48565292358398,0.26967930793762207,0.14571060656051943,37.301915279492974,0.45552898815419224,0.9487028121948242,0.7111214399337769,0.8091587424278259,0.7601400911808014,0.620284378528595,0.8497664928436279
d2p1-train-md3005-C-00118,train,md3005,C,1066,1067,-0.4205370843410492,-108.41600036621094,0.242897629737854,0.2586084274146522,66.20375741815096,0.3661278147938062,0.9493428468704224,0.7140082120895386,0.8232790231704712,0.7686436176300049,0.6384073495864868,0.8387651443481445
d2p1-train-md3005-C-00119,train,md3005,C,1072,1073,-0.7238926142454147,-201.88834381103516,0.34158968925476074,0.2134947985331753,54.654668424492876,0.4977539978941594,0.9567023515701294,0.6919374465942383,0.83712238073349,0.7645299136638641,0.5922256112098694,0.7983303666114807
d2p1-train-md3005-C-00120,train,md3005,C,1077,1078,-0.603085845708847,-153.17527770996094,0.31203001737594604,0.19521632429701186,49.975379020035035,0.5640402003814368,0.957878828048706,0.7641148567199707,0.8327698707580566,0.7984423637390137,0.6707023978233337,0.8635309934616089
d2p1-train-md3005-C-00121,train,md3005,C,1083,1084,-0.6537818685173988,-153.3827667236328,0.3455522656440735,0.1662648541135222,42.563802653061686,0.516920756807503,0.9682724475860596,0.7464941740036011,0.8608077764511108,0.803650975227356,0.6739455461502075,0.8403974771499634
d2p1-train-md3005-C-00122,train,md3005,C,1089,1090,-0.6705973073840141,-176.05510139465332,0.3825504779815674,0.13287748331017754,34.01663572740545,0.17257123529397975,0.9674997329711914,0.7573625445365906,0.88592129945755,0.8216419219970703,0.692535936832428,0.8497039079666138
d2p1-train-md3005-C-00123,train,md3005,C,1094,1095,-0.39196890592575073,-109.77862548828125,0.21783295273780823,0.08519244609560012,21.80926620047363,0.6835393593208046,0.9534025192260742,0.7430577278137207,0.8611692190170288,0.8021134734153748,0.6540955305099487,0.842183530330658
d2p1-train-md3005-C-00124,train,md3005,C,1100,1101,-0.3702707290649414,-89.30911254882812,0.21107280254364014,0.09366319796767494,23.977778679724786,0.8004161226273424,0.9529592394828796,0.7860739231109619,0.882022500038147,0.8340482115745544,0.6766211986541748,0.8807766437530518
d2p1-train-md3017-A-00000,train,md3017,A,22,23,-0.3790625035762787,-180.05249404907227,0.36384814977645874,0.27938908218134767,71.523605038425,0.4266235571099912,0.9253273010253906,0.6737620830535889,0.775937557220459,0.7248498201370239,0.5792624950408936,0.8224967122077942
d2p1-train-md3017-A-00001,train,md3017,A,66,67,-0.3975740671157837,-191.82862091064453,0.38347262144088745,0.013876763739923286,3.5524515174203612,0.2655472998239661,0.9494469165802002,0.5622118711471558,0.903992235660553,0.7331020534038544,0.5551648139953613,0.6905321478843689
d2p1-train-md3017-A-00002,train,md3017,A,111,112,-0.4432830512523651,-195.6884479522705,0.3006961941719055,0.007003495143920045,1.7928947568435316,0.20315540957766232,0.9505362510681152,0.5622567534446716,0.921683669090271,0.7419702112674713,0.5480754375457764,0.6937150359153748
d2p1-train-md3017-A-00003,train,md3017,A,165,166,-0.6009792685508728,-215.0034408569336,0.37365156412124634,0.033304886968238655,8.526051063869096,0.26106389036736405,0.9466145634651184,0.5924022793769836,0.9026451706886292,0.7475237250328064,0.5818706154823303,0.7275967001914978
d2p1-train-md3017-A-00004,train,md3017,A,209,210,-0.4079936444759369,-185.62123107910156,0.2658478617668152,0.1979369004039695,50.67184650341619,0.28887023103708,0.922747790813446,0.6034588813781738,0.690703809261322,0.6470813453197479,0.5181313753128052,0.7359649538993835
d2p1-train-md3017-A-00005,train,md3017,A,254,255,-0.4849317669868469,-188.78148460388184,0.3121922016143799,0.04118640188781661,10.543718883281052,0.4217858104513178,0.9546224474906921,0.6827361583709717,0.7432914972305298,0.7130138278007507,0.5704333186149597,0.7472930550575256
d2p1-train-md3017-A-00006,train,md3017,A,298,299,-0.5194513499736786,-193.8509750366211,0.34435105323791504,0.06346678776729132,16.24749766842658,0.26558082695138013,0.9449665546417236,0.5167554616928101,0.7003244757652283,0.6085399687290192,0.4859718084335327,0.617876410484314
d2p1-train-md3017-A-00007,train,md3017,A,343,344,-0.5108079016208649,-207.65033149719238,0.3438003659248352,0.1655904296055538,42.391149979021776,0.33152405816101055,0.9436627626419067,0.5970253348350525,0.8043219447135925,0.7006736397743225,0.5258393287658691,0.7320379018783569
d2p1-train-md3017-A-00008,train,md3017,A,387,388,-0.4070173501968384,-185.48463439941406,0.35190582275390625,0.09975396721774983,25.537015607743957,0.5140078642198829,0.9547103643417358,0.5649871826171875,0.8832793235778809,0.7241332530975342,0.4963562488555908,0.6734713315963745
d2p1-train-md3017-A-00009,train,md3017,A,431,432,-0.43360382318496704,-163.48792266845703,0.33430004119873047,0.23182565576441358,59.347367875689876,0.27157849345018736,0.9138681888580322,0.6549056172370911,0.6979477405548096,0.6764266788959503,0.5491653680801392,0.7895153164863586
d2p1-train-md3018-A-00000,train,md3018,A,102,103,-0.45426419377326965,-148.76631927490234,0.18950796127319336,0.33684667513780153,86.23274883527719,0.24281939165253846,0.9529310464859009,0.84393310546875,0.870880126953125,0.8574066162109375,0.7461820840835571,0.9274899363517761
d2p1-train-md3018-A-00001,train,md3018,A,308,309,-0.31509777903556824,-128.0263214111328,0.33607226610183716,0.04472976018385743,11.450818607067502,0.37107134569134215,0.9005721211433411,0.7060092687606812,0.8369420170783997,0.7714756429195404,0.6592059135437012,0.8031762838363647
d2p1-train-md3018-A-00002,train,md3018,A,513,514,-0.2902377247810364,-125.47829818725586,0.1467990279197693,0.13758882488844038,35.222739171440736,0.37204544193671385,0.9317514896392822,0.772065281867981,0.8217518329620361,0.7969085574150085,0.6681257486343384,0.8770186901092529
d2p1-train-md3018-A-00003,train,md3018,A,718,719,-0.2870118021965027,-119.0905532836914,0.23214244842529297,0.12177053055659522,31.173255822488375,0.4120402158687332,0.9318859577178955,0.7129679918289185,0.833223819732666,0.7730959057807922,0.6345653533935547,0.8396570682525635
d2p1-train-md3018-A-00004,train,md3018,A,929,930,-0.3719607889652252,-164.9007339477539,0.2648846507072449,0.17146034478720756,43.893848265525136,0.44113044997430484,0.9588940143585205,0.6804254055023193,0.7629479169845581,0.7216866612434387,0.5784851312637329,0.7783003449440002
d2p1-train-md3019-A-00000,train,md3019,A,45,46,-0.4389336407184601,-186.22663497924805,0.2877504825592041,0.10178994710360259,26.058226458522263,0.20552855502620526,0.9568673372268677,0.6294896602630615,0.8039873242378235,0.7167384922504425,0.5856882929801941,0.7376946210861206
d2p1-train-md3019-A-00001,train,md3019,A,137,138,-0.42088374495506287,-130.1369400024414,0.2712022662162781,0.05216066760117811,13.353130905901596,0.18743557899379573,0.9475184082984924,0.6176579594612122,0.771676242351532,0.6946671009063721,0.583877444267273,0.7221825122833252
d2p1-train-md3019-A-00002,train,md3019,A,228,229,-0.4693305492401123,-168.73895263671875,0.24255746603012085,0.4011795567624698,102.70196653119227,0.24414050171028268,0.9098249673843384,0.6821508407592773,0.7353538274765015,0.7087523341178894,0.5734940767288208,0.8198471069335938
d2p1-train-md3019-A-00003,train,md3019,A,319,320,-0.4596312940120697,-203.72308921813965,0.3378770351409912,0.0347728963049897,8.901861454077363,0.33615854455344885,0.9446408748626709,0.538384199142456,0.7367724180221558,0.6375783085823059,0.5298844575881958,0.6493249535560608
d2p1-train-md3019-A-00004,train,md3019,A,411,412,-0.539816290140152,-204.29061317443848,0.321108877658844,0.06344881791705448,16.242897386765947,0.3984096475148704,0.9520819187164307,0.5819880962371826,0.8594458103179932,0.7207169532775879,0.5611171722412109,0.7102270126342773
d2p1-train-md3019-A-00005,train,md3019,A,505,506,-0.4995294511318207,-207.96636962890625,0.336178183555603,0.3965278994383569,101.51114225621937,0.18489221982782408,0.9496422410011292,0.6519411206245422,0.8352876901626587,0.7436144053936005,0.6138810515403748,0.7678378224372864
d2p1-train-md3019-A-00006,train,md3019,A,596,597,-0.41315707564353943,-192.26279830932617,0.2872047424316406,0.06377150442149639,16.325505131903075,0.15158094251901733,0.9569952487945557,0.5829312801361084,0.7651351690292358,0.6740332245826721,0.5534279346466064,0.6836172342300415
d2p1-train-md3019-A-00007,train,md3019,A,693,694,-0.4858281910419464,-188.51351165771484,0.22749048471450806,0.03755058734806083,9.612950361103572,0.24581672726624093,0.9567350149154663,0.5961596369743347,0.6899944543838501,0.6430770456790924,0.5103297233581543,0.6977667212486267
d2p1-train-md3020-A-00000,train,md3020,A,10,11,-0.47844716906547546,-181.7581787109375,0.5174740552902222,0.23620388005774337,60.4681932947823,0.611081639257536,0.9227486848831177,0.6237112879753113,0.7015846967697144,0.6626479923725128,0.5211807489395142,0.7464100122451782
d2p1-train-md3020-A-00001,train,md3020,A,18,19,-0.42247217893600464,-178.63898468017578,0.5372438132762909,0.02778364354641389,7.112612747881956,0.34523602919052765,0.9512603282928467,0.5084136128425598,0.6816807389259338,0.5950471758842468,0.49357086420059204,0.6130420565605164
d2p1-train-md3020-A-00002,train,md3020,A,26,27,-0.4685974419116974,-194.28907012939453,0.5084988474845886,0.35583307436333367,91.09326703701342,0.6967553647867786,0.9550726413726807,0.5842774510383606,0.6555389165878296,0.6199081838130951,0.5023033618927002,0.6684703826904297
d2p1-train-md3020-A-00003,train,md3020,A,34,35,-0.5977957248687744,-172.35005950927734,0.5578685700893402,0.4356367818864747,111.52301616293752,0.5963323924272662,0.9469072818756104,0.638403058052063,0.8562164306640625,0.7473097443580627,0.5334658622741699,0.7475830912590027
d2p1-train-md3020-A-00004,train,md3020,A,43,44,-0.5391209125518799,-148.8597640991211,0.5147234201431274,0.29291844832356384,74.98712277083234,1.1300673548429465,0.8966023325920105,0.5667592287063599,0.6392155289649963,0.6029873788356781,0.4967896044254303,0.710735023021698
d2p1-train-md3020-A-00005,train,md3020,A,51,52,-0.6283940076828003,-185.47350311279297,0.5651853382587433,0.030254971148818165,7.74527261409745,0.2719232349498172,0.9584992527961731,0.5439833402633667,0.7379365563392639,0.6409599483013153,0.4995015859603882,0.6322332620620728
d2p1-train-md3020-A-00006,train,md3020,A,59,60,-0.4436202049255371,-14.342575073242188,0.4011499285697937,0.3308728625340718,84.70345280872237,0.6762358594896829,0.925258994102478,0.7486380934715271,0.813412606716156,0.7810253500938416,0.5448291301727295,0.8924567103385925
d2p1-train-md3020-A-00007,train,md3020,A,67,68,-0.739243745803833,-203.37101364135742,0.4582824409008026,0.11182637377905517,28.627551687438125,0.4958035748843167,0.9165723323822021,0.6393435001373291,0.7881327867507935,0.7137381434440613,0.5610511302947998,0.7760001420974731
d2p1-train-md3020-A-00008,train,md3020,A,76,77,-0.3735801577568054,-16.193191528320312,0.3838854134082794,0.4300546126367373,110.09398083500474,0.7241132777625776,0.9114713072776794,0.6804819107055664,0.7162545919418335,0.6983682513237,0.5198402404785156,0.8207727670669556
d2p1-train-md3020-A-00009,train,md3020,A,84,85,-0.7996176481246948,-211.88240432739258,0.5550826191902161,0.36695848381232515,93.94137185595524,0.24881011328984554,0.9517531991004944,0.6321098208427429,0.662184476852417,0.64714714884758,0.5043982267379761,0.6872429251670837
d2p1-train-md3020-A-00010,train,md3020,A,92,93,-0.8688371479511261,-220.41741561889648,0.6269016861915588,0.054935272583213846,14.063429781302744,0.4202336789383554,0.958628237247467,0.5651829242706299,0.6158736944198608,0.5905283093452454,0.48801398277282715,0.6363047957420349
d2p1-train-md3020-A-00011,train,md3020,A,100,101,-0.8323511704802513,-223.24328994750977,0.6049552261829376,0.04702738869107056,12.039011504914063,0.39463661756223667,0.958053469657898,0.6228622794151306,0.8933271169662476,0.7580946981906891,0.5329042673110962,0.7162383794784546
d2p1-train-md3020-A-00012,train,md3020,A,108,109,-0.8116456866264343,-219.2061538696289,0.5826069414615631,0.29953311844922076,76.68047832300051,0.07151888297825208,0.9337652921676636,0.582918643951416,0.6120085716247559,0.5974636077880859,0.5005602836608887,0.7082387208938599
d2p1-train-md3020-A-00013,train,md3020,A,117,118,-0.6737014949321747,-159.7781753540039,0.5676542222499847,0.03054988734318719,7.82077115985592,0.3038384361325024,0.9559965133666992,0.554794430732727,0.7605898380279541,0.6576921343803406,0.5051224827766418,0.6677389144897461
d2p1-train-md3020-A-00014,train,md3020,A,125,126,-0.8089215606451035,-189.9750747680664,0.609658420085907,0.03367119676073002,8.619826370746885,0.3992766719716764,0.953486979007721,0.575171709060669,0.7610106468200684,0.6680911779403687,0.5231801271438599,0.6862821578979492
d2p1-train-md3020-A-00015,train,md3020,A,133,134,-0.9000716656446457,-229.28137016296387,0.6555209755897522,0.3782599688548814,96.83455202684964,0.15100670204889657,0.9539892673492432,0.6623647212982178,0.8410622477531433,0.7517134845256805,0.5669439435005188,0.7934871912002563
d2p1-train-md3020-A-00016,train,md3020,A,141,142,-0.689012199640274,-172.19026947021484,0.5662177503108978,0.02191715704280299,5.610792202957565,0.24444581654494532,0.9563580751419067,0.6220476627349854,0.8349041938781738,0.7284759283065796,0.55096834897995,0.7480443120002747
d2p1-train-md3020-A-00017,train,md3020,A,150,151,-0.7056973874568939,-186.28550720214844,0.574743241071701,0.4672575683170297,119.6179374891596,0.8936149336516954,0.920992374420166,0.5967298746109009,0.6671879291534424,0.6319589018821716,0.5093653798103333,0.7272254228591919
d2p1-train-md3020-A-00018,train,md3020,A,158,159,-0.7835973352193832,-212.9856300354004,0.6004371047019958,0.33194366791974017,84.97757898745348,0.34076783944904354,0.9614075422286987,0.6097989082336426,0.6967023611068726,0.6532506346702576,0.5261801481246948,0.6917921304702759
d2p1-train-md3020-A-00019,train,md3020,A,188,189,-0.5086794197559357,-211.19586944580078,0.5292516648769379,0.014617582085340084,3.7421010138470616,0.1465451512894615,0.9550038576126099,0.5885003805160522,0.6541730165481567,0.6213366985321045,0.503924548625946,0.650492787361145
d2p1-train-md3020-A-00020,train,md3020,A,196,197,-0.5312334299087524,-199.787841796875,0.5083256363868713,0.008720013434695997,2.232323439282175,0.10378958982898016,0.9604845643043518,0.567202091217041,0.6703400611877441,0.6187710762023926,0.5195539593696594,0.6650999784469604
d2p1-train-md3020-A-00021,train,md3020,A,205,206,-0.7522280812263489,-203.7320213317871,0.5552239120006561,0.01445125088674797,3.6995202270074805,0.12639759237168596,0.9532802104949951,0.6237611174583435,0.6681565046310425,0.645958811044693,0.5405446290969849,0.7422499060630798
d2p1-train-md3020-A-00022,train,md3020,A,213,214,-0.5296349823474884,-142.75125122070312,0.44874319434165955,0.3199911066102968,81.91772329223598,0.479389957193403,0.9158397316932678,0.6798406839370728,0.6961893439292908,0.6880150139331818,0.5727455615997314,0.851245641708374
d2p1-train-md3020-A-00023,train,md3020,A,221,222,-0.7183935791254044,-214.95194625854492,0.4393039345741272,0.20897135998174196,53.49666815532594,0.16631211948133495,0.917297899723053,0.6533473134040833,0.7475606203079224,0.7004539668560028,0.5786213874816895,0.768803596496582
d2p1-train-md3020-A-00024,train,md3020,A,229,230,-0.5756559371948242,-178.5181884765625,0.4998742341995239,0.01088623960512421,2.786877338911798,0.10683204477813132,0.9251269102096558,0.5750471949577332,0.659164547920227,0.6171058714389801,0.5380608439445496,0.688879668712616
d2p1-train-md3020-A-00025,train,md3020,A,238,239,-0.5615162551403046,-199.09270095825195,0.39964619278907776,0.025949553338341973,6.643085654615545,0.20358818213657764,0.9239014387130737,0.6144189834594727,0.649667501449585,0.6320432424545288,0.5335205793380737,0.7764661908149719
d2p1-train-md3020-A-00026,train,md3020,A,246,247,-0.47831782698631287,-163.63751220703125,0.43553224205970764,0.015792602241382896,4.042906173794021,0.13411480414734106,0.9372535943984985,0.6216259002685547,0.7063729166984558,0.6639994084835052,0.5472182631492615,0.7134884595870972
d2p1-train-md3020-A-00027,train,md3020,A,254,255,-0.491001158952713,-160.56453704833984,0.45683252811431885,0.028215299629252996,7.223116705088767,0.24734560292469296,0.9316391348838806,0.6027892827987671,0.6531262397766113,0.6279577612876892,0.5760037302970886,0.7299108505249023
d2p1-train-md3020-A-00028,train,md3020,A,262,263,-0.49035879969596863,-183.6692008972168,0.30873170495033264,0.1782799900904194,45.639677463147365,0.44375150344193615,0.9354287385940552,0.6798373460769653,0.7115387916564941,0.6956880688667297,0.6169352531433105,0.8210716843605042
d2p1-train-md3020-A-00029,train,md3020,A,271,272,-0.6620391011238098,-185.306884765625,0.4824090301990509,0.3394156385182264,86.89040346066596,0.29666324314519454,0.9484887719154358,0.6310042142868042,0.6846609711647034,0.6578325927257538,0.552592396736145,0.7201744914054871
d2p1-train-md3020-A-00030,train,md3020,A,279,280,-0.8025715053081512,-214.34583282470703,0.5602860748767853,0.06653910774952525,17.034011583878463,0.32026014458056096,0.9491905570030212,0.6355376243591309,0.8279623985290527,0.7317500114440918,0.5469637513160706,0.699883222579956
d2p1-train-md3020-A-00031,train,md3020,A,287,288,-0.6565071940422058,-219.75760650634766,0.45445260405540466,0.08309704211577455,21.272842781638285,0.15155148236129212,0.9434101581573486,0.5096638798713684,0.6138296127319336,0.561746746301651,0.4458394944667816,0.6169638633728027
d2p1-train-md3020-A-00032,train,md3020,A,295,296,-0.6721256077289581,-170.89630889892578,0.560024619102478,0.021847982971292163,5.593083640650794,0.20905024119934143,0.9358512163162231,0.5936278104782104,0.6652185320854187,0.6294231712818146,0.4858453869819641,0.688995897769928
d2p1-train-md3020-A-00033,train,md3020,A,303,304,-0.6191465556621552,-121.50732421875,0.594099760055542,0.013130938568736142,3.3615202735964522,0.12862643395062517,0.9457834362983704,0.5297390222549438,0.6803625226020813,0.6050507724285126,0.48454976081848145,0.6402565240859985
d2p1-train-md3020-A-00034,train,md3020,A,312,313,-0.3903800845146179,-114.0013427734375,0.5346828103065491,0.012250468451059496,3.136119923471231,0.15090078579141114,0.9429597854614258,0.5417561531066895,0.6418501138687134,0.5918031334877014,0.49527132511138916,0.6566686630249023
d2p1-train-md3020-A-00035,train,md3020,A,320,321,-0.6568000316619873,-153.745361328125,0.6084656715393066,0.013765987015253452,3.5240926759048836,0.10604033755191018,0.9432923197746277,0.55103999376297,0.7126529216766357,0.6318464577198029,0.492962121963501,0.6714974641799927
d2p1-train-md3020-A-00036,train,md3020,A,328,329,-0.41590481996536255,-110.97334289550781,0.5916622430086136,0.007785019717816427,1.9929650477610052,0.13528716103059418,0.9421157240867615,0.5678108930587769,0.9027761816978455,0.7352935373783112,0.5329825282096863,0.7028383016586304
d2p1-train-md3020-A-00037,train,md3020,A,336,337,-0.5544913411140442,-161.65155029296875,0.6458725333213806,0.02397522968731113,6.137658799951649,0.22772362776449556,0.9468386769294739,0.5667548179626465,0.6908018589019775,0.628778338432312,0.48839306831359863,0.6708047389984131
d2p1-train-md3020-A-00038,train,md3020,A,345,346,-0.4911881387233734,-175.53468322753906,0.620288223028183,0.03490921128768008,8.9367580896461,0.23336193861990437,0.9466620683670044,0.52254319190979,0.6780267953872681,0.600284993648529,0.4749433994293213,0.6368091702461243
d2p1-train-md3020-A-00039,train,md3020,A,353,354,-0.4929136633872986,-168.7036895751953,0.6188956499099731,0.04911656638250297,12.57384099392076,0.3541938399821286,0.944464921951294,0.5556485056877136,0.6708722114562988,0.6132603585720062,0.4779233932495117,0.630312979221344
d2p1-train-md3020-A-00040,train,md3020,A,361,362,-0.6065480411052704,-199.5213737487793,0.6306392848491669,0.04304412542760484,11.01929610946684,0.31170931573165794,0.9488896131515503,0.5162049531936646,0.7686235904693604,0.6424142718315125,0.48239895701408386,0.6249641180038452
d2p1-train-md3020-A-00041,train,md3020,A,369,370,-0.21180540323257446,-113.48487854003906,0.5366356372833252,0.01152919612389006,2.9514742077158553,0.1858894319710458,0.9573960304260254,0.5460656881332397,0.8841360807418823,0.715100884437561,0.5098193883895874,0.6744271516799927
d2p1-train-md3020-A-00042,train,md3020,A,378,379,-0.2571231722831726,-100.88349914550781,0.5216391384601593,0.009525530479002176,2.438535802624557,0.21790656386650312,0.9038971066474915,0.5500001907348633,0.6867063045501709,0.6183532476425171,0.5191527605056763,0.6506251096725464
d2p1-train-md3020-A-00043,train,md3020,A,386,387,-0.4260774254798889,-143.24298095703125,0.5589753091335297,0.01671804074516615,4.279818430762535,0.2807415916642261,0.9457500576972961,0.6393398642539978,0.8732970356941223,0.7563184499740601,0.5254615545272827,0.744403064250946
d2p1-train-md3020-A-00044,train,md3020,A,394,395,-0.35625725984573364,-141.496826171875,0.5756387710571289,0.017122701675802935,4.383411629005551,0.2539657580706707,0.9232828617095947,0.5179854035377502,0.8949713110923767,0.7064783573150635,0.49812397360801697,0.6578324437141418
d2p1-train-md3020-A-00045,train,md3020,A,402,403,-0.3601056933403015,-166.1456756591797,0.5916450023651123,0.016584560678403713,4.245647533671351,0.24846812275921312,0.9382070302963257,0.5303374528884888,0.761410653591156,0.6458740532398224,0.5068914294242859,0.6496944427490234
d2p1-train-md3020-A-00046,train,md3020,A,411,412,-0.4286733865737915,-196.2528076171875,0.5299544036388397,0.014740800501218166,3.7736449283118505,0.35052546477016955,0.9228585958480835,0.6150956749916077,0.7221936583518982,0.6686446666717529,0.49415123462677,0.7047558426856995
d2p1-train-md3020-A-00047,train,md3020,A,419,420,-0.32668840885162354,-157.14965057373047,0.5787862241268158,0.01858630062299931,4.758092959487823,0.24933075483624756,0.9379273653030396,0.5705496668815613,0.759576141834259,0.6650629043579102,0.4991878867149353,0.6598461270332336
d2p1-train-md3020-A-00048,train,md3020,A,427,428,-0.28662437200546265,-133.59231567382812,0.5791298747062683,0.02153854865485933,5.513868455643989,0.2473292657881716,0.9294930696487427,0.525361180305481,0.7585880756378174,0.6419746279716492,0.4925861954689026,0.63527512550354
d2p1-train-md3020-A-00049,train,md3020,A,435,436,-0.3209027647972107,-152.94965362548828,0.5965564846992493,0.025790457855053118,6.602357210893598,0.25750745643321254,0.9198154211044312,0.5076407194137573,0.7188756465911865,0.6132581830024719,0.479128897190094,0.6243799924850464
d2p1-train-md3020-A-00050,train,md3020,A,443,444,-0.3111085891723633,-147.23160552978516,0.5911224782466888,0.01767803639683216,4.525577317589033,0.22015779634887891,0.922877311706543,0.5652369260787964,0.7131320834159851,0.6391845047473907,0.4964522421360016,0.6466509699821472
d2p1-train-md3020-A-00051,train,md3020,A,452,453,-0.3351787328720093,-148.24451446533203,0.4871286451816559,0.021966282857872103,5.6233684116152585,0.39094484580796685,0.9266932010650635,0.6202174425125122,0.7232346534729004,0.6717260479927063,0.5025036931037903,0.6673542857170105
d2p1-train-md3020-A-00052,train,md3020,A,460,461,-0.6916728317737579,-167.45891571044922,0.4788089394569397,0.3177807066730962,81.35186090831263,0.41542373958778744,0.9419094324111938,0.7187738418579102,0.8426488637924194,0.7807113528251648,0.530403733253479,0.8357312679290771
d2p1-train-md3020-A-00053,train,md3020,A,468,469,-0.32528990507125854,-89.01937866210938,0.3097793757915497,0.23987798509832822,61.408764185172025,0.7502324473661298,0.9274997711181641,0.7352559566497803,0.7367954254150391,0.7360256910324097,0.5459719896316528,0.865306556224823
d2p1-train-md3020-A-00054,train,md3020,A,513,514,-0.45267999172210693,-75.02476501464844,0.4068481922149658,0.401201563146642,102.70760016554036,0.48466347232998086,0.9354876279830933,0.6990044713020325,0.7433313131332397,0.7211678922176361,0.5199305415153503,0.7561395168304443
d2p1-train-md3020-A-00055,train,md3020,A,522,523,-0.40452778339385986,-179.24561309814453,0.5253424346446991,0.06195284061123439,15.859927196476004,0.3579876217960887,0.9467592835426331,0.5142167806625366,0.7854217290878296,0.6498192548751831,0.496507853269577,0.6496983766555786
d2p1-train-md3020-A-00056,train,md3020,A,530,531,-0.3604639172554016,-176.75296783447266,0.5506760776042938,0.031232147242706104,7.9954296941327625,0.34327620623718247,0.9578582048416138,0.5707798004150391,0.8055822849273682,0.6881810426712036,0.5173857808113098,0.7090400457382202
d2p1-train-md3020-A-00057,train,md3020,A,538,539,-0.5025365650653839,-175.00980377197266,0.5823055505752563,0.026551876059757843,6.797280271298008,0.33787870741768605,0.941859781742096,0.6467475891113281,0.8260089755058289,0.7363782823085785,0.5392971038818359,0.7735641598701477
d2p1-train-md3020-A-00058,train,md3020,A,546,547,-0.6979328393936157,-209.81222915649414,0.4706340432167053,0.17633346782487747,45.14136776316863,0.16811056204009822,0.9150828123092651,0.6845937371253967,0.7672891616821289,0.7259414494037628,0.5853631496429443,0.8034129738807678
d2p1-train-md3026-A-00000,train,md3026,A,1,2,-0.7409958243370056,-101.985107421875,0.5678654089570045,0.010759336380799695,2.754390113484722,0.1364087417053668,0.9446843266487122,0.6605056524276733,0.9159497618675232,0.7882277071475983,0.5998103618621826,0.7772931456565857
d2p1-train-md3026-A-00001,train,md3026,A,4,5,-0.7736196219921112,-94.28923034667969,0.5701399147510529,0.009321159200871273,2.386216755423046,0.07779174216291299,0.9452483654022217,0.6220214366912842,0.7917559146881104,0.7068886756896973,0.5553776025772095,0.701116681098938
d2p1-train-md3026-A-00002,train,md3026,A,7,8,-0.6483087241649628,-73.58476257324219,0.5327328890562057,0.01611369145732954,4.125105013076363,0.09758600714331969,0.9512528777122498,0.6218135356903076,0.7933485507965088,0.7075810432434082,0.5573710799217224,0.6852718591690063
d2p1-train-md3026-A-00003,train,md3026,A,10,11,-0.6062174737453461,-53.98561096191406,0.47941139340400696,0.007321740066583405,1.8743654570453516,0.014575466953912514,0.9502171277999878,0.6246981024742126,0.7717623710632324,0.6982302367687225,0.5625523328781128,0.6955516934394836
d2p1-train-md3026-A-00004,train,md3026,A,13,14,-0.8059466779232025,-91.16532897949219,0.5525407791137695,0.007344411319413977,1.8801692977699782,0.07277022768146184,0.941263735294342,0.6092230677604675,0.8435485363006592,0.7263858020305634,0.571026086807251,0.7261162996292114
d2p1-train-md3026-A-00005,train,md3026,A,17,18,-0.9091946817934513,-199.2949981689453,0.6412909626960754,0.01573122216322567,4.027192873785771,0.16805199622814077,0.9194536209106445,0.6305204629898071,0.8232253789901733,0.7268729209899902,0.5729135274887085,0.7373989224433899
d2p1-train-md3026-A-00006,train,md3026,A,20,21,-0.887103796005249,-183.12017822265625,0.6679888814687729,0.03469584198995585,8.882135549428698,0.3978653360430916,0.9358964562416077,0.6066281199455261,0.7800130844116211,0.6933206021785736,0.5368682146072388,0.6917228102684021
d2p1-train-md3026-A-00007,train,md3026,A,23,24,-0.9283497259020805,-228.80252265930176,0.7141832262277603,0.013953272277208238,3.572037702965309,0.20942983555040967,0.9223926067352295,0.6047744750976562,0.7335002422332764,0.6691373586654663,0.5518708825111389,0.7125585079193115
d2p1-train-md3026-A-00008,train,md3026,A,26,27,-0.8673865497112274,-159.66705322265625,0.6786648482084274,0.017467665229583502,4.4717222987733765,0.15218998892153374,0.9401564598083496,0.5782243013381958,0.7032474279403687,0.6407358646392822,0.5252372026443481,0.6852652430534363
d2p1-train-md3026-A-00009,train,md3026,A,29,30,-0.8703348487615585,-151.60692596435547,0.678230494260788,0.02494601442277838,6.3861796922312655,0.2590327295306448,0.9401482343673706,0.5873287320137024,0.6864825487136841,0.6369056403636932,0.5422282218933105,0.6948345899581909
d2p1-train-md3026-A-00010,train,md3026,A,32,33,-0.8611944392323494,-143.51227569580078,0.7147641479969025,0.024858334469250946,6.363733624128242,0.2734401426986489,0.9578793048858643,0.6000077724456787,0.6655555963516235,0.6327816843986511,0.5481546521186829,0.6749841570854187
d2p1-train-md3026-A-00011,train,md3026,A,35,36,-0.8823705017566681,-176.96864318847656,0.6994475871324539,0.03440074297224002,8.806590200893446,0.3101925698932496,0.9503224492073059,0.5945252180099487,0.7300525903701782,0.6622889041900635,0.5600425004959106,0.6906382441520691
d2p1-train-md3026-A-00012,train,md3026,A,38,39,-0.7828931510448456,-110.70939636230469,0.6384762972593307,0.0224706442958351,5.752484939733786,0.2969418676928872,0.938607931137085,0.6025428771972656,0.6825159788131714,0.6425294280052185,0.5540406703948975,0.6969175934791565
d2p1-train-md3026-A-00013,train,md3026,A,41,42,-0.879986546933651,-152.62944793701172,0.6790971010923386,0.03016356199655215,7.72187187111735,0.34025493341336044,0.9471213221549988,0.5754157900810242,0.7102029919624329,0.6428093910217285,0.5320396423339844,0.6718155741691589
d2p1-train-md3026-A-00014,train,md3026,A,45,46,-0.9376103803515434,-238.17758560180664,0.7058189958333969,0.06248494260833257,15.996145307733139,0.4566324994967066,0.9563874006271362,0.5714328289031982,0.6814810633659363,0.6264569461345673,0.5333802103996277,0.6666877269744873
d2p1-train-md3026-A-00015,train,md3026,A,48,49,-0.8951992243528366,-169.93709564208984,0.6857966929674149,0.05932301769063232,15.186692528801874,0.4189104514929848,0.9551759958267212,0.5692272186279297,0.6949518918991089,0.6320895552635193,0.5506779551506042,0.6711809635162354
d2p1-train-md3026-A-00016,train,md3026,A,51,52,-0.8853758946061134,-161.33061981201172,0.6671388000249863,0.05542549754953847,14.188927372681848,0.36628956907405175,0.949526309967041,0.5920333862304688,0.6970601081848145,0.6445467472076416,0.551105260848999,0.6892867684364319
d2p1-train-md3026-A-00017,train,md3026,A,54,55,-0.7746048122644424,-110.8021240234375,0.6586503088474274,0.027070188125666937,6.929968160170736,0.18494929176056585,0.9512466788291931,0.6536009311676025,0.9583137035369873,0.8059573173522949,0.6200563907623291,0.7262357473373413
d2p1-train-md3026-A-00018,train,md3026,A,57,58,-0.8494913950562477,-137.57106018066406,0.6653395593166351,0.025056841031445176,6.414551304049965,0.19065513357281194,0.9477948546409607,0.629662275314331,0.9168534874916077,0.7732578814029694,0.5951064825057983,0.7384743690490723
d2p1-train-md3026-A-00019,train,md3026,A,60,61,-0.8731762245297432,-128.68801879882812,0.6723171174526215,0.03600015001287708,9.216038403296533,0.2672664934139552,0.9475125670433044,0.6112900972366333,0.7076488733291626,0.659469485282898,0.5674905776977539,0.708184540271759
d2p1-train-md3026-A-00020,train,md3026,A,63,64,-0.8350077718496323,-125.7667236328125,0.6878849864006042,0.03516226283574985,9.001539285951962,0.2186418066993152,0.9500093460083008,0.6251175999641418,0.9261170029640198,0.7756173014640808,0.5874097347259521,0.7695631980895996
d2p1-train-md3026-A-00021,train,md3026,A,66,67,-0.6557655334472656,-90.46490478515625,0.5949059575796127,0.02216979649004238,5.675467901450849,0.22653182127169913,0.9529845714569092,0.6918877363204956,0.9243985414505005,0.808143138885498,0.6425310373306274,0.7989407777786255
d2p1-train-md3026-A-00022,train,md3026,A,69,70,-0.8048510104417801,-95.37098693847656,0.6301995143294334,0.030625076534202426,7.840019592755821,0.4682711817065527,0.9510732889175415,0.6782623529434204,0.9125989675521851,0.7954306602478027,0.6314892768859863,0.802807629108429
d2p1-train-md3026-A-00023,train,md3026,A,73,74,-0.8868532702326775,-160.30806732177734,0.6503315642476082,0.026416890982582736,6.76272409154118,0.44229997810987065,0.9503209590911865,0.6230250597000122,0.747441291809082,0.6852331757545471,0.5734182596206665,0.7325800657272339
d2p1-train-md3026-A-00024,train,md3026,A,76,96,-0.38309746980667114,-49.25755310058594,0.3328523635864258,0.4316151236218769,110.49347164720048,1.001119066814763,0.9139633178710938,0.7106277942657471,0.7991729974746704,0.7549003958702087,0.5867009162902832,0.8156017661094666
d2p1-train-md3026-A-00025,train,md3026,A,98,99,-0.7906719744205475,-80.56423950195312,0.6189005002379417,0.035590474090750314,9.11116136723208,0.13419187055372025,0.9536215662956238,0.7180917263031006,0.8963197469711304,0.8072057366371155,0.6617632508277893,0.8536732196807861
d2p1-train-md3026-A-00026,train,md3026,A,101,102,-0.798290804028511,-70.50210571289062,0.6245048940181732,0.03971058782614292,10.165910483492587,0.17802619339560288,0.9528881311416626,0.6869129538536072,0.9571574926376343,0.8220352232456207,0.6667375564575195,0.8117244243621826
d2p1-train-md3026-A-00027,train,md3026,A,104,105,-0.9342359304428101,-113.03314208984375,0.7113605439662933,0.053886872542641934,13.795039370916335,0.2552329333761028,0.9474114179611206,0.7244281768798828,0.8980851173400879,0.8112566471099854,0.6497812867164612,0.8457173705101013
d2p1-train-md3026-A-00028,train,md3026,A,107,108,-0.9534467272460461,-173.25090789794922,0.7372420877218246,0.0743857179382756,19.042743792198554,0.422271619848545,0.943808376789093,0.6413874626159668,0.8886355757713318,0.7650115191936493,0.5846669673919678,0.7952655553817749
d2p1-train-md3026-A-00029,train,md3026,A,110,111,-0.9368522316217422,-134.3439178466797,0.7333359718322754,0.067658110474389,17.320476281443582,0.3921624216358637,0.956300675868988,0.7762125730514526,0.9321317672729492,0.8541721701622009,0.7382093071937561,0.885380744934082
d2p1-train-md3026-A-00030,train,md3026,A,113,114,-0.892913706600666,-151.4499282836914,0.672079049050808,0.07477263744886652,19.141795186909828,0.41420246384763926,0.9569177031517029,0.69713294506073,0.9151862859725952,0.8061596155166626,0.6420803070068359,0.833298921585083
d2p1-train-md3026-A-00031,train,md3026,A,116,117,-0.8745327964425087,-100.19865417480469,0.6672376319766045,0.06273606276630408,16.060432068173846,0.3501789247512107,0.9526610970497131,0.6492785215377808,0.944118857383728,0.7966986894607544,0.6092056035995483,0.7834245562553406
d2p1-train-md3026-A-00032,train,md3026,A,120,121,-0.86368378251791,-143.5767593383789,0.6095354333519936,0.45740706215968957,117.09620791288053,0.8748053824781288,0.9344475269317627,0.7182479500770569,0.8727580308914185,0.7955029904842377,0.5840580463409424,0.8438229560852051
d2p1-train-md3026-A-00033,train,md3026,A,123,124,-0.7031229138374329,-151.4798126220703,0.5256733223795891,0.43305051942123735,110.86093297183676,1.0346032766068842,0.934372067451477,0.6866058111190796,0.8628522157669067,0.7747290134429932,0.575749933719635,0.8341988921165466
d2p1-train-md3026-A-00034,train,md3026,A,126,127,-0.6354536414146423,-89.46621704101562,0.550321415066719,0.41508698080268597,106.26226708548761,0.9204691279866153,0.9321848154067993,0.6761967539787292,0.868282675743103,0.7722397148609161,0.5733709335327148,0.8205488324165344
d2p1-train-md3026-A-00035,train,md3026,A,129,130,-0.7291430532932281,-142.0894317626953,0.6054731905460358,0.39243134616481834,100.4624246181935,0.7712153503564864,0.940500020980835,0.6903890371322632,0.8756479024887085,0.7830184698104858,0.5859029293060303,0.8239527344703674
d2p1-train-md3026-A-00036,train,md3026,A,132,133,-0.6427903175354004,-48.49458312988281,0.5772800669074059,0.03716160471562479,9.513370807199946,0.23296783986929545,0.9485253095626831,0.6953850388526917,0.897741436958313,0.7965632379055023,0.6139329671859741,0.8292818665504456
d2p1-train-md3026-A-00037,train,md3026,A,135,136,-0.8588725104928017,-82.73542785644531,0.625224657356739,0.07182035077135043,18.38600979746571,0.39213627338348384,0.9472845792770386,0.699375331401825,0.9441860914230347,0.8217807114124298,0.6409673094749451,0.8258510828018188
d2p1-train-md3026-A-00038,train,md3026,A,138,139,-0.9395850487053394,-129.56381225585938,0.7207799404859543,0.0711099261667372,18.204141098684723,0.5313645953029924,0.9499608278274536,0.6706908345222473,0.9654335975646973,0.8180622160434723,0.6458824276924133,0.8003566861152649
d2p1-train-md3026-A-00039,train,md3026,A,141,161,-0.9209923818707466,-166.7738800048828,0.6393194943666458,0.4141034137180108,106.01047391181076,0.30515547363632595,0.9250133633613586,0.7831311225891113,0.87176913022995,0.8274501264095306,0.7079229354858398,0.8828102946281433
d2p1-train-md3026-A-00040,train,md3026,A,163,164,-0.8745239600539207,-85.06986999511719,0.6344578564167023,0.043904281525444865,11.239496070513885,0.2818951969832001,0.9430813193321228,0.6815294623374939,0.9176870584487915,0.7996082603931427,0.6646934747695923,0.7923563718795776
d2p1-train-md3026-A-00041,train,md3026,A,167,168,-0.7760189473628998,-97.02207946777344,0.6078632920980453,0.03954415445007924,10.123303539220286,0.18773046429696996,0.9438725709915161,0.7677038908004761,0.914513885974884,0.84110888838768,0.7347850799560547,0.8441898822784424
d2p1-train-md3026-A-00042,train,md3026,A,170,171,-0.67337566614151,-37.749969482421875,0.5677366480231285,0.04155457415204868,10.637970982924463,0.24082214313209,0.9421765208244324,0.6695737242698669,0.9247746467590332,0.7971741855144501,0.6441856026649475,0.7639104723930359
d2p1-train-md3026-A-00043,train,md3026,A,173,174,-0.6301614046096802,-39.79008483886719,0.5753668695688248,0.037648142008428226,9.637924354157626,0.2013145152862299,0.9417606592178345,0.681125283241272,0.9559768438339233,0.8185510635375977,0.6530377864837646,0.766571581363678
d2p1-train-md3026-A-00044,train,md3026,A,176,177,-0.5606119930744171,-51.055267333984375,0.5075405538082123,0.03230711387544318,8.270621152113454,0.17750139443124904,0.9457457661628723,0.7852789163589478,0.9582980871200562,0.871788501739502,0.749993622303009,0.8486558198928833
d2p1-train-md3026-A-00045,train,md3026,A,179,180,-0.5298627316951752,-29.096923828125,0.5051847323775291,0.01698774757892616,4.348863380205097,0.08950142767691636,0.9461767673492432,0.7465998530387878,0.9595741033554077,0.8530869781970978,0.706151008605957,0.8471239805221558
d2p1-train-md3026-A-00046,train,md3026,A,182,183,-0.6756975054740906,-67.05375671386719,0.5821012258529663,0.029285409247894863,7.497064767461085,0.13253529601002587,0.9489063620567322,0.7467249631881714,0.881507933139801,0.8141164481639862,0.6462907791137695,0.8332825899124146
d2p1-train-md3026-A-00047,train,md3026,A,185,186,-0.7243435084819794,-175.86264038085938,0.5992000699043274,0.03653125331922048,9.352000849720444,0.1741628552731386,0.9389132261276245,0.7307536602020264,0.7890746593475342,0.7599141597747803,0.6108667850494385,0.8160976767539978
d2p1-train-md3026-A-00048,train,md3026,A,188,189,-0.7864561229944229,-190.95148468017578,0.6271304041147232,0.03247785645416914,8.3143312522673,0.0926823785291349,0.9404324293136597,0.7428845763206482,0.8123016953468323,0.7775931358337402,0.6247365474700928,0.8117548227310181
d2p1-train-md3026-A-00049,train,md3026,A,191,192,-0.7506506443023682,-158.46459197998047,0.6355656981468201,0.029649163011780916,7.590185731015914,0.2311450319301121,0.9362342357635498,0.7304948568344116,0.8558881282806396,0.7931914925575256,0.6037344336509705,0.8110852241516113
d2p1-train-md3026-A-00050,train,md3026,A,195,196,-0.7975579649209976,-178.51453399658203,0.654387004673481,0.03560355889220925,9.114511076405568,0.22038815822029223,0.9472366571426392,0.7255656123161316,0.8452380895614624,0.785401850938797,0.6146201491355896,0.8164387941360474
d2p1-train-md3026-A-00051,train,md3026,A,198,199,-0.7995629906654358,-147.42064666748047,0.6422550082206726,0.4399309888657825,112.62233314964033,0.8673358127471018,0.9344033002853394,0.711060643196106,0.8494468927383423,0.7802537679672241,0.615683913230896,0.8081738948822021
d2p1-train-md3026-A-00052,train,md3026,A,201,237,-0.9022018127143383,-229.92724990844727,0.6257172226905823,0.32537090680798175,83.29495214284333,0.7913450889221346,0.9427284002304077,0.6950775980949402,0.8585019111633301,0.7767897546291351,0.6242271661758423,0.8140016198158264
d2p1-train-md3026-A-00053,train,md3026,A,239,240,-0.7038455307483673,-94.76185607910156,0.5852670148015022,0.024825829352573648,6.355412314258854,0.15016030885102535,0.9402705430984497,0.6999584436416626,0.9536905288696289,0.8268244862556458,0.6754581332206726,0.8320569396018982
d2p1-train-md3026-A-00054,train,md3026,A,242,243,-0.6640360355377197,-63.67704772949219,0.6006576418876648,0.017001862948534563,4.352476914824848,0.15016212215787855,0.9354085326194763,0.6595479249954224,0.8182186484336853,0.7388832867145538,0.6150041818618774,0.7368592023849487
d2p1-train-md3026-A-00055,train,md3026,A,245,246,-0.7074785828590393,-42.405120849609375,0.5263313129544258,0.016757455242301947,4.289908542029298,0.13894268373907215,0.9417126178741455,0.7386630773544312,0.9116910099983215,0.8251770436763763,0.6771866083145142,0.8408955335617065
d2p1-train-md3026-A-00056,train,md3026,A,248,249,-0.8175988793373108,-95.31413269042969,0.5996828004717827,0.027367456392269184,7.006068836420911,0.163507498702487,0.9407509565353394,0.7353755235671997,0.930405855178833,0.8328906893730164,0.6679157614707947,0.8291822075843811
d2p1-train-md3026-A-00057,train,md3026,A,251,252,-0.5768263638019562,-26.993988037109375,0.532549187541008,0.0287932732504056,7.371077952103834,0.20413327671401582,0.9408226013183594,0.7238143682479858,0.9489691257476807,0.8363917469978333,0.6943066120147705,0.8344649076461792
d2p1-train-md3026-A-00058,train,md3026,A,254,255,-0.5418232679367065,-26.190643310546875,0.5502090603113174,0.030507447537605804,7.809906569627086,0.199199620014908,0.9542583227157593,0.6469876170158386,0.9454283714294434,0.796207994222641,0.6097081899642944,0.7914320826530457
d2p1-train-md3026-A-00059,train,md3026,A,258,259,-0.6252456605434418,-29.59759521484375,0.5651957392692566,0.04146136051046284,10.614108290678487,0.24683991920560314,0.9496192336082458,0.65398108959198,0.9428902864456177,0.7984356880187988,0.6185238361358643,0.7901455760002136
d2p1-train-md3026-A-00060,train,md3026,A,261,262,-0.635477751493454,-23.652236938476562,0.5530329272150993,0.047747893910629814,12.223460841121232,0.33396611737205806,0.9520590305328369,0.7346053123474121,0.9524222612380981,0.8435137867927551,0.7016876339912415,0.8455699682235718
d2p1-train-md3026-A-00061,train,md3026,A,264,265,-0.7367128729820251,-37.861297607421875,0.6034751683473587,0.05263718181323384,13.475118544187863,0.362469682476438,0.954531729221344,0.7206413745880127,0.9482845664024353,0.834462970495224,0.6827201843261719,0.8256135582923889
d2p1-train-md3026-A-00062,train,md3026,A,267,268,-0.8157550394535065,-48.63751220703125,0.6266332343220711,0.043239005774648356,11.06918547830998,0.408985594600467,0.9486192464828491,0.7261621356010437,0.9531606435775757,0.8396613895893097,0.6829041242599487,0.8270617127418518
d2p1-train-md3026-A-00063,train,md3026,A,270,271,-0.8956282511353493,-106.50286865234375,0.6806151941418648,0.04803239755462571,12.296293773984182,0.40062540516692424,0.9462474584579468,0.7298296093940735,0.8703291416168213,0.8000793755054474,0.6410769820213318,0.8455331325531006
d2p1-train-md3026-A-00064,train,md3026,A,273,274,-0.8047638088464737,-64.56871032714844,0.6238455697894096,0.04328732814392811,11.081556004845597,0.3755806766757987,0.9464784860610962,0.7921277284622192,0.9194638729095459,0.8557958006858826,0.7421724796295166,0.8910940885543823
d2p1-train-md3026-A-00065,train,md3026,A,276,277,-0.775904580950737,-84.2645263671875,0.5798603072762489,0.04739109695783345,12.132120821205364,0.3747438653910532,0.9490892887115479,0.7256810069084167,0.8958280682563782,0.8107545375823975,0.6600087881088257,0.8521556854248047
d2p1-train-md3026-A-00066,train,md3026,A,279,280,-0.74822036921978,-56.37156677246094,0.5920925587415695,0.052432718380242674,13.422775905342125,0.3361953489293169,0.9506143927574158,0.8089290857315063,0.9438349008560181,0.8763819932937622,0.7753753066062927,0.901099681854248
d2p1-train-md3026-A-00067,train,md3026,A,282,283,-0.6829753220081329,-34.20368957519531,0.56438397616148,0.03607117487230102,9.234220767309061,0.2512320804441229,0.9499133229255676,0.8029055595397949,0.939022421836853,0.870963990688324,0.7697961330413818,0.9030926823616028
d2p1-train-md3026-A-00068,train,md3026,A,286,287,-0.527618944644928,-24.415481567382812,0.5372314006090164,0.02367730189311543,6.06138928463755,0.16292299894531095,0.9565598964691162,0.8188736438751221,0.9569253921508789,0.8878995180130005,0.7830672264099121,0.9067097902297974
d2p1-train-md3026-A-00069,train,md3026,A,289,290,-0.3975571393966675,-30.075363159179688,0.5351024940609932,0.03989191072614333,10.212329145892692,0.2776097888369421,0.9537878632545471,0.816230833530426,0.9662163853645325,0.8912236094474792,0.780364990234375,0.8949196934700012
d2p1-train-md3026-A-00070,train,md3026,A,292,293,-0.5045536458492279,-27.454071044921875,0.5040561482310295,0.039598005982843645,10.137089531607973,0.269871865912764,0.9525246620178223,0.7573599815368652,0.93021559715271,0.8437877893447876,0.6951744556427002,0.8609402179718018
d2p1-train-md3026-A-00071,train,md3026,A,295,296,-0.46790289878845215,-21.460433959960938,0.5035298466682434,0.03103699424734678,7.945470527320776,0.19911514683883325,0.9468470215797424,0.7567561864852905,0.952088475227356,0.8544223308563232,0.7088968753814697,0.851560652256012
d2p1-train-md3026-A-00072,train,md3026,A,298,299,-0.38551950454711914,-18.967666625976562,0.46417973935604095,0.022715142148632243,5.815076390049854,0.1298770949027128,0.9473327398300171,0.7392486333847046,0.9618864059448242,0.8505675196647644,0.7022970914840698,0.8416876792907715
d2p1-train-md3026-B-00000,train,md3026,B,1,2,-0.3488137125968933,-117.53056335449219,0.424875944852829,0.05679670754214423,14.539957130788922,0.7082259752816384,0.9480457305908203,0.7234839200973511,0.8834351301193237,0.8034595251083374,0.6678597927093506,0.8496493101119995
d2p1-train-md3026-B-00001,train,md3026,B,3,4,-0.4276139736175537,-134.41946411132812,0.45691174268722534,0.06425853259467541,16.450184344236906,0.7957695197737165,0.951349675655365,0.7069440484046936,0.8827340602874756,0.7948390543460846,0.6496948003768921,0.8424211740493774
d2p1-train-md3026-B-00002,train,md3026,B,5,6,-0.3538385033607483,-93.11869812011719,0.49596358835697174,0.07288367048332553,18.658219643731336,0.7680870987446251,0.9570163488388062,0.7157059907913208,0.8887448310852051,0.8022254109382629,0.6589300036430359,0.8319941759109497
d2p1-train-md3026-B-00003,train,md3026,B,8,9,-0.3943259119987488,-123.159912109375,0.45087338984012604,0.07438597447130911,19.042809464655132,0.7318054292641855,0.9553414583206177,0.7174345850944519,0.8926568031311035,0.8050456941127777,0.647095263004303,0.8163132071495056
d2p1-train-md3026-B-00004,train,md3026,B,10,11,-0.4465706944465637,-157.22759246826172,0.4651840627193451,0.09152992852860792,23.431661703323627,0.8927443438921596,0.9486743211746216,0.715300440788269,0.9028624296188354,0.8090814352035522,0.6393837928771973,0.8292316794395447
d2p1-train-md3026-B-00005,train,md3026,B,12,13,-0.45921772718429565,-157.55963897705078,0.45443926751613617,0.09691594321727866,24.810481463623336,1.0332610225773178,0.9445964097976685,0.7270607948303223,0.8958615660667419,0.8114611804485321,0.6484089493751526,0.8356347680091858
d2p1-train-md3026-B-00006,train,md3026,B,14,15,-0.5608632266521454,-190.42263793945312,0.45457880198955536,0.11173617915295976,28.6044618631577,1.2258159297393958,0.9537969827651978,0.7198412418365479,0.932616114616394,0.826228678226471,0.6552141308784485,0.817865252494812
d2p1-train-md3026-B-00007,train,md3026,B,17,18,-0.6254655122756958,-188.30194854736328,0.501184806227684,0.12045832813109807,30.837332001561105,1.2790695737128908,0.9389660358428955,0.7197163105010986,0.8783324956893921,0.7990244030952454,0.6477652788162231,0.851707398891449
d2p1-train-md3026-B-00008,train,md3026,B,19,20,-0.5909310281276703,-181.93023681640625,0.507204458117485,0.14160071322143994,36.249782584688624,1.1210782700332969,0.9516202211380005,0.6856114864349365,0.9047051072120667,0.7951582968235016,0.6154769062995911,0.7697368264198303
d2p1-train-md3026-B-00009,train,md3026,B,21,22,-0.5685194730758667,-179.4502410888672,0.48716090619564056,0.13582358173803832,34.77083692493781,0.9674416610735581,0.9483510851860046,0.6877657175064087,0.8950210809707642,0.7913933992385864,0.6061444282531738,0.7664493322372437
d2p1-train-md3026-B-00010,train,md3026,B,24,25,-0.620417594909668,-166.28619384765625,0.4980780780315399,0.12910723433805982,33.05145199054331,0.7054364484438733,0.9547230005264282,0.7252756953239441,0.8720951080322266,0.7986854016780853,0.6448487043380737,0.8087384104728699
d2p1-train-md3026-B-00011,train,md3026,B,26,27,-0.605584055185318,-187.1182861328125,0.49920913577079773,0.12572630229230838,32.185933386830946,0.627280089171502,0.9569743871688843,0.6514081358909607,0.8896361589431763,0.7705221474170685,0.6217753291130066,0.7581877708435059
d2p1-train-md3026-B-00012,train,md3026,B,28,29,-0.4906092882156372,-148.74102020263672,0.4912896156311035,0.14615138749676398,37.41475519917158,0.833177953215189,0.9541038274765015,0.6570700407028198,0.879623532295227,0.7683467864990234,0.6089831590652466,0.7599509358406067
d2p1-train-md3026-B-00013,train,md3026,B,30,31,-0.5893486738204956,-166.42485809326172,0.5542900860309601,0.15781432581330918,40.40046740820715,0.8847224449660425,0.9560863971710205,0.647920548915863,0.8926923871040344,0.7703064680099487,0.6107362508773804,0.7417025566101074
d2p1-train-md3026-B-00014,train,md3026,B,33,34,-0.9016257040202618,-237.49210357666016,0.6629951745271683,0.1710240409928249,43.78215449416317,1.0526880639318477,0.9163984060287476,0.6757923364639282,0.8145812153816223,0.7451867759227753,0.585307776927948,0.8053159713745117
d2p1-train-md3026-B-00015,train,md3026,B,35,36,-0.5712492167949677,-138.20274353027344,0.47108598053455353,0.3224608025916219,82.54996546345521,0.9073422948619922,0.8728994131088257,0.6746493577957153,0.7668724060058594,0.7207608819007874,0.5408764481544495,0.7975865006446838
d2p1-train-md3026-B-00016,train,md3026,B,37,38,-0.6484918296337128,-119.5020751953125,0.514864057302475,0.32445951787179567,83.06163657517969,0.9382273743821552,0.8616981506347656,0.6795188188552856,0.7482712864875793,0.7138950526714325,0.5434228181838989,0.7941888570785522
d2p1-train-md3026-B-00017,train,md3026,B,40,41,-0.7114965915679932,-161.12950134277344,0.5497970730066299,0.33586695429795743,85.9819403002771,0.7592409029713605,0.8951667547225952,0.7145175337791443,0.820996105670929,0.7677568197250366,0.5656397342681885,0.8066246509552002
d2p1-train-md3026-B-00018,train,md3026,B,42,43,-0.8083257526159286,-200.96949005126953,0.5870583206415176,0.34732344087834194,88.91480086485554,0.8097913733344173,0.9127871990203857,0.7209556698799133,0.8815158605575562,0.8012357652187347,0.6349805593490601,0.8137425780296326
d2p1-train-md3026-B-00019,train,md3026,B,44,45,-0.8449300080537796,-228.0879077911377,0.5359240770339966,0.25899598428761683,66.30297197762991,0.8684137665163802,0.8997985124588013,0.6880223751068115,0.7908295392990112,0.7394259572029114,0.5994985699653625,0.8008501529693604
d2p1-train-md3026-B-00020,train,md3026,B,47,48,-0.8174104690551758,-211.8299903869629,0.5583918690681458,0.3896754680298851,99.75691981565059,0.7454475451542483,0.9168055057525635,0.6265518069267273,0.7715675234794617,0.6990596652030945,0.5375325679779053,0.7362717986106873
d2p1-train-md3026-B-00021,train,md3026,B,49,50,-0.7681392580270767,-207.50536727905273,0.49422669410705566,0.4188990961269403,107.23816860849672,0.8483055525252718,0.9362385272979736,0.6762338876724243,0.810263454914093,0.7432486712932587,0.614944577217102,0.818781852722168
d2p1-train-md3026-B-00022,train,md3026,B,51,52,-0.8186759948730469,-204.64316940307617,0.572411984205246,0.43567562305383445,111.53295950178162,0.5046910042450354,0.8942587971687317,0.6665335297584534,0.7447067499160767,0.705620139837265,0.5759716033935547,0.7977227568626404
d2p1-train-md3026-B-00023,train,md3026,B,53,54,-0.8774409517645836,-238.2587833404541,0.5986774861812592,0.15035048321007138,38.489723701778274,0.9937170567558411,0.9440991878509521,0.6073529720306396,0.783238410949707,0.6952956914901733,0.5290660262107849,0.7153090834617615
d2p1-train-md3026-B-00024,train,md3026,B,56,57,-0.7987977415323257,-185.78916931152344,0.5344275832176208,0.5238658795842739,134.10966517357411,1.0109527298592007,0.8453481793403625,0.6774755716323853,0.6903883218765259,0.6839319467544556,0.5274558067321777,0.7791641354560852
d2p1-train-md3026-B-00025,train,md3026,B,58,59,-0.81542007625103,-196.3154296875,0.5743010342121124,0.31857712795108134,81.55574475547682,0.7358697167208471,0.8770137429237366,0.6708971261978149,0.7558097839355469,0.7133534550666809,0.5592629909515381,0.7841048240661621
d2p1-train-md3026-B-00026,train,md3026,B,60,61,-0.7228222042322159,-138.72994232177734,0.5697228610515594,0.3283592152179998,84.05995909580795,0.7839721523449199,0.8978664875030518,0.7402246594429016,0.7524639964103699,0.7463443279266357,0.5863335728645325,0.8276284337043762
d2p1-train-md3026-B-00027,train,md3026,B,63,64,-0.6010740399360657,-151.02397918701172,0.5417728126049042,0.3434964708415691,87.93509653544169,0.9563580707507155,0.8891105651855469,0.6741887927055359,0.7660586833953857,0.7201237380504608,0.5407249927520752,0.7783336043357849
d2p1-train-md3026-B-00028,train,md3026,B,65,66,-0.5812940001487732,-198.89910507202148,0.49642759561538696,0.03971668278996374,10.167470794230718,0.32628233676626367,0.9301955699920654,0.6126688718795776,0.7804034352302551,0.6965361535549164,0.5140315294265747,0.6709972620010376
d2p1-train-md3026-B-00029,train,md3026,B,67,68,-0.5556953847408295,-189.23565673828125,0.46521705389022827,0.4137253680716916,105.91369422635304,1.0188144194710247,0.924638032913208,0.634515643119812,0.7224087119102478,0.6784621775150299,0.5230933427810669,0.73752361536026
d2p1-train-md3026-B-00030,train,md3026,B,69,70,-0.5957893133163452,-217.61574935913086,0.42033326625823975,0.38181402911073065,97.74439145234705,1.0995688541585715,0.9119088053703308,0.6042830944061279,0.7272493839263916,0.6657662391662598,0.5479997992515564,0.7551813125610352
d2p1-train-md3026-B-00031,train,md3026,B,72,73,-0.6932384222745895,-226.35669326782227,0.4494291841983795,0.05775225932704396,14.784578387723254,0.4548875560140447,0.9083889722824097,0.6326346397399902,0.7573087215423584,0.6949716806411743,0.5649423003196716,0.7578843832015991
d2p1-train-md3026-B-00032,train,md3026,B,74,75,-0.6556841880083084,-213.19840240478516,0.43921715021133423,0.3236447286615993,82.85305053736943,0.5377973739564637,0.8346977829933167,0.6690731048583984,0.7088463306427002,0.6889597177505493,0.5402924418449402,0.7457192540168762
d2p1-train-md3026-B-00033,train,md3026,B,76,96,-0.6175686120986938,-206.10022354125977,0.4350454807281494,0.15480449012149744,39.629949471103345,0.7061404050332123,0.9583751559257507,0.6263347864151001,0.9472568035125732,0.7867957949638367,0.5923358798027039,0.7162140011787415
d2p1-train-md3026-B-00034,train,md3026,B,98,99,-0.8446066230535507,-214.86548233032227,0.6251850575208664,0.4302833256563176,110.1525313680173,0.6434620643182364,0.9369242787361145,0.6622264385223389,0.7844530344009399,0.7233397364616394,0.5779470801353455,0.790205180644989
d2p1-train-md3026-B-00035,train,md3026,B,100,101,-0.7935504019260406,-198.4325714111328,0.6017861664295197,0.434579658520975,111.2523925813696,0.9062138616628458,0.9134265780448914,0.6768370866775513,0.7352526187896729,0.7060448527336121,0.5620439052581787,0.8091235756874084
d2p1-train-md3026-B-00036,train,md3026,B,102,103,-0.8429844528436661,-220.8337631225586,0.6440570205450058,0.13112304750621262,33.56750016159043,0.8619937427217464,0.9618176817893982,0.6172792911529541,0.8169224262237549,0.7171008586883545,0.5598001480102539,0.7392699718475342
d2p1-train-md3026-B-00037,train,md3026,B,104,105,-0.8802732825279236,-212.51142501831055,0.6072391122579575,0.434705692068306,111.28465716948634,0.9494188647065823,0.9508169889450073,0.6225566864013672,0.8258839845657349,0.724220335483551,0.54364013671875,0.747370719909668
d2p1-train-md3026-B-00038,train,md3026,B,107,108,-0.931259773671627,-210.37546157836914,0.6449706479907036,0.4351917786404518,111.40909533195565,0.9869628546138465,0.9255505800247192,0.6718536615371704,0.7946217060089111,0.7332376837730408,0.5828671455383301,0.818964421749115
d2p1-train-md3026-B-00039,train,md3026,B,109,110,-0.8801967352628708,-195.88513946533203,0.574679933488369,0.44574302719353504,114.11021496154497,1.0140001351084906,0.909475564956665,0.6789183020591736,0.7703032493591309,0.7246107757091522,0.5619187355041504,0.8210375905036926
d2p1-train-md3026-B-00040,train,md3026,B,111,112,-0.888446219265461,-183.21709442138672,0.5436663776636124,0.4442569770362224,113.72978612127294,0.974174336252899,0.9235103726387024,0.6236386895179749,0.7936409115791321,0.7086398005485535,0.5373884439468384,0.7600721716880798
d2p1-train-md3026-B-00041,train,md3026,B,114,115,-0.8445766568183899,-163.03951263427734,0.5328806936740875,0.4532931744751799,116.04305266564606,0.7748927243157352,0.922701358795166,0.6733642220497131,0.7965527772903442,0.7349584996700287,0.5901672840118408,0.8049700856208801
d2p1-train-md3026-B-00042,train,md3026,B,116,117,-0.831643283367157,-159.76325225830078,0.5029464960098267,0.44713064933242214,114.46544622910007,0.7660486219351819,0.904220700263977,0.6459806561470032,0.7579661011695862,0.7019733786582947,0.5578662157058716,0.7882267832756042
d2p1-train-md3026-B-00043,train,md3026,B,118,119,-0.8945497795939445,-211.10455322265625,0.5700039118528366,0.43955868711702606,112.52702390195867,0.7076411776856517,0.960861325263977,0.666030764579773,0.8894014358520508,0.7777161002159119,0.6296395659446716,0.7874184846878052
d2p1-train-md3026-B-00044,train,md3026,B,121,122,-0.9092683866620064,-214.4194450378418,0.6015651673078537,0.4308655326839975,110.30157636710337,0.9728107903392937,0.9610607624053955,0.6627562642097473,0.9013934135437012,0.7820748388767242,0.6304313540458679,0.7859739661216736
d2p1-train-md3026-B-00045,train,md3026,B,123,124,-0.8912445902824402,-185.1333465576172,0.583166666328907,0.4411236974804463,112.92766655499425,0.6151402346050339,0.9388149976730347,0.6693317294120789,0.8255733847618103,0.7474525570869446,0.5984494686126709,0.8015456795692444
d2p1-train-md3026-B-00046,train,md3026,B,125,126,-0.9327819868922234,-185.06941986083984,0.666148915886879,0.4476063018803077,114.58721328135877,0.7608995196456944,0.9540103673934937,0.674964189529419,0.8386952877044678,0.7568297386169434,0.6041508913040161,0.8089531064033508
d2p1-train-md3026-B-00047,train,md3026,B,127,128,-0.9496437683701515,-213.0307388305664,0.6802445128560066,0.4521069849234846,115.73938814041206,0.7755080201589423,0.9357070922851562,0.6809831857681274,0.7936139702796936,0.7372985780239105,0.5849355459213257,0.8106486797332764
d2p1-train-md3026-B-00048,train,md3026,B,130,131,-0.9551883079111576,-225.0757598876953,0.6911343857645988,0.3242376725319367,83.0048441681758,0.6727458248750506,0.9662285447120667,0.6798373460769653,0.9158428907394409,0.7978401184082031,0.6614913940429688,0.8022074103355408
d2p1-train-md3026-B-00049,train,md3026,B,132,133,-0.937996581196785,-163.24346923828125,0.7151332870125771,0.07521792565259164,19.25578896706346,0.7946750678061435,0.9640309810638428,0.6898545026779175,0.9182656407356262,0.8040600717067719,0.6727843284606934,0.8039869070053101
d2p1-train-md3026-B-00050,train,md3026,B,134,135,-0.949236961081624,-194.90654754638672,0.7193782106041908,0.34045110613947294,87.15548317170507,0.49426903662887944,0.9639639258384705,0.7000906467437744,0.8696531653404236,0.784871906042099,0.6487733721733093,0.821533739566803
d2p1-train-md3026-B-00051,train,md3026,B,137,138,-0.8658240810036659,-160.35425567626953,0.6169019788503647,0.3599457066945996,92.14610091381749,0.2782290802797453,0.9468491077423096,0.7108026742935181,0.8615014553070068,0.7861520648002625,0.6430282592773438,0.8338750600814819
d2p1-train-md3026-B-00052,train,md3026,B,139,140,-0.9563626199960709,-200.15790557861328,0.7141103968024254,0.4559516843866817,116.72363120299052,0.9214732140749892,0.936881422996521,0.6957261562347412,0.8235598802566528,0.759643018245697,0.5970230102539062,0.8220006227493286
d2p1-train-md3026-B-00053,train,md3026,B,141,161,-0.6595658659934998,-71.56927490234375,0.3969316780567169,0.3945408414405611,101.00245540878365,1.0777291297380869,0.8852120637893677,0.6839895248413086,0.7296361327171326,0.7068128287792206,0.5462026596069336,0.8110070824623108
d2p1-train-md3026-B-00054,train,md3026,B,162,163,-0.8299572467803955,-141.1591567993164,0.5189200714230537,0.40485040883130413,103.64170466081386,0.7320718238746453,0.8924161195755005,0.6909540295600891,0.7517843842506409,0.721369206905365,0.5526233315467834,0.8206063508987427
d2p1-train-md3026-B-00055,train,md3026,B,165,166,-0.6578419506549835,-68.54774475097656,0.4602811560034752,0.42631377755069494,109.1363270529779,1.2223984554230762,0.8712005615234375,0.7166529893875122,0.7714420557022095,0.7440475225448608,0.5605221390724182,0.8181484341621399
d2p1-train-md3026-B-00056,train,md3026,B,167,168,-0.6540520787239075,-41.136627197265625,0.47483282536268234,0.43354877521994195,110.98848645630514,1.1865881379051741,0.8580716848373413,0.7721977829933167,0.7271415591239929,0.7496696710586548,0.5810422897338867,0.8267249464988708
d2p1-train-md3026-B-00057,train,md3026,B,169,170,-0.35664641857147217,-37.155242919921875,0.4164343923330307,0.45118337841347744,115.50294487385023,1.3340045444921267,0.8544474244117737,0.7143564224243164,0.7541500329971313,0.7342532277107239,0.567542314529419,0.8336842060089111
d2p1-train-md3026-B-00058,train,md3026,B,172,173,-0.5232196748256683,-125.07363891601562,0.5045415982604027,0.4767920143013878,122.05875566115527,1.13889061226224,0.9076141715049744,0.7091935873031616,0.778803825378418,0.7439987063407898,0.588252604007721,0.8374956250190735
d2p1-train-md3026-B-00059,train,md3026,B,174,175,-0.5377620160579681,-112.16578674316406,0.4936923459172249,0.4928110864223823,126.15963812412987,1.1393307795603251,0.9195889830589294,0.7048290371894836,0.7773482799530029,0.7410886585712433,0.5954054594039917,0.846869945526123
d2p1-train-md3026-B-00060,train,md3026,B,176,177,-0.4513236880302429,-97.77134704589844,0.5164991095662117,0.024856083229830052,6.363157306836493,0.2590306195746346,0.9359762668609619,0.7431472539901733,0.8389631509780884,0.7910552024841309,0.6351554989814758,0.8615601062774658
d2p1-train-md3026-B-00061,train,md3026,B,179,180,-0.333196759223938,-67.38009643554688,0.4903060793876648,0.04234514305622963,10.840356622394784,0.42775452327170493,0.9013261198997498,0.7462524175643921,0.7757601737976074,0.7610062956809998,0.5820648074150085,0.8644062280654907
d2p1-train-md3026-B-00062,train,md3026,B,181,182,-0.327528715133667,-96.64608764648438,0.46518397331237793,0.08550808337488122,21.890069343969593,0.6932876069745945,0.9399915933609009,0.7298926711082458,0.7443760633468628,0.7371343672275543,0.5967246294021606,0.8240530490875244
d2p1-train-md3026-B-00063,train,md3026,B,183,184,-0.24169611930847168,-33.70597839355469,0.4019756317138672,0.0816332606644635,20.898114730102655,0.6542541226125306,0.9539515972137451,0.7391026020050049,0.758005678653717,0.748554140329361,0.6165590286254883,0.7992560267448425
d2p1-train-md3026-B-00064,train,md3026,B,185,186,-0.28134357929229736,-47.57196044921875,0.4163534864783287,0.1160343207841998,29.70478612075515,0.999360553198771,0.9543330073356628,0.7282994389533997,0.8635005950927734,0.7959000170230865,0.6400581002235413,0.7918464541435242
d2p1-train-md3026-B-00065,train,md3026,B,188,189,-0.3186914920806885,-78.54188537597656,0.47443240880966187,0.08431655637324932,21.585038431551826,0.647937402025741,0.9631277322769165,0.7106902599334717,0.885162889957428,0.7979265749454498,0.6392627954483032,0.8046223521232605
d2p1-train-md3026-B-00066,train,md3026,B,190,191,-0.5044673383235931,-139.61436462402344,0.4616517275571823,0.09228454534892357,23.624843609324433,0.7024127483167109,0.9510650038719177,0.7327499389648438,0.894210696220398,0.8134803175926208,0.6462529897689819,0.8173758387565613
d2p1-train-md3026-B-00067,train,md3026,B,192,193,-0.3382337689399719,-86.21916198730469,0.4640655741095543,0.025425406357799846,6.508904027596761,0.23708741574887768,0.9536743760108948,0.6401885747909546,0.8433523178100586,0.7417704463005066,0.5689051747322083,0.7281989455223083
d2p1-train-md3026-B-00068,train,md3026,B,195,196,-0.40874165296554565,-100.3802490234375,0.5080852210521698,0.04607846379443825,11.796086731376192,0.4470780676381219,0.9512931108474731,0.6714813709259033,0.871395468711853,0.7714384198188782,0.5842454433441162,0.7538163661956787
d2p1-train-md3026-B-00069,train,md3026,B,197,198,-0.5763043463230133,-108.48362731933594,0.5400586873292923,0.032392462853988925,8.292470490621165,0.3879701113090855,0.9543024897575378,0.6823484897613525,0.8800913095474243,0.7812198996543884,0.5947426557540894,0.7612659335136414
d2p1-train-md3026-B-00070,train,md3026,B,199,200,-0.3400380611419678,-62.27946472167969,0.4698087126016617,0.029529992858455565,7.559678171764625,0.3237967577993863,0.9517072439193726,0.6022254228591919,0.9009206891059875,0.7515730559825897,0.5850885510444641,0.7131428122520447
d2p1-train-md3026-B-00071,train,md3026,B,201,237,-0.8703425526618958,-165.45539093017578,0.6031158715486526,0.4291543383746043,109.8635106238987,0.7757734261666114,0.9427329301834106,0.6433893442153931,0.8538378477096558,0.7486135959625244,0.5711687803268433,0.7307502031326294
d2p1-train-md3026-B-00072,train,md3026,B,239,240,-0.4295833706855774,-33.42173767089844,0.43161243945360184,0.07328409107580097,18.76072731540505,0.6833457641121452,0.9568080306053162,0.7576940059661865,0.9576646089553833,0.8576793074607849,0.7036962509155273,0.8323361873626709
d2p1-train-md3026-B-00073,train,md3026,B,241,242,-0.3555105924606323,-35.39125061035156,0.4472392871975899,0.06501311315332964,16.643356967252387,0.5387788517316345,0.9582077860832214,0.7461321949958801,0.9595919847488403,0.8528620898723602,0.7013686895370483,0.8285152912139893
d2p1-train-md3026-B-00074,train,md3026,B,243,244,-0.3742712140083313,-42.30218505859375,0.38312534987926483,0.0635367367361488,16.265404604454094,0.4721348726762214,0.9472215175628662,0.7360317707061768,0.9384369850158691,0.837234377861023,0.6838006973266602,0.824528694152832
d2p1-train-md3026-B-00075,train,md3026,B,246,247,-0.420040488243103,-38.36236572265625,0.4649810791015625,0.030636393857838822,7.8429168276067385,0.3355225122422847,0.956630289554596,0.7368276119232178,0.9322701692581177,0.8345488905906677,0.6883313655853271,0.8365986943244934
d2p1-train-md3026-B-00076,train,md3026,B,248,249,-0.5478305816650391,-61.575775146484375,0.4835393652319908,0.04749615428379646,12.159015496651893,0.49717354661902247,0.9545246362686157,0.7293679714202881,0.9462366104125977,0.8378022909164429,0.6889013648033142,0.831202507019043
d2p1-train-md3026-B-00077,train,md3026,B,250,251,-0.4663578271865845,-65.84318542480469,0.4579884707927704,0.03875879162821968,9.922250656824238,0.3704257279252657,0.9521467685699463,0.7081061005592346,0.9390366077423096,0.8235713541507721,0.6798824071884155,0.8193398118019104
d2p1-train-md3026-B-00078,train,md3026,B,252,253,-0.5328587293624878,-69.28103637695312,0.44380995631217957,0.0624780954192217,15.994392427320756,0.6024878337930559,0.9519935846328735,0.6320383548736572,0.934922456741333,0.7834804058074951,0.6035981774330139,0.7502751350402832
d2p1-train-md3026-B-00079,train,md3026,B,255,256,-0.39156055450439453,-52.700592041015625,0.41815831512212753,0.045853557562640056,11.738510736035854,0.3716712776963983,0.9501707553863525,0.7140029668807983,0.9265930652618408,0.8202980160713196,0.6803061962127686,0.8172868490219116
d2p1-train-md3026-B-00080,train,md3026,B,257,258,-0.5625959634780884,-87.4244384765625,0.504659116268158,0.05703237580332,14.60028820564992,0.48358009175080197,0.9520532488822937,0.7028372883796692,0.8915479183197021,0.7971926033496857,0.675055980682373,0.8097299337387085
d2p1-train-md3026-B-00081,train,md3026,B,259,260,-0.5346760749816895,-66.41470336914062,0.5081487223505974,0.030504082711824115,7.8090451742269735,0.28173421041415986,0.9530201554298401,0.7052538394927979,0.9011627435684204,0.8032082915306091,0.6767303943634033,0.8090943694114685
d2p1-train-md3026-B-00082,train,md3026,B,262,263,-0.42518413066864014,-40.465301513671875,0.492431104183197,0.04930276914751019,12.621508901762608,0.4322771861893322,0.9558956027030945,0.697419285774231,0.8795150518417358,0.7884671688079834,0.6737844944000244,0.7966927289962769
d2p1-train-md3026-B-00083,train,md3026,B,264,265,-0.4747488498687744,-42.6094970703125,0.47871848195791245,0.014134306444467027,3.618382449783559,0.12507361117558688,0.951183557510376,0.6908757090568542,0.8776921629905701,0.7842839360237122,0.662911593914032,0.7964068055152893
d2p1-train-md3026-B-00084,train,md3026,B,266,267,-0.39630818367004395,-50.53581237792969,0.4955194517970085,0.019656233615101083,5.031995805465877,0.1607387862548117,0.9529980421066284,0.6956064105033875,0.8844532370567322,0.7900298237800598,0.6691901683807373,0.801130473613739
d2p1-train-md3026-B-00085,train,md3026,B,269,270,-0.44214069843292236,-57.379486083984375,0.5223746448755264,0.040695475169547524,10.418041643404166,0.3425866876879168,0.95537930727005,0.6973218321800232,0.8986361622810364,0.7979789972305298,0.6693167090415955,0.8004158735275269
d2p1-train-md3026-B-00086,train,md3026,B,271,272,-0.3744669556617737,-57.11637878417969,0.5057638511061668,0.05736666562521476,14.685866400054978,0.47900688127853064,0.9464399218559265,0.7169396877288818,0.8901690244674683,0.803554356098175,0.6710287928581238,0.817983090877533
d2p1-train-md3026-B-00087,train,md3026,B,273,274,-0.3392532467842102,-45.8734130859375,0.4991210550069809,0.040029305968654186,10.247502327975472,0.346771716086582,0.9464826583862305,0.7203628420829773,0.8825386762619019,0.8014507591724396,0.6669037342071533,0.8151530623435974
d2p1-train-md3026-B-00088,train,md3026,B,275,276,-0.4479890465736389,-42.24113464355469,0.45953916013240814,0.06839847501288686,17.510009603299036,0.6455175642146407,0.9546458125114441,0.7101820707321167,0.8728551864624023,0.7915186285972595,0.6774144768714905,0.809108555316925
d2p1-train-md3026-B-00089,train,md3026,B,278,279,-0.2819497585296631,-33.949066162109375,0.4314929395914078,0.08898118395954041,22.779183093642345,0.8729811173480142,0.9547356963157654,0.7170994281768799,0.868100106716156,0.7925997674465179,0.6698389053344727,0.8138064742088318
d2p1-train-md3026-B-00090,train,md3026,B,280,281,-0.28707706928253174,-31.776275634765625,0.4415414333343506,0.07967347642949117,20.39640996594974,0.7200460200852538,0.9513930082321167,0.6441817283630371,0.8634659051895142,0.7538238167762756,0.6031656265258789,0.7505155205726624
d2p1-train-md3026-B-00091,train,md3026,B,282,283,-0.3744548559188843,-42.086517333984375,0.47563743591308594,0.05984637965680157,15.320673192141202,0.5495781779687101,0.9487055540084839,0.7076306343078613,0.8533800840377808,0.780505359172821,0.6634123921394348,0.8194226622581482
d2p1-train-md3026-B-00092,train,md3026,B,285,286,-0.35652095079421997,-51.04838562011719,0.4497298300266266,0.06844061497106826,17.520797432593476,0.6045570715203372,0.9455069303512573,0.6494383215904236,0.8383780717849731,0.7439081966876984,0.5910844802856445,0.7587767243385315
d2p1-train-md3026-B-00093,train,md3026,B,287,288,-0.2840656042098999,-36.10591125488281,0.45664066076278687,0.059581892831002396,15.252964564736613,0.5460919435493498,0.9459863901138306,0.723858118057251,0.8659793138504028,0.7949187159538269,0.6602401733398438,0.8288388848304749
d2p1-train-md3026-B-00094,train,md3026,B,289,290,-0.2932054400444031,-48.52589416503906,0.44367632269859314,0.06852584667846257,17.542616749686417,0.6309710417194186,0.9435197114944458,0.6420786380767822,0.8472219705581665,0.7446503043174744,0.5746476650238037,0.751986563205719
d2p1-train-md3026-B-00095,train,md3026,B,291,292,-0.2643805742263794,-41.6318359375,0.44809797406196594,0.07156464114642169,18.320548133483953,0.6181675923318084,0.940532922744751,0.6173319816589355,0.8196516036987305,0.718491792678833,0.5590142011642456,0.7279191017150879
d2p1-train-md3026-B-00096,train,md3026,B,294,295,-0.23324471712112427,-36.524444580078125,0.4318293631076813,0.061396965633163686,15.717623202089904,0.5835560448096392,0.9431304931640625,0.5892707109451294,0.8060327768325806,0.697651743888855,0.537238597869873,0.7027283906936646
d2p1-train-md3026-B-00097,train,md3026,B,296,297,-0.20752274990081787,-27.979400634765625,0.4063258469104767,0.05752902852764671,14.727431303077557,0.5578973177243104,0.9422367811203003,0.6046621799468994,0.7904976606369019,0.6975799202919006,0.5502228140830994,0.7155246138572693
d2p1-train-md3026-B-00098,train,md3026,B,298,299,-0.27717268466949463,-46.49627685546875,0.47084322571754456,0.0640819025969892,16.404967064829236,0.6089311830496883,0.9583690166473389,0.5881229639053345,0.7850589752197266,0.6865909695625305,0.5498169660568237,0.7065712809562683
d2p1-train-md3030-A-00000,train,md3030,A,8,9,-0.5242332816123962,-195.97605895996094,0.38226768374443054,0.12634496094865016,32.34431000285444,0.4370762448994482,0.924964427947998,0.6659828424453735,0.7596431970596313,0.7128130197525024,0.5695531368255615,0.7440353631973267
d2p1-train-md3030-A-00001,train,md3030,A,25,26,-0.608169212937355,-222.9991102218628,0.4746052324771881,0.036967269568220225,9.463621009464378,0.46204190215806384,0.9415096640586853,0.6703373193740845,0.8997081518173218,0.7850227355957031,0.6333081722259521,0.7716064453125
d2p1-train-md3030-A-00002,train,md3030,A,43,44,-0.6162839382886887,-206.52739715576172,0.3175323009490967,0.3452766685557989,88.39082715028452,0.4913812374437823,0.9283056259155273,0.7216122150421143,0.8180428743362427,0.7698275446891785,0.6452980041503906,0.8258201479911804
d2p1-train-md3030-A-00003,train,md3030,A,60,61,-0.5467814803123474,-191.29902267456055,0.25814229249954224,0.28622809424143125,73.2743921258064,0.13674993032438665,0.9458855390548706,0.7138397097587585,0.8168665766716003,0.7653531432151794,0.6358194351196289,0.8160369396209717
d2p1-train-md3030-A-00004,train,md3030,A,77,78,-0.3128921091556549,-133.27381134033203,0.16118699312210083,0.2554642241946411,65.39884139382812,0.2333436425186676,0.9365903735160828,0.7615200281143188,0.8197925686836243,0.7906562983989716,0.6589259505271912,0.8874560594558716
d2p1-train-md3030-A-00005,train,md3030,A,106,107,-0.37611499428749084,-125.57881927490234,0.17279082536697388,0.449856595378918,115.163288417003,0.11928845944494391,0.9547675848007202,0.7366745471954346,0.8260775804519653,0.7813760638237,0.6706648468971252,0.8436784148216248
d2p1-train-md3030-A-00006,train,md3030,A,123,124,-0.46302512288093567,-183.5951271057129,0.22394734621047974,0.233136420465802,59.68292363924531,0.11026846638020035,0.9620765447616577,0.7486345767974854,0.8218586444854736,0.7852466106414795,0.6700970530509949,0.8388727307319641
d2p1-train-md3030-A-00007,train,md3030,A,140,141,-0.5773394703865051,-180.69763946533203,0.24694186449050903,0.2999483191111386,76.78676969245149,0.40849588482344207,0.94194495677948,0.8133236169815063,0.8558936715126038,0.834608644247055,0.7349835634231567,0.9098680019378662
d2p1-train-md3030-A-00008,train,md3030,A,158,159,-0.46683502197265625,-168.52172088623047,0.23705434799194336,0.2676552046623421,68.51973239355958,0.10015259356447839,0.9403455257415771,0.8008304834365845,0.8608633279800415,0.830846905708313,0.6939675807952881,0.8697724342346191
d2p1-train-md3030-A-00009,train,md3030,A,175,176,-0.35413743555545807,-90.03802871704102,0.17724263668060303,0.3798726815758707,97.24740648342289,0.2146536705884982,0.9518942832946777,0.7938588857650757,0.8366568684577942,0.8152578771114349,0.7117908000946045,0.8877159357070923
d2p1-train-md3030-A-00010,train,md3030,A,245,246,-0.22468361258506775,-83.5193099975586,0.08345967531204224,0.3397359437595005,86.97240160243213,0.06947390532659868,0.9440755844116211,0.847774088382721,0.8661928772926331,0.856983482837677,0.7466762065887451,0.931441068649292
d2p1-train-md3030-A-00011,train,md3030,A,263,264,-0.3897955119609833,-144.82992935180664,0.1679714322090149,0.3235342253771693,82.82476169655534,0.05276501760523193,0.9447693824768066,0.7849881649017334,0.8369897603988647,0.8109889626502991,0.6903078556060791,0.8852238655090332
d2p1-train-md3030-A-00012,train,md3030,A,280,281,-0.17568427324295044,-52.64313507080078,0.09543007612228394,0.3573880776209649,91.49134787096702,0.31760611384188997,0.9520470499992371,0.8650764226913452,0.8796020746231079,0.8723392486572266,0.7514634132385254,0.9497146010398865
d2p1-train-md3030-A-00013,train,md3030,A,297,298,-0.25990694761276245,-122.38172912597656,0.17167878150939941,0.26677392247120935,68.29412415262959,0.15597618689662265,0.9157593846321106,0.7513861656188965,0.7723923921585083,0.7618892788887024,0.6456629037857056,0.8590952754020691
d2p1-train-md3030-A-00014,train,md3030,A,319,320,-0.43238408863544464,-134.8693561553955,0.12277668714523315,0.076683376546487,19.630944395900674,0.4287493110308139,0.9517552852630615,0.8082737326622009,0.8637394905090332,0.8360066115856171,0.7311136722564697,0.8882527947425842
d2p1-train-md3030-A-00015,train,md3030,A,336,337,-0.4018239676952362,-140.09687423706055,0.13128429651260376,0.16098386034150014,41.211868247424036,0.1533093956123404,0.9403567314147949,0.8367360830307007,0.8138430118560791,0.8252895474433899,0.7151453495025635,0.9145506620407104
d2p1-train-md3030-A-00016,train,md3030,A,353,354,-0.3710005283355713,-132.18528747558594,0.16477805376052856,0.22140007122546518,56.678418233719086,0.26333095827517894,0.9419586062431335,0.8127580881118774,0.8308083415031433,0.8217832148075104,0.6918476223945618,0.9004768133163452
d2p1-train-md3030-A-00017,train,md3030,A,402,403,-0.2816984951496124,-119.4804458618164,0.06307119131088257,0.2593418558453984,66.39151509642198,0.12203687024984654,0.937971830368042,0.8074153661727905,0.838803768157959,0.8231095671653748,0.6944328546524048,0.9276028871536255
d2p1-train-md3030-A-00018,train,md3030,A,450,451,-0.4375528395175934,-86.53076171875,0.17435091733932495,0.4353745057272955,111.45587346618765,0.1972675413873266,0.9325172305107117,0.8067705631256104,0.7754640579223633,0.7911173105239868,0.6857467889785767,0.9007532596588135
d2p1-train-md3030-A-00019,train,md3030,A,467,468,-0.3821275234222412,-122.86786651611328,0.20620077848434448,0.3899352405653072,99.82342158471864,0.5370707327237735,0.9229474663734436,0.7930116653442383,0.7810419797897339,0.7870268225669861,0.6870208978652954,0.8825958371162415
d2p1-train-md3030-A-00020,train,md3030,A,485,486,-0.3722197115421295,-98.0696029663086,0.14967775344848633,0.3728492501378575,95.44940803529153,0.24383653106840392,0.9328351616859436,0.8146467208862305,0.8051091432571411,0.8098779320716858,0.7090145945549011,0.9020411968231201
d2p1-train-md3030-A-00021,train,md3030,A,515,516,-0.5815733075141907,-188.11630058288574,0.19275450706481934,0.3505506742918418,89.7409726187115,0.1178961853477133,0.9477198123931885,0.8211338520050049,0.8336732387542725,0.8274035453796387,0.723129391670227,0.917631983757019
d2p1-train-md3030-B-00000,train,md3030,B,2,3,-0.58172807097435,-237.51234340667725,0.5578255355358124,0.03969862987206642,10.162849247249003,0.4362685882651959,0.9722110033035278,0.5119521617889404,0.7781914472579956,0.645071804523468,0.5028336048126221,0.6152116656303406
d2p1-train-md3030-B-00001,train,md3030,B,7,8,-0.4822203516960144,-230.82643699645996,0.5489390194416046,0.037862118617712846,9.692702366134489,0.39680735224773456,0.9752100706100464,0.5765900015830994,0.7767385840415955,0.6766642928123474,0.5378464460372925,0.6770539879798889
d2p1-train-md3030-B-00002,train,md3030,B,13,14,-0.35456401109695435,-201.20273208618164,0.5356642007827759,0.033462217908804465,8.566327784653943,0.27327918265229045,0.9725723266601562,0.5920925140380859,0.89510178565979,0.743597149848938,0.5733151435852051,0.7157570719718933
d2p1-train-md3030-B-00003,train,md3030,B,18,19,-0.48717471957206726,-210.90045166015625,0.5319638550281525,0.02355795568346458,6.030836654966932,0.3892074950038562,0.9543187618255615,0.5815424919128418,0.7478747367858887,0.6647086143493652,0.524347186088562,0.6821938753128052
d2p1-train-md3030-B-00004,train,md3030,B,23,24,-0.35374245047569275,-196.52432250976562,0.45482635498046875,0.026018330661150946,6.660692649254642,0.1838045568369919,0.9522232413291931,0.5610191822052002,0.745468020439148,0.6532436013221741,0.5175418257713318,0.6777927279472351
d2p1-train-md3030-B-00005,train,md3030,B,28,29,-0.4078439772129059,-210.67361068725586,0.490014910697937,0.04900104644106718,12.544267888913199,0.44834309771123515,0.9713038206100464,0.5706843137741089,0.89781653881073,0.7342504262924194,0.5589174032211304,0.6892584562301636
d2p1-train-md3030-B-00006,train,md3030,B,33,34,-0.386405885219574,-212.49069595336914,0.5081361830234528,0.018698287389486683,4.786761571708591,0.22513705778055215,0.9701641798019409,0.4746306538581848,0.773115336894989,0.6238729953765869,0.45704472064971924,0.5867908000946045
d2p1-train-md3030-B-00007,train,md3030,B,39,40,-0.6080588102340698,-175.5613021850586,0.48031073808670044,0.47928043371438495,122.69579103088255,0.16163987624814657,0.9505289196968079,0.6758047938346863,0.7359423637390137,0.70587357878685,0.5707052946090698,0.770545482635498
d2p1-train-md3030-B-00008,train,md3030,B,44,45,-0.6309968829154968,-173.1287841796875,0.491889625787735,0.3714578599849403,95.09321215614472,0.7220423306579964,0.9472472667694092,0.7140932083129883,0.7080498933792114,0.7110715508460999,0.5858263373374939,0.8075710535049438
d2p1-train-md3030-B-00009,train,md3030,B,49,50,-0.7092380374670029,-220.74464797973633,0.4610714614391327,0.22474751144231017,57.535362929231404,0.043850430568024554,0.9618517756462097,0.6743286848068237,0.6874364614486694,0.6808825731277466,0.574249804019928,0.7942332625389099
d2p1-train-md3030-B-00010,train,md3030,B,54,55,-0.6030940115451813,-189.85260772705078,0.4763793647289276,0.013886343709764692,3.554903989699761,0.3188619926285666,0.9629033207893372,0.635952353477478,0.6785056591033936,0.6572290062904358,0.5538903474807739,0.7598319053649902
d2p1-train-md3030-B-00011,train,md3030,B,60,61,-0.7069244533777237,-190.5027732849121,0.4592088460922241,0.365137476462272,93.47519397434164,0.13669985354130412,0.960182785987854,0.7350578308105469,0.8011444807052612,0.768101155757904,0.6530948281288147,0.8329312205314636
d2p1-train-md3030-B-00012,train,md3030,B,65,66,-0.4081770181655884,-157.6944808959961,0.3166150152683258,0.10989231092844165,28.132431597681062,0.5013794953157904,0.9635227918624878,0.752983033657074,0.8549904823303223,0.8039867579936981,0.6940664052963257,0.8672661781311035
d2p1-train-md3030-B-00013,train,md3030,B,70,71,-0.6627737581729889,-219.99593353271484,0.47780099511146545,0.22121871008494967,56.631989781747116,0.22136726796476028,0.9656046628952026,0.6665694117546082,0.823833167552948,0.7452012896537781,0.6213537454605103,0.7885680794715881
d2p1-train-md3030-B-00014,train,md3030,B,75,76,-0.34616661071777344,-116.93963623046875,0.31821149587631226,0.27048264955640955,69.24355828644084,0.26406917598939256,0.9617711305618286,0.7868849039077759,0.8126617670059204,0.7997733354568481,0.6472600698471069,0.8969683647155762
d2p1-train-md3030-B-00015,train,md3030,B,80,81,-0.3704874515533447,-141.97789001464844,0.3121453821659088,0.38209547180146153,97.81644078117415,0.14959507719784657,0.9476172924041748,0.7973476648330688,0.8366299867630005,0.8169888257980347,0.6913955211639404,0.9020273685455322
d2p1-train-md3030-B-00016,train,md3030,B,97,98,-0.6385166943073273,-201.00185775756836,0.4369262158870697,0.2521357508271523,64.54675221175098,0.5766541018052403,0.9685808420181274,0.7201294898986816,0.822697639465332,0.7714135646820068,0.6728377342224121,0.8364241719245911
d2p1-train-md3030-B-00017,train,md3030,B,102,103,-0.6927009075880051,-212.7553367614746,0.5323123335838318,0.21823825744518396,55.868993905967095,0.23694844912875804,0.9695931673049927,0.7242244482040405,0.833784818649292,0.7790046334266663,0.6666315197944641,0.8277164101600647
d2p1-train-md3030-B-00018,train,md3030,B,107,108,-0.7293434143066406,-218.4279441833496,0.5273031294345856,0.4320095953026448,110.59445639747707,0.5597969991018571,0.9634724259376526,0.673042356967926,0.7756463289260864,0.7243443429470062,0.5968633890151978,0.7931333184242249
d2p1-train-md3030-B-00019,train,md3030,B,112,113,-0.49167877435684204,-175.1836700439453,0.3697795569896698,0.1507046268203979,38.58038446602186,0.7234182411473122,0.9633530974388123,0.7387572526931763,0.8972340822219849,0.8179956674575806,0.6822980642318726,0.8664929866790771
d2p1-train-md3030-B-00020,train,md3030,B,117,118,-0.6434280723333359,-206.48958587646484,0.4334745407104492,0.09726080798051524,24.898766843011902,0.36175530326183153,0.9606009721755981,0.6890419721603394,0.8418086767196655,0.7654253244400024,0.6326460838317871,0.8204379081726074
d2p1-train-md3030-B-00021,train,md3030,B,123,124,-0.6592435836791992,-197.45611190795898,0.3803047239780426,0.19906786973498847,50.96137465215705,0.6836556366015141,0.9685238599777222,0.7320743799209595,0.8806914687156677,0.8063829243183136,0.6708852648735046,0.8741137385368347
d2p1-train-md3030-B-00022,train,md3030,B,128,129,-0.5903270542621613,-180.71072387695312,0.28111669421195984,0.14110513017953044,36.12291332595979,0.3612380233863516,0.9724154472351074,0.7530960440635681,0.8948806524276733,0.8239883482456207,0.6965924501419067,0.8686240911483765
d2p1-train-md3030-B-00023,train,md3030,B,133,134,-0.6833123415708542,-171.67974090576172,0.45227718353271484,0.1094784414238796,28.026481004513176,0.6606431200707896,0.9729880690574646,0.6791536808013916,0.8490710258483887,0.7641123533248901,0.6279494762420654,0.7815455794334412
d2p1-train-md3030-B-00024,train,md3030,B,138,139,-0.7523404359817505,-227.0811061859131,0.4967195391654968,0.22232385087029935,56.914905822796634,0.2627377719208203,0.9791979789733887,0.6879240870475769,0.8423464894294739,0.7651352882385254,0.6439756155014038,0.7886188626289368
d2p1-train-md3030-B-00025,train,md3030,B,144,145,-0.5234007239341736,-159.64308166503906,0.35362884402275085,0.05883956762689913,15.062929312486178,0.38875609734235694,0.9591467976570129,0.7204892635345459,0.8709448575973511,0.7957170605659485,0.6796116232872009,0.8494579195976257
d2p1-train-md3030-B-00026,train,md3030,B,149,150,-0.49466872215270996,-168.54534912109375,0.4577832520008087,0.3040291963243903,77.83147425904392,0.12487084006196014,0.9624683856964111,0.6453513503074646,0.7601156830787659,0.7027335166931152,0.574519157409668,0.7754684090614319
d2p1-train-md3030-B-00027,train,md3030,B,154,155,-0.631320059299469,-221.81047821044922,0.5455557107925415,0.040831143159203644,10.452772648756133,0.41583744732846883,0.9628500938415527,0.5753313302993774,0.7925336360931396,0.6839324831962585,0.563816249370575,0.6905290484428406
d2p1-train-md3030-B-00028,train,md3030,B,159,160,-0.5541544258594513,-193.2847137451172,0.37718555331230164,0.15217520683260424,38.956852949146686,0.4945385758784098,0.9706473350524902,0.7320518493652344,0.8587188720703125,0.7953853607177734,0.6672569513320923,0.857309877872467
d2p1-train-md3030-B-00029,train,md3030,B,164,165,-0.5966382622718811,-157.0592803955078,0.32612985372543335,0.1683629817846314,43.10092333686564,0.5453587797418518,0.9634573459625244,0.7085785865783691,0.8334840536117554,0.7710313200950623,0.6361827850341797,0.8501833081245422
d2p1-train-md3030-B-00030,train,md3030,B,170,171,-0.5179287493228912,-176.4345932006836,0.33484411239624023,0.06569632959646986,16.818260376696283,0.3055978545189357,0.9648847579956055,0.6638518571853638,0.8531108498573303,0.758481353521347,0.6112431883811951,0.7797664999961853
d2p1-train-md3030-B-00031,train,md3030,B,175,176,-0.6640966236591339,-210.6597557067871,0.379254549741745,0.2388030183238104,61.13357269089546,0.1334199269692167,0.9521760940551758,0.7020149230957031,0.8144916296005249,0.758253276348114,0.6360588073730469,0.8519544005393982
d2p1-train-md3030-B-00032,train,md3030,B,180,181,-0.33173897862434387,-151.51651000976562,0.32806405425071716,0.055631997679961,14.241791406070016,0.3459260502552579,0.9720169901847839,0.7613182663917542,0.9194018840789795,0.8403600752353668,0.7110907435417175,0.8532784581184387
d2p1-train-md3030-B-00033,train,md3030,B,185,186,-0.6020788252353668,-194.3874740600586,0.33848807215690613,0.3227491787820191,82.62378976819689,0.3576074083249534,0.9765961170196533,0.7539598941802979,0.8241926431655884,0.7890762686729431,0.6455739736557007,0.8661534786224365
d2p1-train-md3030-B-00034,train,md3030,B,244,245,-0.5330431759357452,-190.03598403930664,0.32825711369514465,0.3972429467749835,101.69419437439578,0.43827008833239567,0.9696627855300903,0.7695757150650024,0.8209255933761597,0.795250654220581,0.6610663533210754,0.8575738072395325
d2p1-train-md3030-B-00035,train,md3030,B,249,250,-0.4152906537055969,-184.58106231689453,0.48386865854263306,0.3671080086524957,93.9796502150389,0.2204924053337444,0.9797839522361755,0.6668016910552979,0.8677753210067749,0.7672885060310364,0.6247843503952026,0.7661176323890686
d2p1-train-md3030-B-00036,train,md3030,B,254,255,-0.5777701735496521,-227.3454647064209,0.5066877007484436,0.42768801783255567,109.48813256513425,0.4316458424417272,0.9762866497039795,0.6546671390533447,0.8483899831771851,0.7515285611152649,0.6204850673675537,0.769293487071991
d2p1-train-md3030-B-00037,train,md3030,B,259,260,-0.6843497157096863,-232.99409103393555,0.5012273192405701,0.3366927395157054,86.19334131602058,0.392299535162728,0.9752014875411987,0.7019720673561096,0.8398348093032837,0.7709034383296967,0.6769231557846069,0.8205875754356384
d2p1-train-md3030-B-00038,train,md3030,B,264,265,-0.6886361539363861,-223.14072799682617,0.4579198658466339,0.07116503026826478,18.218247748675783,0.44036315208991855,0.9637434482574463,0.7548348903656006,0.8891056776046753,0.8219702839851379,0.702406644821167,0.877324640750885
d2p1-train-md3030-B-00039,train,md3030,B,270,271,-0.4583338797092438,-168.438232421875,0.32884132862091064,0.17429581998035187,44.61972991497008,0.3154928653396134,0.9707064032554626,0.8072890043258667,0.8870417475700378,0.8471653759479523,0.6994054317474365,0.908111572265625
d2p1-train-md3030-B-00040,train,md3030,B,275,276,-0.36983904242515564,-154.77654266357422,0.2973513603210449,0.24743939254226388,63.34448449081955,0.296187352456435,0.9477088451385498,0.7846646904945374,0.8463108539581299,0.8154877722263336,0.679174542427063,0.9144255518913269
d2p1-train-md3030-B-00041,train,md3030,B,280,281,-0.33999544382095337,-163.5672378540039,0.317531555891037,0.0577256246776866,14.777759917487769,0.16640731272529757,0.9576042294502258,0.7279818058013916,0.854686439037323,0.7913341224193573,0.6530432105064392,0.8575141429901123
d2p1-train-md3030-B-00042,train,md3030,B,285,286,-0.6429644823074341,-210.46246337890625,0.3740192949771881,0.32837123117426115,84.06303518061085,0.25172618973387995,0.9681285619735718,0.7134172320365906,0.8608812093734741,0.7871492207050323,0.6487118005752563,0.8066426515579224
d2p1-train-md3030-B-00043,train,md3030,B,291,292,-0.7773879170417786,-214.91279983520508,0.5523653924465179,0.3691700397604814,94.50753017868324,0.91528783241505,0.9397693872451782,0.7069330215454102,0.7267658710479736,0.7168494462966919,0.6184775829315186,0.8398138880729675
d2p1-train-md3030-B-00044,train,md3030,B,296,297,-0.5880890190601349,-192.03926849365234,0.40863168239593506,0.17672448151365938,45.2414672674968,0.2781491098857879,0.9676637053489685,0.7374027371406555,0.912125825881958,0.8247642815113068,0.7038587331771851,0.8513921499252319
d2p1-train-md3030-B-00045,train,md3030,B,301,302,-0.6370859891176224,-206.14250564575195,0.368033766746521,0.25790923741297367,66.02476477772126,0.5164438708327702,0.9747207164764404,0.7268190383911133,0.8994671106338501,0.8131430745124817,0.6764076948165894,0.8703218102455139
d2p1-train-md3030-B-00046,train,md3030,B,306,307,-0.5857168138027191,-185.98952865600586,0.3879844844341278,0.04890048833574633,12.518525013951061,0.46548082094586807,0.958667516708374,0.7280802726745605,0.8674136400222778,0.7977469563484192,0.667670488357544,0.8308652639389038
d2p1-train-md3030-B-00047,train,md3030,B,315,316,-0.31932568550109863,-133.8375473022461,0.3562314212322235,0.08009075643556397,20.503233647504377,0.5591638638779112,0.9445189833641052,0.7601901292800903,0.8386989831924438,0.7994445562362671,0.6685083508491516,0.8653590083122253
d2p1-train-md3030-B-00048,train,md3030,B,321,322,-0.47672033309936523,-183.98622131347656,0.31973180174827576,0.09842096483369278,25.195766997425352,0.4521968611095616,0.9783869981765747,0.7881869673728943,0.9053563475608826,0.8467716574668884,0.7025424242019653,0.8663192987442017
d2p1-train-md3030-B-00049,train,md3030,B,326,327,-0.7381254881620407,-209.20726013183594,0.410834401845932,0.3470318868311477,88.84016302877382,0.6233859387660314,0.9576770067214966,0.7989299297332764,0.8220590949058533,0.8104945123195648,0.6639419794082642,0.9115113615989685
d2p1-train-md3030-B-00050,train,md3030,B,331,332,-0.24352139234542847,-55.756591796875,0.310068815946579,0.3384668660955418,86.6475177204587,0.2358503434595392,0.9117729663848877,0.7930376529693604,0.7825031876564026,0.7877704203128815,0.6074901819229126,0.9105930328369141
d2p1-train-md3030-B-00051,train,md3030,B,336,337,-0.5082044005393982,-200.89472579956055,0.3224277198314667,0.2905965670728178,74.39272117064135,0.19547491213673962,0.9590747952461243,0.7673401832580566,0.786750078201294,0.7770451307296753,0.667943000793457,0.8821532726287842
d2p1-train-md3030-B-00052,train,md3030,B,342,343,-0.5426588952541351,-181.1073226928711,0.31869298219680786,0.21022545288907124,53.81771593960224,0.7090507021456486,0.9648375511169434,0.7328553199768066,0.8269546627998352,0.7799049913883209,0.6749526262283325,0.8795619010925293
d2p1-train-md3030-B-00053,train,md3030,B,347,348,-0.4885232746601105,-175.624267578125,0.36876004934310913,0.2243747542074543,57.439937077108304,0.39189804898351754,0.9660542011260986,0.8036047220230103,0.8288682699203491,0.8162364959716797,0.6665288805961609,0.9005302786827087
d2p1-train-md3030-B-00054,train,md3030,B,352,353,-0.41545289754867554,-108.03987121582031,0.4435264766216278,0.2451852543986575,62.76742512605632,0.3912735737138435,0.950555682182312,0.7596938610076904,0.7660621404647827,0.7628780007362366,0.639255702495575,0.8814181685447693
d2p1-train-md3030-B-00055,train,md3030,B,357,358,-0.564898282289505,-204.9479637145996,0.38252630829811096,0.29805724111592224,76.3026537256761,0.2870085238533295,0.9561572670936584,0.7544373869895935,0.8277159929275513,0.7910766899585724,0.6720174551010132,0.878496527671814
d2p1-train-md3030-B-00056,train,md3030,B,362,394,-0.23189926147460938,-89.13675689697266,0.04104524850845337,0.16251112605853665,41.60284827098538,0.42526969038025975,0.9215685725212097,0.8306906819343567,0.8365841507911682,0.8336374163627625,0.6297692060470581,0.9163899421691895
d2p1-train-md3030-B-00057,train,md3030,B,399,400,-0.4915056526660919,-179.04605865478516,0.3998855948448181,0.10773755670008031,27.58081451522056,0.3607970531404777,0.956023097038269,0.7845982313156128,0.8814516067504883,0.8330249190330505,0.7037948369979858,0.8766533732414246
d2p1-train-md3030-B-00058,train,md3030,B,404,405,-0.3957613706588745,-145.8475799560547,0.25686362385749817,0.43449566221133334,111.23088952610134,0.36395898921576547,0.9749218225479126,0.8539206981658936,0.8858084082603455,0.8698645532131195,0.7350677251815796,0.9520846009254456
d2p1-train-md3030-B-00059,train,md3030,B,409,410,-0.3594016432762146,-78.56259536743164,0.24278539419174194,0.23541576649931506,60.266436223824655,0.49195029750779107,0.964905858039856,0.8403521776199341,0.9028758406639099,0.871614009141922,0.7703739404678345,0.9001094698905945
d2p1-train-md3030-B-00060,train,md3030,B,445,446,-0.4536392092704773,-184.57279205322266,0.22004222869873047,0.41625456056356097,106.56116750427161,0.33292999052405237,0.9090548753738403,0.7101570963859558,0.7418556213378906,0.7260063588619232,0.6408332586288452,0.8444437980651855
d2p1-train-md3030-B-00061,train,md3030,B,450,451,-0.5072970688343048,-205.6064682006836,0.2081449329853058,0.4534743278607559,116.08942793235352,0.35059215176604264,0.924899697303772,0.7476463317871094,0.8040761351585388,0.7758612334728241,0.6384327411651611,0.8792895674705505
d2p1-train-md3030-B-00062,train,md3030,B,456,457,-0.38044995069503784,-154.6172866821289,0.4478802978992462,0.0243862242998986,6.242873420774042,0.17206202133709386,0.9634398818016052,0.6257256865501404,0.8339767456054688,0.7298512160778046,0.5987071394920349,0.719402015209198
d2p1-train-md3030-B-00063,train,md3030,B,461,462,-0.5097613632678986,-207.50318145751953,0.4838482737541199,0.015165360124512025,3.8823321918750784,0.134307604977062,0.9743916988372803,0.5700120329856873,0.8482543230056763,0.7091331779956818,0.5586939454078674,0.6651585102081299
d2p1-train-md3030-B-00064,train,md3030,B,466,467,-0.6541598439216614,-183.27365112304688,0.5518138110637665,0.5183498663510784,132.69756578587607,0.5228148752111685,0.9027068614959717,0.6212928295135498,0.6841913461685181,0.6527420878410339,0.5162503719329834,0.7899652123451233
d2p1-train-md3030-B-00065,train,md3030,B,471,472,-0.43338292837142944,-179.62931060791016,0.37766432762145996,0.46108878739317855,118.03872957265371,0.40863646700107664,0.8653203845024109,0.6592242121696472,0.683620810508728,0.6714225113391876,0.5583880543708801,0.8011123538017273
d2p1-train-md3030-B-00066,train,md3030,B,477,478,-0.47504669427871704,-186.35691833496094,0.34442490339279175,0.3351977516106893,85.81062441233647,0.2611314558169477,0.8899272680282593,0.6684653162956238,0.6685106754302979,0.6684879958629608,0.5718172192573547,0.8022353649139404
d2p1-train-md3030-B-00067,train,md3030,B,482,483,-0.3593137562274933,-145.14763641357422,0.22427836060523987,0.4872167910020234,124.727498496518,0.5755114896860285,0.8824654221534729,0.6708362102508545,0.6975787878036499,0.6842074990272522,0.5700246095657349,0.8123867511749268
d2p1-train-md3030-B-00068,train,md3030,B,487,488,-0.455157995223999,-171.29938507080078,0.3134441077709198,0.1459844738346724,37.37202530167613,0.42182252197222714,0.915606677532196,0.6232685446739197,0.6826112270355225,0.6529398858547211,0.5543849468231201,0.7662603855133057
d2p1-train-md3030-B-00069,train,md3030,B,492,493,-0.23998475074768066,-94.95578002929688,0.3359006643295288,0.01876427810929319,4.803655195979057,0.529799119824626,0.904731273651123,0.6667295694351196,0.7214865684509277,0.6941080689430237,0.5824098587036133,0.7956743240356445
d2p1-train-md3030-B-00070,train,md3030,B,510,511,-0.7594202756881714,-223.36970901489258,0.4869351387023926,0.06477355080043351,16.58202900491098,0.27785700788110823,0.951551079750061,0.6370999813079834,0.8122402429580688,0.7246701121330261,0.5820504426956177,0.7819139957427979
d2p1-train-md3030-B-00071,train,md3030,B,516,517,-0.590005099773407,-206.95735931396484,0.3752635717391968,0.15764569311231175,40.35729743675181,0.3945437157009777,0.9504151344299316,0.6680422425270081,0.7693138122558594,0.7186780273914337,0.5947225093841553,0.8268488645553589
d2p1-train-md3030-B-00072,train,md3030,B,521,522,-0.45707616209983826,-166.19641494750977,0.23555660247802734,0.23878534018937309,61.12904708847951,0.9177887131526494,0.9568774700164795,0.7986195683479309,0.8672144412994385,0.8329170048236847,0.7227940559387207,0.8797491192817688
d2p1-train-md3030-C-00000,train,md3030,C,3,4,-0.47527970373630524,-127.96468257904053,0.26846861839294434,0.44342580834204054,113.51700693556238,0.3745573220161005,0.9519445896148682,0.7688328623771667,0.8637655973434448,0.8162992298603058,0.6632481217384338,0.841439962387085
d2p1-train-md3030-C-00001,train,md3030,C,10,11,-0.16311007738113403,-54.40910339355469,0.21188485622406006,0.37866531604009074,96.93832090626323,0.5800539103728453,0.9515504837036133,0.7577818036079407,0.9003969430923462,0.8290893733501434,0.6629326343536377,0.8449904322624207
d2p1-train-md3030-C-00002,train,md3030,C,16,17,-0.457249715924263,-124.51202774047852,0.3414155840873718,0.4151190911233794,106.27048732758513,0.3803757864564421,0.960026741027832,0.8085464239120483,0.8795226812362671,0.8440345525741577,0.6633745431900024,0.8503344655036926
d2p1-train-md3030-C-00003,train,md3030,C,23,24,-0.09887075424194336,-53.4229736328125,0.17024195194244385,0.3932675327011378,100.67648837149127,0.42314980130657187,0.9394475221633911,0.805932343006134,0.876570463180542,0.841251403093338,0.6410081386566162,0.8882695436477661
d2p1-train-md3030-C-00004,train,md3030,C,30,31,-0.03550305962562561,-15.63116455078125,0.10984784364700317,0.2575937042306402,65.9439882830439,0.3082745416565256,0.9447621703147888,0.822975754737854,0.8691668510437012,0.8460713028907776,0.6660522222518921,0.8910532593727112
d2p1-train-md3030-C-00005,train,md3030,C,36,37,-0.2224562168121338,-32.49833679199219,0.16104942560195923,0.17238383154762071,44.1302608761909,0.20839555875554225,0.9416658878326416,0.8819897770881653,0.9038711190223694,0.8929304480552673,0.7500189542770386,0.9329662919044495
d2p1-train-md3030-C-00006,train,md3030,C,43,44,-0.044130563735961914,-20.78742218017578,0.1282309889793396,0.26531390170247465,67.92035883583351,0.2642533355260188,0.9527730345726013,0.8532912135124207,0.8482875823974609,0.8507893979549408,0.7166199684143066,0.9213683009147644
d2p1-train-md3030-C-00007,train,md3030,C,50,51,-0.36133337020874023,-132.92322540283203,0.14348125457763672,0.27590383590731815,70.63138199227345,0.2236523281163977,0.9630760550498962,0.8454514741897583,0.8851778507232666,0.8653146624565125,0.7324060201644897,0.9327465891838074
d2p1-train-md3030-C-00008,train,md3030,C,56,57,-0.15546903014183044,-53.96733856201172,0.11179083585739136,0.2918684044629071,74.71831154250422,0.4790215244619709,0.9614362716674805,0.8685370087623596,0.867712140083313,0.8681245744228363,0.7540668249130249,0.9371474981307983
d2p1-train-md3030-C-00009,train,md3030,C,63,64,-0.1826746165752411,-67.83283233642578,0.03423047065734863,0.4682891851124977,119.8820313887994,0.1862816071197675,0.9422652721405029,0.8179250955581665,0.8154025673866272,0.8166638314723969,0.7006204128265381,0.9220687747001648
d2p1-train-md3030-C-00010,train,md3030,C,70,71,-0.12468034029006958,-39.58566665649414,0.02201712131500244,0.35601576214851766,91.14003511002052,0.03526604443958587,0.9597746133804321,0.8493565320968628,0.8511741161346436,0.8502653241157532,0.7098920345306396,0.925427258014679
d2p1-train-md3030-C-00011,train,md3030,C,76,77,-0.31094110012054443,-68.14795684814453,0.08630931377410889,0.3024590194319157,77.42950897457042,0.41084738782590385,0.9478240013122559,0.8309603929519653,0.8365517854690552,0.8337560892105103,0.7148488759994507,0.9146937727928162
d2p1-train-md3030-C-00012,train,md3030,C,83,84,-0.02870410680770874,18.04253387451172,0.047418057918548584,0.2966169712998939,75.93394465277284,0.26255896295899794,0.9414415955543518,0.8090299963951111,0.8032048344612122,0.8061174154281616,0.6947916746139526,0.9039043188095093
d2p1-train-md3030-C-00013,train,md3030,C,101,102,-0.4465491473674774,-108.01890850067139,0.13550066947937012,0.14413959935905338,36.899737435917665,0.3179392590774812,0.9489572644233704,0.8340358138084412,0.8860989809036255,0.8600673973560333,0.7665995359420776,0.9190075397491455
d2p1-train-md3030-C-00014,train,md3030,C,107,108,-0.3107708990573883,-88.28762626647949,0.1435948610305786,0.14750738970374785,37.76189176415945,0.23829421157149103,0.9421716332435608,0.7875877618789673,0.8823333382606506,0.834960550069809,0.7081738710403442,0.8859965801239014
d2p1-train-md3030-C-00015,train,md3030,C,114,115,-0.4446246773004532,-144.44737434387207,0.18581324815750122,0.37182678622491017,95.187657273577,0.27057837103317206,0.9430690407752991,0.7775487899780273,0.8171721696853638,0.7973604798316956,0.6906945705413818,0.8739373683929443
d2p1-train-md3030-C-00016,train,md3030,C,121,122,-0.4043053239583969,-138.97667121887207,0.1936577558517456,0.48588550412729925,124.38668905658861,0.24634739645189396,0.958012580871582,0.7807631492614746,0.8338003158569336,0.8072817325592041,0.6968809366226196,0.8631221055984497
d2p1-train-md3030-C-00017,train,md3030,C,127,128,-0.41778993606567383,-117.51672554016113,0.17948246002197266,0.35405226281709806,90.6373792811771,0.155928954061948,0.960896372795105,0.7849258184432983,0.84568190574646,0.8153038620948792,0.7354418039321899,0.890230655670166
d2p1-train-md3030-C-00018,train,md3030,C,134,135,-0.42062972486019135,-112.17497634887695,0.15219157934188843,0.32988447320169306,84.45042513963342,0.09583154455551088,0.9610683917999268,0.8075887560844421,0.8603929877281189,0.8339908719062805,0.7252258658409119,0.9060351848602295
d2p1-train-md3030-C-00019,train,md3030,C,141,142,-0.42074723541736603,-85.29909133911133,0.18405681848526,0.2552009747678241,65.33144954056297,0.05429110092333471,0.955450713634491,0.7747700214385986,0.8050581216812134,0.789914071559906,0.7065328359603882,0.848716139793396
d2p1-train-md3030-C-00020,train,md3030,C,148,149,-0.4713824391365051,-129.09011459350586,0.14940834045410156,0.4332901884579049,110.92228824522365,0.23237419223263833,0.9571788311004639,0.7862663865089417,0.8535217642784119,0.8198940753936768,0.728847324848175,0.8789078593254089
d2p1-train-md3030-C-00021,train,md3030,C,154,155,-0.3869624137878418,-121.42888641357422,0.17338132858276367,0.43421343731165785,111.15863995178441,0.18989606573151024,0.9555870890617371,0.7895044088363647,0.7958908081054688,0.7926976084709167,0.6916055679321289,0.8786188364028931
d2p1-train-md3030-C-00022,train,md3030,C,161,162,-0.27784621715545654,-84.17962646484375,0.15031909942626953,0.2975310008853242,76.167936226643,0.18561183330780895,0.9608600735664368,0.8174740076065063,0.8387503623962402,0.8281121850013733,0.723308801651001,0.916662871837616
d2p1-train-md3030-C-00023,train,md3030,C,168,169,-0.5274770855903625,-141.8505744934082,0.22705060243606567,0.363425734665953,93.03698807448397,0.35361116580392904,0.9620211124420166,0.7974754571914673,0.8417671918869019,0.8196213245391846,0.7040742635726929,0.8865245580673218
d2p1-train-md3030-C-00024,train,md3030,C,174,175,-0.4407994896173477,-104.42960357666016,0.1778150200843811,0.08193779205072284,20.976074764985047,0.1547138650630186,0.9519726037979126,0.779994785785675,0.863974928855896,0.8219848573207855,0.7045881748199463,0.8798530101776123
d2p1-train-md3030-C-00025,train,md3030,C,181,182,-0.4001387357711792,-110.16028594970703,0.15732139348983765,0.2405551885818749,61.58212827695998,0.1491344447973289,0.9520280361175537,0.8311625719070435,0.8592832088470459,0.8452228903770447,0.7219313383102417,0.9337648749351501
d2p1-train-md3030-C-00026,train,md3030,C,241,242,-0.3772904574871063,-95.94998741149902,0.08082693815231323,0.22428268870955542,57.41636830964619,0.3467661841208865,0.9620122909545898,0.8400676250457764,0.8496066331863403,0.8448371291160583,0.7585119009017944,0.9212996959686279
d2p1-train-md3030-C-00027,train,md3030,C,247,248,-0.48278217017650604,-134.42629432678223,0.1753876805305481,0.25053143608375583,64.1360476374415,0.49428349370722113,0.9485982656478882,0.773483157157898,0.7865160703659058,0.7799996137619019,0.6805458068847656,0.8787298798561096
d2p1-train-md3030-C-00028,train,md3030,C,254,255,-0.40184155106544495,-125.28509140014648,0.15680593252182007,0.10464609803426439,26.789401096771684,0.6962470262626212,0.9513986110687256,0.7738054990768433,0.8485419750213623,0.8111737370491028,0.7002015709877014,0.8491986393928528
d2p1-train-md3030-C-00029,train,md3030,C,261,262,-0.10920804738998413,-56.935768127441406,0.07010924816131592,0.39702427017826103,101.63821316563482,0.34070169648179527,0.9557136297225952,0.82546466588974,0.8320972919464111,0.8287809789180756,0.6920301914215088,0.922322154045105
d2p1-train-md3030-C-00030,train,md3030,C,267,268,-0.3132278323173523,-109.7066764831543,0.16678273677825928,0.3265576554357378,83.59875979154887,0.408550142909019,0.9532570242881775,0.7869530916213989,0.826542854309082,0.8067479729652405,0.6655953526496887,0.8534209132194519
d2p1-train-md3030-C-00031,train,md3030,C,274,275,-0.37544137239456177,-101.3067855834961,0.16065973043441772,0.27188799270854214,69.60332613338679,0.3740721271119849,0.9601768255233765,0.7934054136276245,0.8359423875808716,0.814673900604248,0.7007459402084351,0.8844678401947021
d2p1-train-md3030-C-00032,train,md3030,C,281,282,-0.49496398866176605,-138.0681552886963,0.24750924110412598,0.20733742355040913,53.07838042890474,0.17499100426700598,0.9553607702255249,0.7448703050613403,0.8868270516395569,0.8158486783504486,0.6457889080047607,0.7818135619163513
d2p1-train-md3030-C-00033,train,md3030,C,287,288,-0.32732123136520386,-128.3648452758789,0.23472511768341064,0.11423566319563075,29.24432977808147,0.18614407434706332,0.9474235773086548,0.703026533126831,0.8063910603523254,0.7547087967395782,0.6227133274078369,0.8011302947998047
d2p1-train-md3030-C-00034,train,md3030,C,294,295,-0.4749234616756439,-114.31945419311523,0.15820574760437012,0.4194192639091098,107.3713315607321,0.17518938210006774,0.9541822075843811,0.8261558413505554,0.8414987921714783,0.8338273167610168,0.7214524745941162,0.9280862808227539
d2p1-train-md3030-C-00035,train,md3030,C,301,302,-0.14203792810440063,-39.87406921386719,0.0997346043586731,0.4600712572525574,117.77824185665469,0.18287646480601924,0.944159984588623,0.8336054086685181,0.842806875705719,0.8382061421871185,0.7027955055236816,0.9199766516685486
d2p1-train-md3030-C-00036,train,md3030,C,307,308,-0.026563942432403564,-28.375534057617188,0.003960788249969482,0.40297695271405093,103.16209989479704,0.411323621838301,0.9406601190567017,0.8016862869262695,0.7750990390777588,0.7883926630020142,0.6958103179931641,0.8964934945106506
d2p1-train-md3030-C-00037,train,md3030,C,318,319,-0.31016480922698975,-130.91011428833008,0.1152266263961792,0.34411543187741106,88.09355056061723,0.1720385945474116,0.9563739895820618,0.7782504558563232,0.8479365706443787,0.813093513250351,0.6993845701217651,0.8738436102867126
d2p1-train-md3030-C-00038,train,md3030,C,325,326,-0.15590649843215942,-61.075439453125,-0.0035216212272644043,0.33491614656701435,85.73853352115567,0.16873201131660626,0.9306402802467346,0.8506699800491333,0.8552313446998596,0.8529506623744965,0.7295113801956177,0.9436874985694885
d2p1-train-md3030-C-00039,train,md3030,C,332,333,0.03470653295516968,58.74510192871094,-0.09847217798233032,0.361191195028387,92.46494592726707,0.28810305032467926,0.9349374771118164,0.8381204605102539,0.8375049829483032,0.8378127217292786,0.7170659303665161,0.9179905652999878
d2p1-train-md3030-C-00040,train,md3030,C,338,339,-0.1805218756198883,-67.096435546875,0.001963675022125244,0.372207687758293,95.285168066123,0.1371416833334265,0.9589228630065918,0.809844970703125,0.8304453492164612,0.8201451599597931,0.7015287280082703,0.9111019968986511
d2p1-train-md3030-C-00041,train,md3030,C,345,346,0.03497534990310669,20.540939331054688,-0.052385687828063965,0.3164217316540265,81.00396330343078,0.2190680846376145,0.9347553253173828,0.8663781881332397,0.8713690042495728,0.8688735961914062,0.726963996887207,0.9367737770080566
d2p1-train-md3030-C-00042,train,md3030,C,352,353,-0.2405824065208435,-99.74862670898438,0.04968416690826416,0.2800010828726476,71.68027721539778,0.1704940734277474,0.9438490867614746,0.8271452188491821,0.8182775974273682,0.8227114081382751,0.6722327470779419,0.9197209477424622
d2p1-train-md3030-C-00043,train,md3030,C,358,359,-0.30051761865615845,-85.61677551269531,0.062251508235931396,0.285083202009669,72.98129971447527,0.3421775389858589,0.9350419044494629,0.8361499905586243,0.8267266750335693,0.8314383327960968,0.6598919630050659,0.9350829720497131
d2p1-train-md3030-C-00044,train,md3030,C,396,397,-0.1896817684173584,-52.35975646972656,0.1166006326675415,0.26174508770096744,67.00674245144766,0.13565397107715949,0.9411933422088623,0.8116518259048462,0.816901445388794,0.8142766356468201,0.6747013926506042,0.8978459239006042
d2p1-train-md3030-C-00045,train,md3030,C,403,404,-0.09925886988639832,2.3735885620117188,0.1257224678993225,0.32726415001907483,83.77962240488316,0.17549704078975326,0.9429501295089722,0.8091967701911926,0.8050646781921387,0.8071307241916656,0.6824151873588562,0.8984192609786987
d2p1-train-md3030-C-00046,train,md3030,C,409,410,-0.1753768026828766,-68.8321304321289,0.09540170431137085,0.44977091702134414,115.1413547574641,0.2236244976616033,0.9348911046981812,0.8799910545349121,0.8584649562835693,0.8692280054092407,0.7702633738517761,0.9483360052108765
d2p1-train-md3030-C-00047,train,md3030,C,447,448,-0.5037584602832794,-163.29510879516602,0.19997191429138184,0.12644504058646847,32.36993039013593,0.5705663381565681,0.9514169692993164,0.795425295829773,0.8336398005485535,0.8145325481891632,0.6951143145561218,0.8648815155029297
d2p1-train-md3030-C-00048,train,md3030,C,454,455,-0.29367774724960327,-43.97209167480469,0.16114085912704468,0.1195742998325014,30.611020757120357,0.5574415967208814,0.9492861032485962,0.7599533796310425,0.8005732297897339,0.7802633047103882,0.6840585470199585,0.8691956996917725
d2p1-train-md3030-C-00049,train,md3030,C,460,461,-0.3306078612804413,-101.09429168701172,0.1895895004272461,0.10272985147584929,26.298841977817418,0.5404769645072491,0.9486514925956726,0.7885357737541199,0.7855138182640076,0.7870247960090637,0.6886149644851685,0.8694939613342285
d2p1-train-md3030-C-00050,train,md3030,C,467,468,-0.27161234617233276,-98.21255493164062,0.2697291970252991,0.11317896003360697,28.973813768603385,0.6010691669752928,0.9424150586128235,0.765514612197876,0.7684259414672852,0.7669702768325806,0.676877498626709,0.8514419198036194
d2p1-train-md3030-C-00051,train,md3030,C,474,475,-0.33757537603378296,-135.63440704345703,0.16605627536773682,0.08598233334702679,22.01147733683886,0.40310603093076736,0.9376676082611084,0.7850184440612793,0.8164758682250977,0.8007471561431885,0.7156859636306763,0.9047743082046509
d2p1-train-md3030-C-00052,train,md3030,C,480,481,-0.40027105808258057,-137.32126998901367,0.18471068143844604,0.06314693731684627,16.165615953112646,0.5693842115772472,0.939532995223999,0.8092595338821411,0.8262938857078552,0.8177767097949982,0.7345973253250122,0.8990275859832764
d2p1-train-md3030-C-00053,train,md3030,C,487,488,-0.6551763564348221,-196.49618530273438,0.3019499182701111,0.3589307780515109,91.8862791811868,0.25999592795958987,0.9308449029922485,0.6913042068481445,0.7370898723602295,0.714197039604187,0.6207821369171143,0.8051840662956238
d2p1-train-md3030-C-00054,train,md3030,C,494,495,-0.5063912868499756,-115.19695281982422,0.3135315179824829,0.12074458607909544,30.910614036248433,0.4181941216001062,0.9482505917549133,0.7041405439376831,0.7052627801895142,0.7047016620635986,0.6067372560501099,0.80415940284729
d2p1-train-md3030-C-00055,train,md3030,C,513,514,-0.3129589557647705,-111.51177978515625,0.17641466856002808,0.23481793521091066,60.11339141399313,0.3097310860390345,0.9324727058410645,0.7614894509315491,0.7929531931877136,0.7772213220596313,0.6783337593078613,0.8830153346061707
d2p1-train-md3030-C-00056,train,md3030,C,520,521,-0.5077435374259949,-153.66502380371094,0.18211966753005981,0.32309923749174196,82.71340479788594,0.15867749264888426,0.9557636976242065,0.7601293325424194,0.7634040117263794,0.7617666721343994,0.6759832501411438,0.8674440979957581
d2p1-train-md3031-A-00000,train,md3031,A,7,8,-0.6849742084741592,-201.11663436889648,0.5254592597484589,0.06438750847695562,16.48320217010064,0.5262175759450851,0.9433557987213135,0.6863501071929932,0.7963895797729492,0.7413698434829712,0.6110607385635376,0.8070243000984192
d2p1-train-md3031-A-00001,train,md3031,A,21,22,-0.5779445767402649,-175.89573669433594,0.5180229842662811,0.3746261318571708,95.90428975543573,0.8275992884265001,0.9463916420936584,0.7148426175117493,0.8124783039093018,0.7636604607105255,0.6301267147064209,0.8507322072982788
d2p1-train-md3031-A-00002,train,md3031,A,52,53,-0.47826674580574036,-175.7082290649414,0.4694792926311493,0.03780864065125034,9.679012006720088,0.56371266249945,0.9493382573127747,0.7022701501846313,0.8213568329811096,0.7618134915828705,0.6264876127243042,0.786396324634552
d2p1-train-md3031-A-00003,train,md3031,A,67,68,-0.6915921419858932,-180.6134262084961,0.5303272604942322,0.08879726844501089,22.732100721922787,0.8772162248003098,0.9543741941452026,0.6728613376617432,0.8074340224266052,0.7401476800441742,0.6163817644119263,0.7789944410324097
d2p1-train-md3031-A-00004,train,md3031,A,81,82,-0.649418443441391,-128.85877227783203,0.43386393785476685,0.37842827638675813,96.87763875501008,0.43630627891081875,0.9454944729804993,0.7164792418479919,0.8009493350982666,0.7587142884731293,0.5926142334938049,0.8226733803749084
d2p1-train-md3031-A-00005,train,md3031,A,95,96,-0.36368483304977417,-110.04226684570312,0.3229266405105591,0.509793511873485,130.50713903961216,0.8450760038182737,0.9042682647705078,0.7345734238624573,0.7513070106506348,0.742940217256546,0.5924556851387024,0.8627077341079712
d2p1-train-md3031-A-00006,train,md3031,A,109,110,-0.8122097030282021,-236.47032165527344,0.5931513011455536,0.09937869411615155,25.440945693734797,0.7920544268868563,0.9473533630371094,0.6255327463150024,0.7996572256088257,0.7125949859619141,0.5617311000823975,0.7298048138618469
d2p1-train-md3031-A-00007,train,md3031,A,137,138,-0.7719849348068237,-240.3415985107422,0.5287429094314575,0.24026120220480549,61.506867764430204,0.601790593637509,0.9469666481018066,0.6297141313552856,0.7920184135437012,0.7108662724494934,0.5787469148635864,0.7274506688117981
d2p1-train-md3031-A-00008,train,md3031,A,151,152,-0.8059964776039124,-243.08197689056396,0.6026141345500946,0.08106629290729493,20.752970984267503,0.3036128057349747,0.940886914730072,0.6078528165817261,0.8467353582382202,0.7272940874099731,0.5655690431594849,0.7131866812705994
d2p1-train-md3031-A-00009,train,md3031,A,165,166,-0.7106519490480423,-226.18451499938965,0.5807539820671082,0.05347589100422669,13.689828097082033,0.48394790857376374,0.9272803068161011,0.6683636903762817,0.8246752023696899,0.7465194463729858,0.6078242063522339,0.7953882217407227
d2p1-train-md3031-A-00010,train,md3031,A,180,181,-0.6354622542858124,-218.46096420288086,0.5489988327026367,0.03702349729979783,9.478015308748244,0.26993110730397946,0.9460038542747498,0.7572634220123291,0.8537580370903015,0.8055107295513153,0.6598941087722778,0.8509581089019775
d2p1-train-md3031-A-00011,train,md3031,A,194,195,-0.6603395342826843,-230.2514362335205,0.5743654370307922,0.04730663415225725,12.110498342977856,0.3735218762447757,0.941956639289856,0.6103159189224243,0.8496944904327393,0.7300052046775818,0.5822863578796387,0.7215351462364197
d2p1-train-md3031-A-00012,train,md3031,A,208,209,-0.6372427344322205,-219.47632217407227,0.5603757202625275,0.04328835873974383,11.08181983737442,0.4189457983024215,0.9349480271339417,0.6495251655578613,0.8608489036560059,0.7551870346069336,0.6021198034286499,0.779466986656189
d2p1-train-md3031-A-00013,train,md3031,A,238,239,-0.5455167889595032,-182.10599517822266,0.5451796650886536,0.06666817425838888,17.067052610147552,0.5695557696328859,0.948763370513916,0.6320611238479614,0.8452785611152649,0.7386698424816132,0.5992571115493774,0.7663286924362183
d2p1-train-md3031-A-00014,train,md3031,A,252,253,-0.6466911435127258,-178.68612670898438,0.5258228182792664,0.45817686192109214,117.29327665179959,0.480011060120037,0.9552642107009888,0.7004503607749939,0.7730451226234436,0.7367477416992188,0.5704102516174316,0.8082771301269531
d2p1-train-md3031-A-00015,train,md3031,A,266,267,-0.2290424108505249,-13.6322021484375,0.29649052023887634,0.35763381142039,91.55425572361985,0.7179393320822652,0.9057397842407227,0.7428480982780457,0.7600263357162476,0.7514372169971466,0.5862559080123901,0.8724047541618347
d2p1-train-md3031-A-00016,train,md3031,A,294,295,-0.41362789273262024,-123.23576354980469,0.4893430173397064,0.33118669394254413,84.7837936492913,0.9298338676894558,0.8942415714263916,0.714123547077179,0.7522242069244385,0.7331738770008087,0.5652742385864258,0.8381266593933105
d2p1-train-md3031-A-00017,train,md3031,A,380,381,-0.07192713022232056,-1.2657318115234375,0.21415790915489197,0.4468565818808331,114.39528496149327,0.538944619244655,0.9183231592178345,0.7899553775787354,0.7892139554023743,0.7895846664905548,0.5835562348365784,0.9115315079689026
d2p1-train-md3031-A-00018,train,md3031,A,394,395,-0.318687379360199,-67.72540283203125,0.22866463661193848,0.34573913999115397,88.50921983773542,0.8626670710717633,0.9067939519882202,0.7438703775405884,0.7238774299621582,0.7338739037513733,0.558837354183197,0.871006429195404
d2p1-train-md3031-A-00019,train,md3031,A,408,409,-0.7557338625192642,-116.71487426757812,0.4928777813911438,0.48774852282206826,124.86362184244948,0.7338553454276228,0.9409832954406738,0.6385884284973145,0.7476924657821655,0.69314044713974,0.5890393257141113,0.7768632769584656
d2p1-train-md3031-A-00020,train,md3031,A,464,465,-0.6399891674518585,-144.42626190185547,0.4507844150066376,0.4264816265031583,109.17929638480852,0.46227180842630344,0.91937655210495,0.6994330286979675,0.6939504146575928,0.6966917216777802,0.5850632190704346,0.8277772665023804
d2p1-train-md3031-A-00021,train,md3031,A,478,479,-0.8075172156095505,-189.57733154296875,0.56062051653862,0.3469024021782916,88.80701495764265,0.6486759078694414,0.9118279218673706,0.6901816129684448,0.794700562953949,0.7424410879611969,0.5988950133323669,0.8345568180084229
d2p1-train-md3031-A-00022,train,md3031,A,492,493,-0.8330574780702591,-211.25384902954102,0.5575519800186157,0.049127363234690594,12.576604988080792,0.45160716483216895,0.9342491030693054,0.5818403363227844,0.7623725533485413,0.6721064448356628,0.5249596238136292,0.723720908164978
d2p1-train-md3031-A-00023,train,md3031,A,507,508,-0.7753206342458725,-212.56099700927734,0.5822112262248993,0.05799983077876898,14.84795667936486,0.4982513562318536,0.947502613067627,0.5808827877044678,0.8065578937530518,0.6937203407287598,0.5164804458618164,0.6910094022750854
d2p1-train-md3031-A-00024,train,md3031,A,521,522,-0.5912283360958099,-119.355224609375,0.5269607603549957,0.33887022752482127,86.75077824635424,0.79876086357847,0.948774516582489,0.597942590713501,0.7140532732009888,0.6559979319572449,0.4901859760284424,0.7301014065742493
d2p1-train-md3031-A-00025,train,md3031,A,535,536,-0.7360666543245316,-177.61148071289062,0.5240066647529602,0.0430780340476887,11.027976716208308,0.29113224515684993,0.9536682367324829,0.5407264232635498,0.8070783019065857,0.6739023625850677,0.500360906124115,0.6628807783126831
d2p1-train-md3031-A-00026,train,md3031,A,549,550,-0.5639934241771698,-144.69499969482422,0.5157305300235748,0.03647769952160917,9.338291077531947,0.27753340453778347,0.9556865692138672,0.5895606875419617,0.7405372858047485,0.6650489866733551,0.5613036155700684,0.7191620469093323
d2p1-train-md3031-A-00027,train,md3031,A,564,565,-0.6573854982852936,-159.13241577148438,0.5728538930416107,0.040645137970466184,10.405155320439343,0.30284492097586413,0.9648128151893616,0.6010670065879822,0.724332332611084,0.6626996695995331,0.5269339084625244,0.7224528789520264
d2p1-train-md3031-A-00028,train,md3031,A,578,579,-0.6434470117092133,-161.0899887084961,0.5472354888916016,0.039334183770834245,10.069551045333567,0.2575264369894664,0.9646114706993103,0.6153144240379333,0.6336439847946167,0.624479204416275,0.5392165184020996,0.745071530342102
d2p1-train-md3031-A-00029,train,md3031,A,592,593,-0.4634980261325836,-161.98265075683594,0.5422499775886536,0.03553376180199739,9.096643021311332,0.373126365565859,0.9421375393867493,0.554527997970581,0.6587774157524109,0.606652706861496,0.5087460279464722,0.7154841423034668
d2p1-train-md3031-B-00000,train,md3031,B,1,2,-0.7665323615074158,-100.60102844238281,0.6532111167907715,0.027930956965427776,7.150324983149511,0.31898912904177096,0.9711625576019287,0.5742068290710449,0.7665650844573975,0.6703859567642212,0.5491359233856201,0.7144988775253296
d2p1-train-md3031-B-00001,train,md3031,B,5,6,-0.6774507462978363,-146.94503784179688,0.6202694177627563,0.0374242498022387,9.580607949373107,0.3260310227824059,0.9721155762672424,0.6450084447860718,0.9182264804840088,0.7816174626350403,0.5741978883743286,0.7987400889396667
d2p1-train-md3031-B-00002,train,md3031,B,8,9,-0.6783356964588165,-129.74696350097656,0.6446584612131119,0.052058425117424735,13.326956830060732,0.3915938809776369,0.9728031158447266,0.6095545291900635,0.7851056456565857,0.6973300874233246,0.5863432884216309,0.7587210536003113
d2p1-train-md3031-B-00003,train,md3031,B,11,12,-0.6315130889415741,-116.20669555664062,0.6635122746229172,0.03357255202079252,8.594573317322885,0.32032546801276685,0.9709293842315674,0.6014363765716553,0.8108702898025513,0.7061533331871033,0.5829774737358093,0.7568819522857666
d2p1-train-md3031-B-00004,train,md3031,B,15,16,-0.6476125121116638,-117.09297180175781,0.65934057533741,0.03050494756234544,7.809266575960432,0.3016297109861217,0.9736535549163818,0.5630991458892822,0.6258974075317383,0.5944982767105103,0.5381194353103638,0.7033512592315674
d2p1-train-md3031-B-00005,train,md3031,B,18,19,-0.7207226157188416,-105.13153076171875,0.6611266434192657,0.02498422273430234,6.395961019981399,0.27849165343110316,0.965178370475769,0.569453239440918,0.6522350311279297,0.6108441352844238,0.5441040992736816,0.7061644792556763
d2p1-train-md3031-B-00006,train,md3031,B,21,22,-0.8100571930408478,-170.83633422851562,0.6708627194166183,0.03533945569838605,9.046900658786829,0.3233949668122442,0.9698163866996765,0.6084989905357361,0.8659563064575195,0.7372276484966278,0.5868021845817566,0.7624849081039429
d2p1-train-md3031-B-00007,train,md3031,B,42,43,-0.5698049366474152,-100.17121887207031,0.5707457959651947,0.031051500760545213,7.9491841946995745,0.3039505768622911,0.9553124308586121,0.5409952402114868,0.5972908735275269,0.5691430568695068,0.5058002471923828,0.7045698761940002
d2p1-train-md3031-B-00008,train,md3031,B,45,46,-0.6574459075927734,-105.27128601074219,0.6151764988899231,0.027359566742357837,7.004049086043606,0.24589353685458354,0.956221342086792,0.5650659799575806,0.6360833644866943,0.6005746722221375,0.5092882513999939,0.7423316836357117
d2p1-train-md3031-B-00009,train,md3031,B,49,50,-0.6067038178443909,-140.04713439941406,0.5815427899360657,0.030248116834186115,7.743517909551645,0.21324923538818968,0.9525266885757446,0.5775707960128784,0.7221076488494873,0.6498392224311829,0.5367441177368164,0.7325491905212402
d2p1-train-md3031-B-00010,train,md3031,B,52,53,-0.6525348126888275,-181.71808624267578,0.5715813785791397,0.27115532657696906,69.41576360370408,0.7091636602691127,0.9561165571212769,0.6083064079284668,0.8532224297523499,0.7307644188404083,0.5546590685844421,0.765775740146637
d2p1-train-md3031-B-00011,train,md3031,B,55,56,-0.5411866009235382,-118.33259582519531,0.5671965926885605,0.02311160396211379,5.91657061430113,0.30441476662079625,0.9689443707466125,0.5635401010513306,0.6308625936508179,0.5972013473510742,0.5024773478507996,0.7122688293457031
d2p1-train-md3031-B-00012,train,md3031,B,59,60,-0.41315311193466187,-90.19647216796875,0.5312999337911606,0.009151123890016844,2.342687715844312,0.14399555209275114,0.9637935161590576,0.540610671043396,0.6294453740119934,0.5850280225276947,0.5273498892784119,0.681863009929657
d2p1-train-md3031-B-00013,train,md3031,B,62,63,-0.5889002084732056,-178.36288452148438,0.5137045383453369,0.37268356390325413,95.40699235923306,0.4975304925395223,0.9519515037536621,0.6001840829849243,0.7413638234138489,0.6707739531993866,0.515154242515564,0.7929893136024475
d2p1-train-md3031-B-00014,train,md3031,B,65,66,-0.41134727001190186,-93.11920166015625,0.4786493629217148,0.3329777807042631,85.24231186029135,0.5951103758950851,0.9553592205047607,0.6385636329650879,0.6608437299728394,0.6497036814689636,0.5253642201423645,0.8341459631919861
d2p1-train-md3031-B-00015,train,md3031,B,69,70,-0.7302995324134827,-129.2116241455078,0.6076968461275101,0.06293943998409662,16.112496635928736,0.4509644764224874,0.957817554473877,0.6364696025848389,0.8093031644821167,0.7228863835334778,0.5602648258209229,0.802981972694397
d2p1-train-md3031-B-00016,train,md3031,B,72,73,-0.6393601894378662,-73.59779357910156,0.6003528833389282,0.030688088051060783,7.85615054107156,0.27911644259102864,0.9660184383392334,0.5498299598693848,0.6810116767883301,0.6154208183288574,0.5354052186012268,0.6882307529449463
d2p1-train-md3031-B-00017,train,md3031,B,76,77,-0.6621552407741547,-122.04721069335938,0.5798098295927048,0.049038987102159856,12.553980698152923,0.5243387424489663,0.9666032791137695,0.5696003437042236,0.6802750825881958,0.6249377131462097,0.522585391998291,0.7176560163497925
d2p1-train-md3031-B-00018,train,md3031,B,79,80,-0.8114578574895859,-106.39303588867188,0.6375049948692322,0.039492954637888246,10.110196387299391,0.38515467097253786,0.9665595293045044,0.58428955078125,0.6708664894104004,0.6275780200958252,0.5382223129272461,0.7361260056495667
d2p1-train-md3031-B-00019,train,md3031,B,82,83,-0.5472243428230286,-56.96112060546875,0.5027084946632385,0.45175555063766715,115.64942096324279,0.8359203123597122,0.9664862155914307,0.638870358467102,0.713461697101593,0.6761660277843475,0.5483192801475525,0.7812325358390808
d2p1-train-md3031-B-00020,train,md3031,B,86,87,-0.826289489865303,-115.94390869140625,0.6318315118551254,0.0582631228939589,14.915359460853479,0.400395056315652,0.9582617282867432,0.5744389295578003,0.7040115594863892,0.6392252445220947,0.5347375273704529,0.7519207000732422
d2p1-train-md3031-B-00021,train,md3031,B,89,90,-0.8263684958219528,-133.86202239990234,0.6464429795742035,0.06187865076996083,15.840934597109973,0.40376344167639044,0.9529944062232971,0.5596407651901245,0.8277767896652222,0.6937087774276733,0.5245875716209412,0.7364511489868164
d2p1-train-md3031-B-00022,train,md3031,B,93,94,-0.8215759694576263,-87.41865539550781,0.655692920088768,0.03084692399633781,7.896812543062479,0.265863694388833,0.9650059938430786,0.5914722084999084,0.8649888038635254,0.7282305061817169,0.5394343733787537,0.731043815612793
d2p1-train-md3031-B-00023,train,md3031,B,96,97,-0.837353453040123,-118.47465515136719,0.6700828224420547,0.0447069370132243,11.44497587538542,0.2651676626282107,0.9659261703491211,0.6356984376907349,0.8736140727996826,0.7546562552452087,0.5716867446899414,0.7822297215461731
d2p1-train-md3031-B-00024,train,md3031,B,99,100,-0.8133807182312012,-163.1275863647461,0.6645400524139404,0.04032751949264727,10.323844990117701,0.2903785502404198,0.9798061847686768,0.5962585210800171,0.893763542175293,0.745011031627655,0.5582047700881958,0.7406463623046875
d2p1-train-md3031-B-00025,train,md3031,B,103,104,-0.7108781039714813,-107.58950805664062,0.6430909782648087,0.039991592034682326,10.237847560878675,0.2868148727423151,0.9701350927352905,0.5688895583152771,0.9176112413406372,0.7432503998279572,0.5588359236717224,0.7141450643539429
d2p1-train-md3031-B-00026,train,md3031,B,106,107,-0.680724173784256,-143.50032806396484,0.6281233131885529,0.03818056221358147,9.774223926676857,0.26442985065417146,0.9752815961837769,0.5778056979179382,0.9152397513389587,0.7465227246284485,0.5637766122817993,0.7504699230194092
d2p1-train-md3031-B-00027,train,md3031,B,109,110,-0.6599036455154419,-129.37332153320312,0.6021850854158401,0.03377230744911179,8.645710706972618,0.31266276143385285,0.968768835067749,0.5350900888442993,0.6206257939338684,0.5778579413890839,0.5142209529876709,0.6594547033309937
d2p1-train-md3031-B-00028,train,md3031,B,113,114,-0.7190098166465759,-124.41908264160156,0.6384055763483047,0.0352835336677975,9.03258461895616,0.33349553124517545,0.9672828316688538,0.5384837985038757,0.8131464123725891,0.6758151054382324,0.5246828198432922,0.6761267185211182
d2p1-train-md3031-B-00029,train,md3031,B,116,130,-0.8324339985847473,-147.03109741210938,0.5961529910564423,0.4638180716963525,118.73742635426623,0.4227778468473681,0.9403151273727417,0.5091794729232788,0.7097080945968628,0.6094437837600708,0.459378182888031,0.6308449506759644
d2p1-train-md3031-B-00030,train,md3031,B,133,134,-0.7792325913906097,-159.50231170654297,0.6425063908100128,0.08315849478536362,21.288574665053087,0.40972604749965713,0.9729758501052856,0.55272376537323,0.8674205541610718,0.7100721597671509,0.5365868806838989,0.6988509893417358
d2p1-train-md3031-B-00031,train,md3031,B,136,137,-0.6717264950275421,-119.6368408203125,0.6395168006420135,0.04719392872977622,12.081645754822713,0.34326434026997754,0.9739100337028503,0.5653465390205383,0.944667637348175,0.7550070881843567,0.5473084449768066,0.6990928053855896
d2p1-train-md3031-B-00032,train,md3031,B,139,140,-0.7810193002223969,-162.63220977783203,0.6534828245639801,0.04579586840167268,11.723742310828206,0.34198473123690354,0.9731128215789795,0.6244982481002808,0.9575072526931763,0.7910027503967285,0.6046574711799622,0.7865575551986694
d2p1-train-md3031-B-00033,train,md3031,B,143,144,-0.7422443181276321,-134.33592224121094,0.6609685719013214,0.0437211840372475,11.19262311353536,0.2922262387709129,0.9524528980255127,0.6008185744285583,0.8335798978805542,0.7171992361545563,0.5158620476722717,0.7679400444030762
d2p1-train-md3031-B-00034,train,md3031,B,146,147,-0.7780335992574692,-144.00635528564453,0.6661907285451889,0.05723356709937933,14.651793177441109,0.3753876934531172,0.973993182182312,0.6106783151626587,0.954540491104126,0.7826094031333923,0.5719178915023804,0.7609896659851074
d2p1-train-md3031-B-00035,train,md3031,B,149,150,-0.7062186002731323,-134.8809051513672,0.6327847838401794,0.0646814581173631,16.558453278044954,0.3614649013917376,0.9727076888084412,0.6086083650588989,0.9571142196655273,0.7828612923622131,0.5906840562820435,0.7719371914863586
d2p1-train-md3031-B-00036,train,md3031,B,153,154,-0.7521284222602844,-128.40625762939453,0.6166768595576286,0.060045474061572936,15.371641359762672,0.33019481983963805,0.9703599214553833,0.5812389254570007,0.9486937522888184,0.7649663388729095,0.5316869020462036,0.6822271943092346
d2p1-train-md3031-B-00037,train,md3031,B,156,157,-0.7206206321716309,-90.14169311523438,0.6299995630979538,0.06309007171050351,16.1510583578889,0.42225159795295475,0.9700057506561279,0.600315511226654,0.9543939828872681,0.7773547470569611,0.5880329608917236,0.7533504962921143
d2p1-train-md3031-B-00038,train,md3031,B,160,161,-0.752383753657341,-124.98533630371094,0.6443179547786713,0.0782152621324832,20.0231071059157,0.3885791123487914,0.9664614796638489,0.5551390647888184,0.9026341438293457,0.728886604309082,0.5112050771713257,0.6786438226699829
d2p1-train-md3031-B-00039,train,md3031,B,163,164,-0.6894241571426392,-108.89002990722656,0.667872279882431,0.045578997647598235,11.668223397785148,0.3549057427148017,0.9727124571800232,0.6280004382133484,0.9246357679367065,0.7763181030750275,0.5902942419052124,0.7796018123626709
d2p1-train-md3031-B-00040,train,md3031,B,166,167,-0.8386363834142685,-180.91956329345703,0.664036825299263,0.04793559970375281,12.271513524160719,0.4332219900813328,0.964813768863678,0.6880108118057251,0.8666942119598389,0.777352511882782,0.5913628339767456,0.8129261136054993
d2p1-train-md3031-B-00041,train,md3031,B,170,171,-0.5916157364845276,-122.38044738769531,0.6188752800226212,0.021649373916318094,5.542239722577432,0.18629751255753424,0.9722921252250671,0.6008870005607605,0.8886812925338745,0.7447841465473175,0.5448344945907593,0.7219180464744568
d2p1-train-md3031-B-00042,train,md3031,B,173,174,-0.8658212721347809,-223.31146621704102,0.6731901466846466,0.06503281704207506,16.648401162771215,0.3766329773480771,0.9702450633049011,0.6091700196266174,0.8842920064926147,0.7467310130596161,0.534127950668335,0.7214605808258057
d2p1-train-md3031-B-00043,train,md3031,B,176,177,-0.7472719699144363,-147.69371795654297,0.6819789409637451,0.03756842063134855,9.617515681625228,0.23580545409292641,0.9688716530799866,0.5553888082504272,0.9154513478279114,0.7354200780391693,0.5149654150009155,0.6908420324325562
d2p1-train-md3031-B-00044,train,md3031,B,180,181,-0.7908689081668854,-138.17051696777344,0.6809974908828735,0.049258077137210414,12.610067747125866,0.3096214162447568,0.9718607068061829,0.6343880295753479,0.9523133635520935,0.7933506965637207,0.6012386083602905,0.7854161858558655
d2p1-train-md3031-B-00045,train,md3031,B,183,184,-0.538649171590805,-66.83212280273438,0.6217154264450073,0.02203653848899028,5.641353853181512,0.17780512518903427,0.9688007235527039,0.5553545951843262,0.804486870765686,0.6799207329750061,0.5363556146621704,0.6895958781242371
d2p1-train-md3031-B-00046,train,md3031,B,187,188,-0.748689204454422,-136.58289337158203,0.6325306743383408,0.04482479623823455,11.475147836988045,0.3618231719508479,0.9682254195213318,0.583855390548706,0.8801994323730469,0.7320274114608765,0.5289138555526733,0.7237718105316162
d2p1-train-md3031-B-00047,train,md3031,B,190,191,-0.7225180566310883,-126.7864990234375,0.6681372225284576,0.061281414146995256,15.688042021630785,0.3057371857331305,0.9748557209968567,0.6958332061767578,0.973133385181427,0.8344832956790924,0.6795483827590942,0.8415591716766357
d2p1-train-md3031-B-00048,train,md3031,B,193,194,-0.8082074820995331,-159.09368896484375,0.6886153370141983,0.08281802429681097,21.201414219983608,0.3766589886198821,0.9775614738464355,0.7217634916305542,0.9593698978424072,0.8405666947364807,0.6818424463272095,0.8494431376457214
d2p1-train-md3031-B-00049,train,md3031,B,197,198,-0.8283897489309311,-197.79313278198242,0.6850920021533966,0.07073957210792192,18.109330459628012,0.34421483934664576,0.9689837694168091,0.5902706384658813,0.8976298570632935,0.7439502477645874,0.5412316918373108,0.7223215103149414
d2p1-train-md3031-B-00050,train,md3031,B,200,201,-0.7830251306295395,-182.4557342529297,0.6571189165115356,0.042450786621174144,10.867401375020581,0.25222974624565103,0.9641267657279968,0.5865217447280884,0.8796210289001465,0.7330713868141174,0.53664231300354,0.7368341684341431
d2p1-train-md3031-B-00051,train,md3031,B,203,204,-0.8345702886581421,-162.22576904296875,0.6743060648441315,0.08735052543312594,22.36173451088024,0.43648464314346697,0.9716663360595703,0.62396639585495,0.974311351776123,0.7991388738155365,0.6020597219467163,0.7786651849746704
d2p1-train-md3031-B-00052,train,md3031,B,207,208,-0.8746396526694298,-191.72422790527344,0.6663343757390976,0.3312221696087226,84.79287541983298,0.41812224889148014,0.970466136932373,0.5569071769714355,0.9210150837898254,0.7389611303806305,0.5119863748550415,0.6807782649993896
d2p1-train-md3031-B-00053,train,md3031,B,210,211,-0.9058467447757721,-186.2866439819336,0.7124370634555817,0.059991185870526695,15.357743582854834,0.29361506228561596,0.9738172888755798,0.6555507183074951,0.9371274709701538,0.7963390946388245,0.6039116382598877,0.802771806716919
d2p1-train-md3031-B-00054,train,md3031,B,214,215,-0.9288119189441204,-205.7735710144043,0.6966083943843842,0.3024789484289261,77.43461079780508,0.367177594402728,0.9734354615211487,0.5809649229049683,0.9327548146247864,0.7568598687648773,0.5322264432907104,0.710746705532074
d2p1-train-md3031-B-00055,train,md3031,B,232,233,-0.8578177243471146,-184.35335540771484,0.6806507855653763,0.08246428766950985,21.11085764339452,0.4279056144196596,0.9710857272148132,0.6121425628662109,0.9028900861740112,0.7575163245201111,0.5432102680206299,0.7346478700637817
d2p1-train-md3031-B-00056,train,md3031,B,235,236,-0.7661337107419968,-140.766357421875,0.6259247958660126,0.06932987754327578,17.7484486510786,0.365533698384082,0.9660651683807373,0.6132446527481079,0.9326235055923462,0.772934079170227,0.5765759348869324,0.7738282680511475
d2p1-train-md3031-B-00057,train,md3031,B,239,240,-0.7805984765291214,-138.44451141357422,0.656616747379303,0.06804058425910622,17.418389570331193,0.3282204655005786,0.9711430668830872,0.6219615340232849,0.923344612121582,0.7726530730724335,0.5887553691864014,0.7788779735565186
d2p1-train-md3031-B-00058,train,md3031,B,242,243,-0.7668542861938477,-137.6327362060547,0.651266299188137,0.06640135088391279,16.998745826281674,0.409332189264918,0.9689795970916748,0.628025472164154,0.9173834323883057,0.7727044522762299,0.5869886875152588,0.7779453992843628
d2p1-train-md3031-B-00059,train,md3031,B,245,246,-0.7975839823484421,-131.20211791992188,0.6950220614671707,0.0517045414867557,13.236362620609459,0.33086609836997716,0.9742526412010193,0.6152452230453491,0.9532554745674133,0.7842503488063812,0.5865566730499268,0.7740384340286255
d2p1-train-md3031-B-00060,train,md3031,B,249,250,-0.8299869894981384,-158.0777816772461,0.6825629770755768,0.07438325949207888,19.042114429972195,0.3919488549779096,0.9708566665649414,0.6558820605278015,0.9011432528495789,0.7785126566886902,0.5764529705047607,0.7843483090400696
d2p1-train-md3031-B-00061,train,md3031,B,252,253,-0.8325216174125671,-172.07556915283203,0.6933572888374329,0.307203107685451,78.64399556747546,0.6698598339212292,0.9505273699760437,0.6456546783447266,0.852038562297821,0.7488466203212738,0.5551940202713013,0.8148645162582397
d2p1-train-md3031-B-00062,train,md3031,B,256,257,-0.8863801434636116,-214.22066497802734,0.7018406987190247,0.3567036475658121,91.31613377684789,0.5728952134244207,0.9698793888092041,0.6123816967010498,0.8588160872459412,0.7355988919734955,0.5485391616821289,0.7406066060066223
d2p1-train-md3031-B-00063,train,md3031,B,259,260,-0.5239735543727875,-153.22826385498047,0.4613657146692276,0.026066665886009074,6.673066466818323,0.03956591707215578,0.931821346282959,0.6155864596366882,0.7934460639953613,0.7045162618160248,0.5474725961685181,0.8194573521614075
d2p1-train-md3031-B-00064,train,md3031,B,262,263,-0.8033019453287125,-202.2095603942871,0.5622400641441345,0.03460148707967857,8.857980692397714,0.4616739744635165,0.9582183957099915,0.6197240352630615,0.6961266398429871,0.6579253375530243,0.5559614896774292,0.7550663948059082
d2p1-train-md3031-B-00065,train,md3031,B,266,267,-0.8568839654326439,-164.43897247314453,0.6276636719703674,0.24109579312563095,61.720523040161524,0.5848650492294905,0.9367266297340393,0.507958173751831,0.5255592465400696,0.5167587101459503,0.4436972141265869,0.6840344667434692
d2p1-train-md3031-B-00066,train,md3031,B,283,284,-0.8172674924135208,-112.13604736328125,0.6258338093757629,0.2510247189624792,64.26232805439467,0.8361547372540312,0.9585812091827393,0.6418161392211914,0.814434289932251,0.7281252145767212,0.5305197238922119,0.7945963740348816
d2p1-train-md3031-B-00067,train,md3031,B,287,288,-0.5660300850868225,-126.48544311523438,0.5671833157539368,0.01951478491764037,4.995784938915935,0.14563388680803038,0.9598718285560608,0.624109148979187,0.91750168800354,0.7708054184913635,0.5896468162536621,0.7840737700462341
d2p1-train-md3031-B-00068,train,md3031,B,290,291,-0.7625386565923691,-185.37870025634766,0.5887952446937561,0.0962332085233969,24.635701381989605,0.2802493929346543,0.9571667313575745,0.6179399490356445,0.9043422937393188,0.7611411213874817,0.5845658779144287,0.7862092852592468
d2p1-train-md3031-B-00069,train,md3031,B,293,294,-0.8428644239902496,-189.3641357421875,0.6383318454027176,0.3838907383565676,98.27602901928131,0.7633999122965853,0.9607686400413513,0.7592668533325195,0.912395715713501,0.8358312845230103,0.6532703638076782,0.8682748079299927
d2p1-train-md3031-B-00070,train,md3031,B,297,298,-0.6693399250507355,-108.65907287597656,0.6283551827073097,0.041326646184751244,10.579621423296318,0.260634301143429,0.968414843082428,0.6191189885139465,0.9577730298042297,0.7884460091590881,0.607161283493042,0.7660489678382874
d2p1-train-md3031-B-00071,train,md3031,B,300,301,-0.7877948731184006,-161.14690399169922,0.6003829762339592,0.25831322522962663,66.12818565878442,0.7559478833066905,0.9592676162719727,0.6283742785453796,0.8533194661140442,0.7408468723297119,0.5577147006988525,0.8150765895843506
d2p1-train-md3031-B-00072,train,md3031,B,360,361,-0.8128430992364883,-114.73918151855469,0.6379444450139999,0.23947772681383542,61.30629806434187,0.45201970334683705,0.929084837436676,0.6185293197631836,0.751617431640625,0.6850733757019043,0.5126131176948547,0.8013814091682434
d2p1-train-md3031-B-00073,train,md3031,B,364,379,-0.8317467123270035,-117.58140563964844,0.6192765682935715,0.32497851622273927,83.19450015302125,0.4271058514798002,0.9220981597900391,0.6111154556274414,0.7113513946533203,0.6612334251403809,0.5102784037590027,0.7539735436439514
d2p1-train-md3031-B-00074,train,md3031,B,381,382,-0.42571502923965454,-39.6318359375,0.3784378618001938,0.34029741156230603,87.11613735995034,0.8988832873817343,0.9436949491500854,0.7030014395713806,0.7940152883529663,0.7485083639621735,0.5162760615348816,0.8062263131141663
d2p1-train-md3031-B-00075,train,md3031,B,385,386,-0.5738772749900818,-45.86140441894531,0.557695284485817,0.18915915789999715,48.42474442239927,1.112277512930155,0.9682528972625732,0.6917622685432434,0.8655657768249512,0.7786640226840973,0.6033650040626526,0.8265179395675659
d2p1-train-md3031-B-00076,train,md3031,B,388,389,-0.3890446424484253,-95.78298950195312,0.5076237320899963,0.01782524695368797,4.56326322014412,0.30315679114707156,0.9572583436965942,0.6792453527450562,0.9058756232261658,0.792560487985611,0.6149818897247314,0.8154864311218262
d2p1-train-md3031-B-00077,train,md3031,B,391,392,-0.5740359723567963,-131.5640869140625,0.5009285807609558,0.008355360963097844,2.138972406553048,0.28176925714115975,0.9681882262229919,0.671022891998291,0.906743586063385,0.788883239030838,0.5970277190208435,0.794894814491272
d2p1-train-md3031-B-00078,train,md3031,B,395,396,-0.4786413908004761,-87.33123779296875,0.45209573209285736,0.42660151576461525,109.2099880357415,0.925480736179604,0.965575098991394,0.6683604717254639,0.8767925500869751,0.7725765109062195,0.5919972658157349,0.8107554316520691
d2p1-train-md3031-B-00079,train,md3031,B,398,399,-0.7623338103294373,-76.08351135253906,0.5810292065143585,0.04591834548201294,11.755096443395313,0.2929583217051406,0.9722499847412109,0.6969138383865356,0.9550681114196777,0.8259909749031067,0.6711649894714355,0.8507388830184937
d2p1-train-md3031-B-00080,train,md3031,B,401,402,-0.4919370412826538,-72.59487915039062,0.5376908779144287,0.04430216810259173,11.341355034263483,0.28510782303250654,0.9666687846183777,0.636871337890625,0.9522293210029602,0.7945503294467926,0.6205395460128784,0.789027214050293
d2p1-train-md3031-B-00081,train,md3031,B,405,406,-0.7170610427856445,-74.89260864257812,0.650559812784195,0.06609373164558642,16.919995301270124,0.41138240716255037,0.970759928226471,0.6243290901184082,0.9500771760940552,0.7872031331062317,0.6011996865272522,0.7848493456840515
d2p1-train-md3031-B-00082,train,md3031,B,408,409,-0.7271397709846497,-130.88845825195312,0.6159446984529495,0.04337377445623091,11.103686260795113,0.3314258896310154,0.9698799848556519,0.6605972051620483,0.9135103821754456,0.787053793668747,0.6187995672225952,0.8143207430839539
d2p1-train-md3031-B-00083,train,md3031,B,412,454,-0.3967689275741577,-83.74456787109375,0.3263121247291565,0.1869795474541629,47.8667641482657,0.5558301002306784,0.9447957277297974,0.5903472304344177,0.6099528074264526,0.6001500189304352,0.496157169342041,0.728331983089447
d2p1-train-md3031-B-00084,train,md3031,B,456,457,-0.7200824618339539,-183.0847396850586,0.5757541060447693,0.22758766405275885,58.262441997506265,0.5412915367013997,0.9647375345230103,0.5790493488311768,0.9162023067474365,0.7476258277893066,0.5512998104095459,0.7656263709068298
d2p1-train-md3031-B-00085,train,md3031,B,459,460,-0.5815342664718628,-90.80821228027344,0.5665730386972427,0.2836004629435791,72.60171851355625,0.5713598257620585,0.9513530731201172,0.6308306455612183,0.8696690201759338,0.750249832868576,0.5653764605522156,0.7998809814453125
d2p1-train-md3031-B-00086,train,md3031,B,463,464,-0.5370141267776489,-138.49191284179688,0.4634178727865219,0.3769229849277298,96.49228414149883,0.4633574362546051,0.9520565271377563,0.6254961490631104,0.8759627938270569,0.7507294714450836,0.58186274766922,0.8076070547103882
d2p1-train-md3031-B-00087,train,md3031,B,466,467,-0.6604954302310944,-95.57260131835938,0.5632879063487053,0.027028318777392972,6.919249607012601,0.23996824618491913,0.9644291400909424,0.6309475302696228,0.8886646628379822,0.7598060965538025,0.6002771854400635,0.7916471362113953
d2p1-train-md3031-B-00088,train,md3031,B,469,470,-0.9202026203274727,-187.124267578125,0.7163799703121185,0.06509686068803265,16.66479633613636,0.37711178804051615,0.9572041630744934,0.6378271579742432,0.8365962505340576,0.7372117042541504,0.5634511709213257,0.8144693970680237
d2p1-train-md3031-B-00089,train,md3031,B,473,474,-0.7230506837368011,-139.12201690673828,0.5909102559089661,0.015990043557579225,4.0934511507402815,0.17185899788663295,0.9749799966812134,0.5507673025131226,0.6880911588668823,0.6194292306900024,0.525649905204773,0.7021141648292542
d2p1-train-md3031-B-00090,train,md3031,B,476,477,-0.39376819133758545,-94.11793518066406,0.5425382256507874,0.037396181710438486,9.573422517872253,0.28463179761382695,0.9608492851257324,0.535118579864502,0.7254585027694702,0.6302885413169861,0.515467643737793,0.6678600907325745
d2p1-train-md3031-B-00091,train,md3031,B,480,481,-0.6045567989349365,-186.80816650390625,0.4062816649675369,0.1256643764246728,32.170080364716235,0.17737910766703885,0.9336981773376465,0.5977010726928711,0.8764854669570923,0.7370932698249817,0.5309900045394897,0.7520478963851929
d2p1-train-md3031-B-00092,train,md3031,B,483,484,-0.5951235592365265,-164.9435577392578,0.4892617166042328,0.031698442472211735,8.114801272886204,0.2673226868104482,0.956235408782959,0.5482635498046875,0.5990960001945496,0.5736797749996185,0.4892694652080536,0.6825075149536133
d2p1-train-md3031-B-00093,train,md3031,B,486,487,-0.7000159919261932,-142.5878448486328,0.5313120186328888,0.3463014559577647,88.65317272518776,0.5896915904427036,0.9504532217979431,0.570391058921814,0.6310868263244629,0.6007389426231384,0.4889375865459442,0.7300720810890198
d2p1-train-md3031-B-00094,train,md3031,B,490,491,-0.8126560747623444,-171.82562255859375,0.6168176531791687,0.4310270018370196,110.34291247027701,0.7415429467066719,0.9670760631561279,0.5391082763671875,0.631295382976532,0.5852018296718597,0.5031675100326538,0.7307271361351013
d2p1-train-md3031-B-00095,train,md3031,B,493,494,-0.758514329791069,-157.93418884277344,0.6386995166540146,0.030901418065992888,7.910763024894179,0.22150563834062387,0.9725440740585327,0.5290074348449707,0.6049154996871948,0.5669614672660828,0.5027855038642883,0.687251091003418
d2p1-train-md3031-B-00096,train,md3031,B,496,497,-0.754262387752533,-173.63570404052734,0.6645073294639587,0.07349065061569267,18.813606557617323,0.47542975098045875,0.9703570604324341,0.5660513043403625,0.6364977359771729,0.6012745201587677,0.5264555215835571,0.6791115999221802
d2p1-train-md3031-B-00097,train,md3031,B,500,501,-0.8436408638954163,-154.87095642089844,0.6629016250371933,0.07212242633551845,18.463341141892723,0.5243709213119125,0.9700895547866821,0.5524932146072388,0.6209331750869751,0.5867131948471069,0.5310584902763367,0.6997295618057251
d2p1-train-md3031-B-00098,train,md3031,B,503,504,-0.5347457528114319,-116.58517456054688,0.6014899909496307,0.04650704765075961,11.90580419859446,0.4727768798674019,0.9636990427970886,0.5544736385345459,0.6753480434417725,0.6149108409881592,0.5350253582000732,0.7004119753837585
d2p1-train-md3031-B-00099,train,md3031,B,507,508,-0.6272611916065216,-116.06895446777344,0.6180866807699203,0.4299341375598616,110.06313921532457,0.5835195300814142,0.9752362966537476,0.5682379007339478,0.6559556722640991,0.6120967864990234,0.546718955039978,0.7141818404197693
d2p1-train-md3031-B-00100,train,md3031,B,510,511,-0.8511624038219452,-128.4016876220703,0.6831359565258026,0.06780376692950549,17.357764333953405,0.47200967803452143,0.9713628888130188,0.5692093372344971,0.6768627762794495,0.6230360567569733,0.5501667857170105,0.7196000814437866
d2p1-train-md3031-B-00101,train,md3031,B,513,514,-0.62147656083107,-85.16354370117188,0.6130969449877739,0.3829781846401251,98.04241526787203,0.9338629582183597,0.934749960899353,0.5788285732269287,0.645828127861023,0.6123283505439758,0.4817964434623718,0.7529366612434387
d2p1-train-md3031-B-00102,train,md3031,B,517,518,-0.833528608083725,-176.19779205322266,0.6544880196452141,0.04260121243867787,10.905910384301535,0.2515312544857167,0.9746408462524414,0.6449607014656067,0.9096664190292358,0.7773135602474213,0.6024293899536133,0.7958032488822937
d2p1-train-md3031-B-00103,train,md3031,B,520,521,-0.7296139895915985,-93.85011291503906,0.6561591476202011,0.020458517813596578,5.237380560280724,0.18955712762972798,0.9671478271484375,0.5909209251403809,0.7028651237487793,0.6468930244445801,0.5783456563949585,0.7362951636314392
d2p1-train-md3031-B-00104,train,md3031,B,523,524,-0.7136806547641754,-117.08316040039062,0.6946631520986557,0.0333201334603518,8.52995416585006,0.2998599618454876,0.9653692841529846,0.6396654844284058,0.9477466344833374,0.7937060594558716,0.6254739761352539,0.7846434712409973
d2p1-train-md3031-B-00105,train,md3031,B,527,528,-0.8015337288379669,-162.34598541259766,0.6979289352893829,0.027200149551562868,6.963238285200094,0.2342702432928398,0.9653017520904541,0.5929929614067078,0.7110945582389832,0.6520437598228455,0.5586637258529663,0.7382873296737671
d2p1-train-md3031-B-00106,train,md3031,B,530,531,-0.791109710931778,-126.97749328613281,0.6643029227852821,0.030865138171991283,7.901475372029768,0.2776656765408062,0.9705849885940552,0.6262844800949097,0.791771650314331,0.7090280652046204,0.6061806082725525,0.7716488838195801
d2p1-train-md3031-B-00107,train,md3031,B,534,535,-0.8074931651353836,-148.54901123046875,0.6688443794846535,0.03954979904634085,10.124748555863258,0.2788065800674795,0.9686967134475708,0.6143417358398438,0.8141068816184998,0.7142243087291718,0.6008346080780029,0.7611236572265625
d2p1-train-md3031-B-00108,train,md3031,B,537,538,-0.7500339895486832,-155.33375549316406,0.686465360224247,0.044487689751337066,11.388848576342289,0.38019827474223167,0.9687988758087158,0.5992847681045532,0.7975442409515381,0.6984145045280457,0.5720872282981873,0.7566147446632385
d2p1-train-md3031-B-00109,train,md3031,B,540,541,-0.859398826956749,-182.7604522705078,0.708907425403595,0.3598315211851246,92.1168694233919,0.20049789350013875,0.9643375873565674,0.6439328193664551,0.9531023502349854,0.7985175848007202,0.6212366223335266,0.7987704873085022
d2p1-train-md3031-B-00110,train,md3031,B,544,545,-0.9072874709963799,-207.63038635253906,0.6994454637169838,0.07700882162407549,19.714258335763326,0.2883456773481093,0.9679499864578247,0.646534264087677,0.935518741607666,0.7910265028476715,0.6213288903236389,0.7981494069099426
d2p1-train-md3031-B-00111,train,md3031,B,547,548,-0.8964322879910469,-213.55511474609375,0.6917388960719109,0.04167417422724718,10.668588602175278,0.39045380797178625,0.965171754360199,0.6208035945892334,0.9243184328079224,0.7725610136985779,0.5967326164245605,0.7759684324264526
d2p1-train-md3031-B-00112,train,md3031,B,551,552,-0.835493803024292,-182.5384063720703,0.7135563865303993,0.07607069188988148,19.47409712380966,0.6209343316814728,0.9777988791465759,0.6426565051078796,0.9473803639411926,0.7950184345245361,0.623841404914856,0.7961739897727966
d2p1-train-md3031-B-00113,train,md3031,B,554,555,-0.702254056930542,-115.97036743164062,0.6824807524681091,0.07621566101306272,19.511209219344057,0.6533246691050063,0.9726924896240234,0.6729789972305298,0.9603865742683411,0.8166827857494354,0.6429456472396851,0.8063546419143677
d2p1-train-md3031-B-00114,train,md3031,B,557,558,-0.820287823677063,-183.66221618652344,0.693269744515419,0.09439228908021313,24.164426004534562,0.7794048083536562,0.9616177082061768,0.6413319110870361,0.7838462591171265,0.7125890851020813,0.5637781620025635,0.7970342040061951
d2p1-train-md3031-B-00115,train,md3031,B,561,562,-0.7659611403942108,-169.7135467529297,0.6679196804761887,0.06520393301114435,16.692206850852955,0.6223408475216963,0.9690375924110413,0.661304771900177,0.8477275371551514,0.7545161545276642,0.6220839619636536,0.8160285353660583
d2p1-train-md3031-B-00116,train,md3031,B,564,565,-0.8489488214254379,-224.2366485595703,0.7113109529018402,0.3829598523610593,98.03772220443118,0.13260138362789475,0.958552360534668,0.6915979385375977,0.815322756767273,0.7534603476524353,0.6135052442550659,0.8233806490898132
d2p1-train-md3031-B-00117,train,md3031,B,567,568,-0.8520185649394989,-229.46907997131348,0.7116045504808426,0.36324959804104445,92.99189709850738,0.09814849191965815,0.9654208421707153,0.6766704320907593,0.8309911489486694,0.7538307905197144,0.5900348424911499,0.7885839343070984
d2p1-train-md3031-B-00118,train,md3031,B,571,572,-0.842382088303566,-221.00608444213867,0.6649867445230484,0.46073776267887995,117.94886724579327,0.3684060001288934,0.9644016027450562,0.7456940412521362,0.8696936368942261,0.8076938390731812,0.6677054166793823,0.8724955916404724
d2p1-train-md3031-B-00119,train,md3031,B,574,575,-0.8802275285124779,-238.9567928314209,0.6690035611391068,0.33016860224021444,84.5231621734949,0.5096493000536009,0.9748810529708862,0.6828116774559021,0.9076536893844604,0.7952326834201813,0.6456354856491089,0.7997549772262573
d2p1-train-md3031-B-00120,train,md3031,B,578,579,-0.8450513333082199,-214.80924224853516,0.6803266704082489,0.48345977450316185,123.76570227280943,0.34044367832035277,0.9644132852554321,0.7587966918945312,0.9188270568847656,0.8388118743896484,0.7163713574409485,0.8861113786697388
d2p1-train-md3031-B-00121,train,md3031,B,581,582,-0.8318814337253571,-182.7447509765625,0.6590631604194641,0.48913264215587204,125.21795639190324,0.05086453380665469,0.9160184860229492,0.7847464084625244,0.7926437854766846,0.7886950969696045,0.637047529220581,0.8701980113983154
d2p1-train-md3031-B-00122,train,md3031,B,584,585,-0.8806939199566841,-197.00868606567383,0.6551333963871002,0.42810369636057677,109.59454626830765,0.3713489486611442,0.901241660118103,0.7583793997764587,0.7423582673072815,0.7503688335418701,0.5764413475990295,0.8348487615585327
d2p1-train-md3031-B-00123,train,md3031,B,588,589,-0.7426389157772064,-168.65621948242188,0.6343064308166504,0.4052530400422594,103.74477825081841,0.6949076855792922,0.9119141697883606,0.6866922378540039,0.772676944732666,0.729684591293335,0.5638442039489746,0.8278663158416748
d2p1-train-md3031-B-00124,train,md3031,B,591,592,-0.7987561821937561,-197.40117645263672,0.607717901468277,0.41815673553194915,107.04812429617898,0.33705563107864944,0.8903951644897461,0.7456902265548706,0.7287617921829224,0.7372260093688965,0.5814892053604126,0.8336566686630249
d2p1-train-md3031-B-00125,train,md3031,B,594,595,-0.767864778637886,-196.82307815551758,0.5987708866596222,0.38348089281835135,98.17110856149795,0.47172977095017726,0.8781548738479614,0.7042071223258972,0.7107058763504028,0.70745649933815,0.5522482395172119,0.8091389536857605
d2p1-train-md3031-B-00126,train,md3031,B,598,599,-0.7865527421236038,-191.6855697631836,0.5852354764938354,0.3723184415082949,95.3135210261235,0.5379673499758129,0.9254956245422363,0.6978908777236938,0.8140019774436951,0.7559464275836945,0.5977898836135864,0.8397219777107239
d2p1-train-md3031-C-00000,train,md3031,C,2,3,-0.4483901858329773,-176.83737182617188,0.45964837074279785,0.009889512195262122,2.5317151219871032,0.4564301779289067,0.9209188222885132,0.6468648910522461,0.7490790486335754,0.6979719698429108,0.5965836644172668,0.735412061214447
d2p1-train-md3031-C-00001,train,md3031,C,8,9,-0.4155758023262024,-161.9353256225586,0.4130014479160309,0.011523524959330133,2.950022389588514,0.5171442429795926,0.9260804653167725,0.6237232089042664,0.7435479164123535,0.6836355626583099,0.5750514268875122,0.721780002117157
d2p1-train-md3031-C-00002,train,md3031,C,14,15,-0.5244592130184174,-165.19396209716797,0.36592620611190796,0.032546468149063076,8.331895846160148,0.3868418660262273,0.9415614604949951,0.6515854001045227,0.7243901491165161,0.6879877746105194,0.603958010673523,0.725364089012146
d2p1-train-md3031-C-00003,train,md3031,C,20,21,-0.08975201845169067,0.027679443359375,0.09949982166290283,0.42794891646288075,109.55492261449747,0.5135203000958669,0.920348048210144,0.7057654857635498,0.758054256439209,0.7319098711013794,0.6005294322967529,0.849108874797821
d2p1-train-md3031-C-00004,train,md3031,C,42,43,-0.36401474475860596,-138.10162353515625,0.2677224278450012,0.3084263438432462,78.95714402387102,0.6288436437667466,0.9181649684906006,0.6463348865509033,0.6628170013427734,0.6545759439468384,0.5573041439056396,0.7539281845092773
d2p1-train-md3031-C-00005,train,md3031,C,48,49,-0.32140976190567017,-145.80494689941406,0.29269304871559143,0.020240180086932964,5.181486102254839,0.23923344784733852,0.9324292540550232,0.6608073711395264,0.6718829870223999,0.6663451790809631,0.5853362083435059,0.7562764883041382
d2p1-train-md3031-C-00006,train,md3031,C,54,55,-0.49764275550842285,-175.37031173706055,0.31945210695266724,0.03272316352360655,8.377129862043276,0.2839789306669667,0.9402955174446106,0.6496529579162598,0.7197905778884888,0.6847217679023743,0.6111330986022949,0.7324068546295166
d2p1-train-md3031-C-00007,train,md3031,C,59,60,-0.585455596446991,-149.27242279052734,0.2687835097312927,0.2199551093827131,56.30850800197455,0.5474969088831055,0.9544477462768555,0.699539065361023,0.733782172203064,0.7166606187820435,0.6032106876373291,0.7586995959281921
d2p1-train-md3031-C-00008,train,md3031,C,65,66,-0.5933746695518494,-184.4042854309082,0.2631605863571167,0.2500421171885394,64.01078200026609,0.6283525581735224,0.9368383884429932,0.6587158441543579,0.744998037815094,0.701856940984726,0.5998661518096924,0.7493458390235901
d2p1-train-md3031-C-00009,train,md3031,C,71,72,-0.5523766279220581,-137.2422103881836,0.27910691499710083,0.3923676650171054,100.44612224437898,0.3208509878854455,0.9459553956985474,0.6933978199958801,0.7711941003799438,0.732295960187912,0.6231721639633179,0.7965512275695801
d2p1-train-md3031-C-00010,train,md3031,C,77,78,-0.46572187542915344,-153.3722381591797,0.25262314081192017,0.013113957242782286,3.3571730541522653,0.3018945410029247,0.9373418092727661,0.6441936492919922,0.7454463243484497,0.694819986820221,0.6077588796615601,0.7451640367507935
d2p1-train-md3031-C-00011,train,md3031,C,82,83,-0.5808614194393158,-169.09296417236328,0.3447478711605072,0.025720153253548175,6.584359232908333,0.32299932150072186,0.944882869720459,0.7005947828292847,0.9024866223335266,0.8015407025814056,0.6494152545928955,0.7897380590438843
d2p1-train-md3031-C-00012,train,md3031,C,88,89,-0.5852566063404083,-184.13786697387695,0.30441129207611084,0.05168001014271176,13.23008259653421,0.42150551820094445,0.9459127187728882,0.6175960898399353,0.726617693901062,0.6721068918704987,0.5936998128890991,0.7139577269554138
d2p1-train-md3031-C-00013,train,md3031,C,94,95,-0.47972622513771057,-174.13028717041016,0.3291991055011749,0.025477477937961977,6.522234352118266,0.4427185921793817,0.9340047240257263,0.65546053647995,0.722293496131897,0.6888770163059235,0.5913600325584412,0.7655445337295532
d2p1-train-md3031-C-00014,train,md3031,C,99,100,-0.36140891909599304,-152.05736541748047,0.28023338317871094,0.2808086218253176,71.8870071872813,1.1416799262233397,0.9377356767654419,0.6418074369430542,0.6992982029914856,0.6705528199672699,0.5772463083267212,0.7572473287582397
d2p1-train-md3031-C-00015,train,md3031,C,105,106,-0.44147801399230957,-179.64710235595703,0.2992393672466278,0.29349266293399395,75.13412171110245,0.8752672450908421,0.9333998560905457,0.6317663192749023,0.688031017780304,0.6598986685276031,0.575513482093811,0.7164604663848877
d2p1-train-md3031-C-00016,train,md3031,C,111,112,-0.30581021308898926,-77.44029235839844,0.31393009424209595,0.32313345046432795,82.72216331886796,0.9604480969408997,0.937171995639801,0.6449934244155884,0.6911646127700806,0.6680790185928345,0.5718848705291748,0.768602728843689
d2p1-train-md3031-C-00017,train,md3031,C,130,131,-0.1549096703529358,-35.35231018066406,0.20982733368873596,0.3746494119388778,95.91024945635272,0.8542378897502619,0.9072737693786621,0.7080824375152588,0.7197469472885132,0.713914692401886,0.5630960464477539,0.8565832376480103
d2p1-train-md3031-C-00018,train,md3031,C,135,136,-0.17429691553115845,-48.16606140136719,0.17119359970092773,0.3902762232935105,99.9107131631387,0.9349047478837624,0.9115353226661682,0.780972957611084,0.770767092704773,0.7758700251579285,0.5904205441474915,0.8885221481323242
d2p1-train-md3031-C-00019,train,md3031,C,141,142,-0.3198496103286743,-118.90255737304688,0.14646989107131958,0.38825748830480566,99.39391700603025,0.7932284202325528,0.9336435198783875,0.7153544425964355,0.7967628240585327,0.7560586333274841,0.572742760181427,0.878444492816925
d2p1-train-md3031-C-00020,train,md3031,C,147,148,-0.07350689172744751,-30.639633178710938,0.1271921992301941,0.43135889595565957,110.42787736464885,0.8680015203547188,0.9280122518539429,0.7351043224334717,0.777845025062561,0.7564746737480164,0.6169965267181396,0.867121160030365
d2p1-train-md3031-C-00021,train,md3031,C,152,153,-0.08971583843231201,-2.4620513916015625,0.14750704169273376,0.4354833684267376,111.48374231724483,0.806650874317905,0.9380627870559692,0.762321949005127,0.7715823650360107,0.7669521570205688,0.596550703048706,0.8409008979797363
d2p1-train-md3031-C-00022,train,md3031,C,158,159,-0.2933894991874695,-107.28224182128906,0.2061600685119629,0.4560864983325078,116.758143573122,0.7704675091664686,0.9350951910018921,0.7330225706100464,0.7526527643203735,0.74283766746521,0.6417820453643799,0.8358509540557861
d2p1-train-md3031-C-00023,train,md3031,C,164,165,-0.2927093505859375,-106.81726837158203,0.18088990449905396,0.4392677390181825,112.45254118865472,0.6926185376157528,0.9276367425918579,0.7152543663978577,0.7933598756790161,0.7543071210384369,0.5939750671386719,0.8327800631523132
d2p1-train-md3031-C-00024,train,md3031,C,170,171,-0.10908877849578857,-36.998016357421875,0.15097159147262573,0.4438247023840946,113.61912381032822,0.7740724771232703,0.9386082887649536,0.7462835311889648,0.7628419399261475,0.7545627355575562,0.5859050750732422,0.8692132234573364
d2p1-train-md3031-C-00025,train,md3031,C,175,176,-0.0988423228263855,-47.95262145996094,0.15006130933761597,0.45796471797463073,117.23896780150547,0.8200133439300701,0.9192346930503845,0.7486019730567932,0.7932537794113159,0.7709278762340546,0.5781826972961426,0.8961492776870728
d2p1-train-md3031-C-00026,train,md3031,C,181,182,-0.20997190475463867,-78.68533325195312,0.10368490219116211,0.41479044095319056,106.18635288401678,0.7986063255151232,0.9391942024230957,0.7587652206420898,0.8044270277023315,0.7815961241722107,0.5715974569320679,0.8937131762504578
d2p1-train-md3031-C-00027,train,md3031,C,187,188,-0.21711856126785278,-82.06889343261719,0.13456076383590698,0.42433116836565804,108.62877910160846,0.7967550115505938,0.9365391731262207,0.7593422532081604,0.8059456944465637,0.7826439738273621,0.5756481885910034,0.8981272578239441
d2p1-train-md3031-C-00028,train,md3031,C,193,194,-0.04416775703430176,-16.166046142578125,0.10214793682098389,0.4046344984773017,103.58643161018924,0.8394105226502663,0.933041512966156,0.7507495880126953,0.8043563365936279,0.7775529623031616,0.5613313317298889,0.8816030025482178
d2p1-train-md3031-C-00029,train,md3031,C,198,199,-0.26605135202407837,-90.62496948242188,0.11138296127319336,0.4108738419235401,105.18370353242626,0.7783356624032305,0.9368873834609985,0.748383104801178,0.8045315146446228,0.7764573097229004,0.569683849811554,0.8835048675537109
d2p1-train-md3031-C-00030,train,md3031,C,204,205,-0.22132807970046997,-96.27459716796875,0.1213628351688385,0.40185924745810664,102.8759673492753,0.8050481657860254,0.9329971075057983,0.754281759262085,0.8016735315322876,0.7779776453971863,0.5597801208496094,0.8834761381149292
d2p1-train-md3031-C-00031,train,md3031,C,210,211,-0.1401471495628357,-31.227005004882812,0.10850837826728821,0.39820981421949425,101.94171244019053,0.766690589052842,0.9193055033683777,0.7587326765060425,0.778881311416626,0.7688069939613342,0.6088067293167114,0.8943384885787964
d2p1-train-md3031-C-00032,train,md3031,C,215,216,-0.15309828519821167,-30.811614990234375,0.0976143479347229,0.40074235739892944,102.59004349412594,0.7966859223921399,0.9343743324279785,0.72385573387146,0.7696479558944702,0.7467518448829651,0.5681518316268921,0.8687651753425598
d2p1-train-md3031-C-00033,train,md3031,C,236,237,-0.18275350332260132,-48.630523681640625,0.1418471336364746,0.41042401709116094,105.0685483753372,0.8327671420084555,0.9476528167724609,0.7323862314224243,0.7688117027282715,0.7505989670753479,0.5826125144958496,0.860596776008606
d2p1-train-md3031-C-00034,train,md3031,C,242,243,-0.16293972730636597,-16.59075927734375,0.16763001680374146,0.4206006783525453,107.67377365825159,0.8272418998642359,0.9523996710777283,0.7430344820022583,0.8039131760597229,0.7734738290309906,0.6058750152587891,0.8590925931930542
d2p1-train-md3031-C-00035,train,md3031,C,248,249,-0.502763569355011,-145.57147979736328,0.20096945762634277,0.44896535662007697,114.9351312947397,0.8376709723442289,0.9488159418106079,0.7427977323532104,0.8085813522338867,0.7756895422935486,0.6198851466178894,0.86835116147995
d2p1-train-md3031-C-00036,train,md3031,C,253,254,-0.2149515151977539,-112.3887939453125,0.21041113138198853,0.007228260158857569,1.8504346006675376,0.332400830097225,0.9238986968994141,0.67179274559021,0.7602420449256897,0.7160173952579498,0.5909978747367859,0.7854812145233154
d2p1-train-md3031-C-00037,train,md3031,C,259,260,-0.42456963658332825,-135.3270034790039,0.2363395094871521,0.022214662848461665,5.686953689206186,0.35598588741926324,0.9183477163314819,0.68437260389328,0.7787502408027649,0.7315614223480225,0.6297186613082886,0.785386860370636
d2p1-train-md3031-C-00038,train,md3031,C,265,266,-0.47884124517440796,-151.21435546875,0.27497297525405884,0.01191956115283344,3.051407655125361,0.37079784703510443,0.9238168001174927,0.7042240500450134,0.8018977642059326,0.753060907125473,0.6487183570861816,0.8046780228614807
d2p1-train-md3031-C-00039,train,md3031,C,284,285,-0.32205840945243835,-135.9137725830078,0.20975124835968018,0.008924143497188076,2.2845807352801475,0.2613044624752153,0.9319131374359131,0.7129706144332886,0.7974315881729126,0.7552011013031006,0.6445468664169312,0.817057728767395
d2p1-train-md3031-C-00040,train,md3031,C,290,291,-0.43340274691581726,-140.63277435302734,0.19735342264175415,0.01319680880858867,3.3783830549986997,0.32789218601738346,0.9273104667663574,0.7102984189987183,0.788928747177124,0.7496135830879211,0.6382200717926025,0.8283241391181946
d2p1-train-md3031-C-00041,train,md3031,C,296,297,-0.3317376673221588,-116.6954345703125,0.2216331958770752,0.02243946159042957,5.74450216714997,0.35402544975861516,0.9309936761856079,0.6982099413871765,0.8059464693069458,0.7520782053470612,0.623853325843811,0.8152424693107605
d2p1-train-md3031-C-00042,train,md3031,C,302,360,-0.45135417580604553,-122.06700134277344,0.17959189414978027,0.3885615807648357,99.47176467579794,0.3406830170339608,0.9598609805107117,0.7433065176010132,0.7472678422927856,0.7452871799468994,0.6438754200935364,0.867753267288208
d2p1-train-md3031-C-00043,train,md3031,C,364,379,-0.45412637293338776,-133.07463455200195,0.16903376579284668,0.04859817491845056,12.441132779123343,0.4232135748883028,0.9468319416046143,0.7601306438446045,0.8601140379905701,0.8101223409175873,0.6634652614593506,0.862937867641449
d2p1-train-md3031-C-00044,train,md3031,C,384,385,-0.5002279877662659,-161.6611099243164,0.1938045620918274,0.2922189155259698,74.80804237464827,0.46785558743786315,0.9425104856491089,0.746436595916748,0.8393805027008057,0.7929085493087769,0.6571474075317383,0.8720059990882874
d2p1-train-md3031-C-00045,train,md3031,C,390,391,-0.3887982964515686,-146.11813354492188,0.16244584321975708,0.022041228790462466,5.642554570358391,0.2688549170869954,0.941591739654541,0.7374958992004395,0.8247451782226562,0.7811205387115479,0.6480109691619873,0.8721017837524414
d2p1-train-md3031-C-00046,train,md3031,C,395,396,-0.362970232963562,-130.37432861328125,0.1865183711051941,0.382449786438567,97.90714532827315,0.4032137751759368,0.9395939111709595,0.7566310167312622,0.8696964979171753,0.8131637573242188,0.6483631134033203,0.8479850888252258
d2p1-train-md3031-C-00047,train,md3031,C,401,402,-0.44038036465644836,-166.70654678344727,0.17667174339294434,0.03250896612557942,8.322295328148332,0.22335155018519764,0.9550313949584961,0.7362486720085144,0.8076767921447754,0.7719627320766449,0.6593958139419556,0.8351346850395203
d2p1-train-md3031-C-00048,train,md3031,C,407,408,-0.34602847695350647,-140.48064041137695,0.1577168107032776,0.027542145263642452,7.050789187492468,0.2904863956295943,0.9412341117858887,0.7202849388122559,0.8204309940338135,0.7703579664230347,0.632330060005188,0.8478793501853943
d2p1-train-md3031-C-00049,train,md3031,C,454,455,-0.2879675030708313,-95.08792877197266,0.17548608779907227,0.32122778437638,82.23431280035328,0.7043942998357593,0.9531946182250977,0.7078936100006104,0.7177780866622925,0.7128358483314514,0.6046203970909119,0.8079821467399597
d2p1-train-md3031-C-00050,train,md3031,C,459,460,-0.3741430938243866,-120.38698196411133,0.2243700623512268,0.015713498194338368,4.022655537750622,0.27879931334201646,0.945231020450592,0.7181103229522705,0.7753704786300659,0.7467404007911682,0.6581041812896729,0.8273504972457886
d2p1-train-md3031-C-00051,train,md3031,C,465,466,-0.34378209710121155,-97.47474670410156,0.2030746340751648,0.3497649775128491,89.53983424328936,0.6764143690303106,0.951871395111084,0.7678729891777039,0.7819731831550598,0.7749230861663818,0.6600037813186646,0.8488958477973938
d2p1-train-md3031-C-00052,train,md3031,C,471,472,-0.31032323837280273,-113.12628173828125,0.148520827293396,0.004984944916357286,1.2761458985874652,0.2171187717451367,0.919929027557373,0.7019256353378296,0.7328367233276367,0.7173811793327332,0.6112172603607178,0.8189025521278381
d2p1-train-md3031-C-00053,train,md3031,C,477,478,-0.4293273985385895,-139.1350860595703,0.18095076084136963,0.002891629881480263,0.7402572496589473,0.3214183115648537,0.9320550560951233,0.6850705742835999,0.7125951051712036,0.6988328397274017,0.6154781579971313,0.8094921708106995
d2p1-train-md3031-C-00054,train,md3031,C,482,483,-0.49689429998397827,-108.40485382080078,0.24298465251922607,0.00832536662724864,2.1312938565756516,0.25692627573279336,0.9445395469665527,0.6974947452545166,0.7167485952377319,0.7071216702461243,0.5933077335357666,0.8115627765655518
d2p1-train-md3031-C-00055,train,md3031,C,488,489,-0.580404743552208,-162.2245330810547,0.30332696437835693,0.4014974956915601,102.78335889703939,0.517585876693754,0.9383292198181152,0.6110913157463074,0.6404056549072266,0.625748485326767,0.5350925922393799,0.7595834136009216
d2p1-train-md3031-C-00056,train,md3031,C,494,495,-0.5343694686889648,-143.48956298828125,0.27048444747924805,0.4519721902767585,115.70488071085018,0.4969252851563849,0.9309656620025635,0.6467183828353882,0.6435753703117371,0.6451468765735626,0.5461446046829224,0.7865830659866333
d2p1-train-md3031-C-00057,train,md3031,C,499,500,-0.5850209295749664,-178.9108543395996,0.2648427486419678,0.3844784868489062,98.42649263331998,0.5288540019382824,0.9341618418693542,0.6609011888504028,0.6458816528320312,0.653391420841217,0.556151270866394,0.7821112871170044
d2p1-train-md3031-C-00058,train,md3031,C,505,506,-0.5171134769916534,-160.9504165649414,0.32929831743240356,0.014323977272989593,3.6669381818853357,0.2588525087159297,0.9427484273910522,0.5929692983627319,0.6298624277114868,0.6114158630371094,0.5261256694793701,0.6921393275260925
d2p1-train-md3031-C-00059,train,md3031,C,511,512,-0.35975730419158936,-112.61807250976562,0.30458343029022217,0.000796974580160552,0.2040254925211013,0.13931196756765565,0.9352656602859497,0.6208038330078125,0.6346291899681091,0.6277165114879608,0.5445922613143921,0.7216801643371582
d2p1-train-md3031-C-00060,train,md3031,C,517,518,-0.3447057008743286,-122.98568725585938,0.2943902015686035,0.01518009718773599,3.8861048800604134,0.23575388650510726,0.9427793622016907,0.6199182271957397,0.6603872776031494,0.6401527523994446,0.5644056797027588,0.7536463141441345
d2p1-train-md3031-C-00061,train,md3031,C,522,523,-0.4255613386631012,-120.31474304199219,0.314333975315094,0.0054184140846656485,1.387114005674406,0.18430354700755824,0.9435319304466248,0.6331026554107666,0.6601577997207642,0.6466302275657654,0.5673260688781738,0.7400918006896973
d2p1-train-md3031-C-00062,train,md3031,C,528,529,-0.2810099720954895,-105.76377868652344,0.30913642048835754,0.010512884323447151,2.6912983868024707,0.21066697665097628,0.9401760101318359,0.6144732236862183,0.6542661190032959,0.6343696713447571,0.5434935092926025,0.7077751159667969
d2p1-train-md3031-C-00063,train,md3031,C,534,535,-0.28007107973098755,-125.3042984008789,0.2712036967277527,0.011911199239010888,3.0492670051867874,0.1812129741268413,0.9378941059112549,0.656975269317627,0.7555471658706665,0.7062612175941467,0.5753198266029358,0.754150390625
d2p1-train-md3031-C-00064,train,md3031,C,539,540,-0.39690113067626953,-153.59249114990234,0.3384365737438202,0.016428304993706254,4.205646078388801,0.22268094876338046,0.934850811958313,0.5997234582901001,0.6501071453094482,0.6249153017997742,0.5336827039718628,0.7397962808609009
d2p1-train-md3031-C-00065,train,md3031,C,545,546,-0.5685656666755676,-174.2269058227539,0.33269202709198,0.005931431606465658,1.5184464912552085,0.27435839405976975,0.9393328428268433,0.6502478122711182,0.8506234884262085,0.7504356503486633,0.5686947107315063,0.7704450488090515
d2p1-train-md3031-C-00066,train,md3031,C,551,552,-0.48180168867111206,-137.90938568115234,0.34618711471557617,0.009561079689173684,2.447636400428463,0.31664837734653295,0.9385596513748169,0.5881639719009399,0.5857065916061401,0.58693528175354,0.5260580778121948,0.6895161271095276
d2p1-train-md3031-C-00067,train,md3031,C,557,558,-0.31929755210876465,-131.46077728271484,0.2693256139755249,0.010330224566993123,2.6445374891502396,0.3486507300992724,0.9243945479393005,0.5845872163772583,0.5940171480178833,0.5893021821975708,0.4751797318458557,0.6985447406768799
d2p1-train-md3031-C-00068,train,md3031,C,562,563,-0.21108216047286987,-79.44093322753906,0.23584634065628052,0.015975893659994418,4.089828776958571,0.39318603419320897,0.8973952531814575,0.610481858253479,0.6232069730758667,0.6168444156646729,0.505412220954895,0.7122249007225037
d2p1-train-md3031-C-00069,train,md3031,C,568,569,-0.18900775909423828,-111.029052734375,0.2879577577114105,0.02228866000508082,5.70589696130069,0.3230045449685992,0.9310237765312195,0.6004642248153687,0.6338692307472229,0.6171667277812958,0.5163652300834656,0.7282916903495789
d2p1-train-md3031-C-00070,train,md3031,C,574,575,-0.21272891759872437,-80.23880004882812,0.3356219232082367,0.014215180153150164,3.639086119206442,0.27999035949593665,0.9207228422164917,0.6447556018829346,0.6619833707809448,0.6533694863319397,0.5267505645751953,0.7087993025779724
d2p1-train-md3031-C-00071,train,md3031,C,579,580,-0.20089370012283325,-85.67172241210938,0.32000869512557983,0.02120765166191502,5.429158825450245,0.21143497697913888,0.9150059819221497,0.6317569017410278,0.6670598387718201,0.649408370256424,0.542540431022644,0.7534946203231812
d2p1-train-md3031-C-00072,train,md3031,C,585,586,-0.20978176593780518,-84.15678405761719,0.270183801651001,0.014640876623133979,3.7480644155222986,0.2997116024527391,0.9159137606620789,0.6809498071670532,0.7456855773925781,0.7133176922798157,0.5682664513587952,0.746230959892273
d2p1-train-md3031-C-00073,train,md3031,C,591,592,-0.2012723684310913,-74.452392578125,0.2603999376296997,0.008897811519735156,2.2778397490522,0.20321349979023468,0.8933268785476685,0.6680310964584351,0.7255192399024963,0.6967751681804657,0.5435018539428711,0.7321382761001587
d2p1-train-md3031-C-00074,train,md3031,C,597,598,-0.29753947257995605,-108.21353149414062,0.29264670610427856,0.018418717969960675,4.715191800309933,0.2022673674292656,0.9394042491912842,0.5960246324539185,0.6946293115615845,0.6453269720077515,0.5281111001968384,0.7112085223197937
d2p1-train-md3032-A-00000,train,md3032,A,8,9,-0.35670292377471924,-109.3170166015625,0.33951109647750854,0.23073166617865956,59.06730654173685,1.0108634840426662,0.8812577128410339,0.6978043913841248,0.750009298324585,0.7239068448543549,0.5523212552070618,0.8516822457313538
d2p1-train-md3032-A-00001,train,md3032,A,26,27,-0.6178521662950516,-163.10443878173828,0.4646031856536865,0.24069957466094277,61.61909111320135,0.971722737164906,0.928467869758606,0.6324552297592163,0.7171676158905029,0.6748114228248596,0.5078582167625427,0.7686985731124878
d2p1-train-md3032-A-00002,train,md3032,A,43,44,-0.3461022973060608,-138.87805938720703,0.2100011110305786,0.3129407070817721,80.11282101293365,0.39771395536506743,0.9065712094306946,0.673849880695343,0.7501040697097778,0.7119769752025604,0.5549553036689758,0.8405405879020691
d2p1-train-md3032-A-00003,train,md3032,A,61,62,-0.20484501123428345,-56.193206787109375,0.29740235209465027,0.3544206513823568,90.73168675388334,0.928208764002816,0.8997448682785034,0.6381358504295349,0.632915198802948,0.6355255246162415,0.5301486253738403,0.8095881342887878
d2p1-train-md3032-A-00004,train,md3032,A,86,87,-0.6486585885286331,-207.7321662902832,0.3739214241504669,0.14281034763202224,36.559448993797695,0.5054057587384633,0.9414266347885132,0.5880264639854431,0.6973574161529541,0.6426919400691986,0.5052821040153503,0.6685269474983215
d2p1-train-md3032-A-00005,train,md3032,A,103,104,-0.6298598349094391,-223.10114288330078,0.5031924247741699,0.38881351707682116,99.53626037166622,0.6816954629659838,0.9493697881698608,0.5683156847953796,0.9550760388374329,0.7616958618164062,0.5356259346008301,0.6831659078598022
d2p1-train-md3032-A-00006,train,md3032,A,121,122,-0.6044985949993134,-211.23863220214844,0.43226733803749084,0.3964733446657403,101.49717623442952,0.5158940094542689,0.9561471343040466,0.5538508892059326,0.6918690800666809,0.6228599846363068,0.5236427783966064,0.6364526152610779
d2p1-train-md3032-A-00007,train,md3032,A,138,139,-0.4269104599952698,-201.08832168579102,0.42099589109420776,0.3864895642423006,98.94132844602895,0.2187144015756709,0.9514682292938232,0.6243613958358765,0.7821924090385437,0.7032769024372101,0.5542778968811035,0.6899583339691162
d2p1-train-md3032-A-00008,train,md3032,A,156,157,-0.5867237001657486,-224.21514797210693,0.4332703649997711,0.016910110406117534,4.328988263966089,0.6255774817890186,0.9443807601928711,0.5798242092132568,0.6799522638320923,0.6298882365226746,0.5264050960540771,0.661022424697876
d2p1-train-md3032-A-00009,train,md3032,A,173,174,-0.4954300820827484,-140.98247528076172,0.3270721435546875,0.44823752676334366,114.74880685141598,0.5750477077422753,0.9247514605522156,0.7664295434951782,0.7387875318527222,0.7526085376739502,0.5747777223587036,0.7886711359024048
d2p1-train-md3032-A-00010,train,md3032,A,191,192,-0.6593314409255981,-214.73845195770264,0.4318663775920868,0.21538261964931815,55.13795063022545,0.5319245101039519,0.9556127786636353,0.6827327013015747,0.7381352782249451,0.7104339897632599,0.5571902990341187,0.6981078386306763
d2p1-train-md3032-A-00011,train,md3032,A,209,210,-0.718554750084877,-229.2987780570984,0.4477261006832123,0.23590280385077142,60.39111778579748,0.7343750660963424,0.9578957557678223,0.6282968521118164,0.7863216996192932,0.7073092758655548,0.5487383604049683,0.6875628232955933
d2p1-train-md3032-A-00012,train,md3032,A,226,227,-0.600712463259697,-184.91062927246094,0.36032867431640625,0.44655246882298766,114.31743201868484,0.022190153178496923,0.9161072373390198,0.7379537224769592,0.7762570381164551,0.7571053802967072,0.6287400722503662,0.8552944660186768
d2p1-train-md3032-A-00013,train,md3032,A,244,245,-0.5908892452716827,-164.8526153564453,0.29583942890167236,0.4337867775701263,111.04941505795233,0.2955994849316105,0.9376150965690613,0.7662079930305481,0.8136772513389587,0.7899426221847534,0.6485875844955444,0.8733236193656921
d2p1-train-md3032-A-00014,train,md3032,A,261,262,-0.5944477617740631,-185.0988540649414,0.2956356406211853,0.413626645478288,105.88842124244172,0.945471942009199,0.8851544857025146,0.7189229726791382,0.7537179589271545,0.7363204658031464,0.5985561609268188,0.8180108666419983
d2p1-train-md3032-A-00015,train,md3032,A,279,280,-0.47518670558929443,-159.3883285522461,0.35109785199165344,0.22151124139537845,56.70687779721688,0.5091965271846299,0.93304443359375,0.6669753789901733,0.7772531509399414,0.7221142649650574,0.5733922719955444,0.7914197444915771
d2p1-train-md3032-A-00016,train,md3032,A,316,317,-0.7290883883833885,-197.46129608154297,0.3813028931617737,0.4182119038427573,107.06224738374587,0.40737462408348696,0.9367666244506836,0.6777184009552002,0.8426448106765747,0.7601816058158875,0.6042556166648865,0.7817013263702393
d2p1-train-md3032-A-00017,train,md3032,A,334,335,-0.7615853846073151,-179.05202102661133,0.34590455889701843,0.4965946063378884,127.12821922249942,0.16581405631834145,0.925055742263794,0.8092290163040161,0.8085089921951294,0.8088690042495728,0.6525952816009521,0.9150041341781616
d2p1-train-md3032-A-00018,train,md3032,A,352,353,-0.1643962860107422,-65.104248046875,0.0008091926574707031,0.36179877689757384,92.6204868857789,0.09142241537570844,0.9475142955780029,0.8437381982803345,0.829749345779419,0.8367437720298767,0.645100474357605,0.9478645920753479
d2p1-train-md3032-A-00019,train,md3032,A,369,370,-0.07151287794113159,-2.278656005859375,0.12033557891845703,0.31481911703202126,80.59369396019744,0.14454646796811954,0.9154077768325806,0.7804700136184692,0.7791901230812073,0.7798300683498383,0.6356670260429382,0.9190524220466614
d2p1-train-md3032-A-00020,train,md3032,A,387,388,-0.1943293809890747,-96.33003234863281,0.12703239917755127,0.2731385899043864,69.92347901552291,0.09746847475519992,0.9180660843849182,0.8615514636039734,0.8450735807418823,0.8533125221729279,0.6994104385375977,0.9475414752960205
d2p1-train-md3032-A-00021,train,md3032,A,404,405,-0.3689754903316498,-132.6730728149414,0.10619449615478516,0.263554126927452,67.46985649342771,0.0987289974858668,0.9156100749969482,0.8188822865486145,0.8416281938552856,0.8302552402019501,0.6912839412689209,0.9183886647224426
d2p1-train-md3032-A-00022,train,md3032,A,422,423,-0.4692278802394867,-156.31098175048828,0.1649906039237976,0.4668763677122368,119.52035013433262,0.17947041475803183,0.9327300786972046,0.814530074596405,0.8212215304374695,0.8178758025169373,0.6777840256690979,0.9131917953491211
d2p1-train-md3032-A-00023,train,md3032,A,501,502,-0.12562280893325806,-55.5169677734375,0.10587447881698608,0.33807439110489035,86.54704412285193,0.026289290716828242,0.956500768661499,0.8045511245727539,0.7814508080482483,0.7930009663105011,0.684240460395813,0.9107056856155396
d2p1-train-md3032-A-00024,train,md3032,A,519,520,-0.35008811950683594,-155.38375091552734,0.09609043598175049,0.361896147574041,92.64541377895449,0.10422914187817581,0.9565706253051758,0.8162590265274048,0.7902194857597351,0.80323925614357,0.6612997055053711,0.9277631044387817
d2p1-train-md3032-A-00025,train,md3032,A,537,538,-0.1884312629699707,-63.915771484375,0.06573396921157837,0.3781941056760205,96.81769105306125,0.11535258350465523,0.9542741775512695,0.8075711727142334,0.797478437423706,0.8025248050689697,0.6508954167366028,0.9170026183128357
d2p1-train-md3032-A-00026,train,md3032,A,582,583,-0.5883829593658447,-89.08534240722656,0.3709145188331604,0.39991507486582123,102.37825916565023,0.13770359428517367,0.9469476342201233,0.8055375218391418,0.8308406472206116,0.8181890845298767,0.6299134492874146,0.8915981650352478
d2p1-train-md3032-A-00027,train,md3032,A,600,601,-0.697309210896492,-160.76190185546875,0.2880373001098633,0.4192175087596641,107.31968224247402,0.09650712179685017,0.9195579290390015,0.7826478481292725,0.7707434892654419,0.7766956686973572,0.6368299722671509,0.8927406072616577
d2p1-train-md3032-B-00000,train,md3032,B,2,3,-0.6877218186855316,-173.22432708740234,0.5035392642021179,0.02678732646099833,6.8575555740155725,0.10639887824353221,0.9534114599227905,0.6477159857749939,0.6802628636360168,0.6639894247055054,0.5185906291007996,0.7476549744606018
d2p1-train-md3032-B-00001,train,md3032,B,8,9,-0.43756425380706787,-88.3446044921875,0.3956729769706726,0.21825711675349138,55.873821888893794,0.9192155963588203,0.9221528172492981,0.6406744718551636,0.6711721420288086,0.6559233069419861,0.5197867155075073,0.8107693195343018
d2p1-train-md3032-B-00002,train,md3032,B,13,14,-0.6492074131965637,-164.05523681640625,0.46698781847953796,0.21060249753691512,53.91423936945027,0.8532771334425459,0.9491740465164185,0.6128948330879211,0.6620692014694214,0.6374820172786713,0.504346489906311,0.7464146614074707
d2p1-train-md3032-B-00003,train,md3032,B,19,20,-0.6617163121700287,-208.00128936767578,0.47716662287712097,0.20557761545749717,52.627869557119276,0.9283874560216735,0.94160395860672,0.605570375919342,0.6789922714233398,0.6422813236713409,0.522578239440918,0.7466146349906921
d2p1-train-md3032-B-00004,train,md3032,B,24,25,-0.6285900771617889,-204.77068328857422,0.5272056460380554,0.40230781691903306,102.99080113127246,0.2520661853057621,0.9526144862174988,0.5572936534881592,0.6669790148735046,0.6121363341808319,0.4803970158100128,0.699766993522644
d2p1-train-md3032-B-00005,train,md3032,B,30,31,-0.5864215195178986,-171.81558990478516,0.5682616531848907,0.2382717719449239,60.99757361790052,0.8044376600181672,0.9359198808670044,0.5826319456100464,0.648169994354248,0.6154009699821472,0.48963025212287903,0.7160066962242126
d2p1-train-md3032-B-00006,train,md3032,B,35,36,-0.7764766663312912,-212.93344116210938,0.624570220708847,0.051138918092511254,13.091563031682881,0.28190479057947326,0.9813191890716553,0.611254096031189,0.7997404336929321,0.7054972648620605,0.5772822499275208,0.7084459662437439
d2p1-train-md3032-B-00007,train,md3032,B,41,42,-0.7241141945123672,-196.6765899658203,0.4707210958003998,0.3155140559839801,80.7715983318989,0.6179267117194638,0.9450678825378418,0.6741268038749695,0.7359188795089722,0.7050228416919708,0.5434311628341675,0.7973172664642334
d2p1-train-md3032-B-00008,train,md3032,B,46,47,-0.6311404407024384,-191.14533233642578,0.5176563560962677,0.5363384275990312,137.30263746535198,0.8980949669946828,0.9531768560409546,0.6088509559631348,0.7822568416595459,0.6955538988113403,0.5023396611213684,0.7665911912918091
d2p1-train-md3032-B-00009,train,md3032,B,52,53,-0.4135209918022156,-88.98056030273438,0.40300753712654114,0.3408055620515557,87.24622388519826,0.8994957320706367,0.9243876934051514,0.6422628164291382,0.6904957294464111,0.6663792729377747,0.5231413841247559,0.8021950125694275
d2p1-train-md3032-B-00010,train,md3032,B,58,59,-0.2884208559989929,-22.292648315429688,0.37703776359558105,0.38267227525237807,97.96410246460879,1.1545910098467513,0.902140736579895,0.6220089197158813,0.639847993850708,0.6309284567832947,0.46684449911117554,0.7624359726905823
d2p1-train-md3032-B-00011,train,md3032,B,63,64,-0.5514572858810425,-148.67700958251953,0.35739098489284515,0.4049563873840813,103.66883517032481,1.0468498859504307,0.9244063496589661,0.5934247970581055,0.670284628868103,0.6318547129631042,0.478601336479187,0.7697262167930603
d2p1-train-md3032-B-00012,train,md3032,B,69,70,-0.8138082921504974,-185.62220001220703,0.52113938331604,0.43161309051325175,110.49295117139245,0.7072701185312393,0.935784637928009,0.5972974896430969,0.6257972717285156,0.6115473806858063,0.4720923900604248,0.7565790414810181
d2p1-train-md3032-B-00013,train,md3032,B,74,82,-0.7054631561040878,-136.4066390991211,0.4475977122783661,0.4417032279319414,113.076026350577,0.7884703943412168,0.9387072324752808,0.64900803565979,0.6771993637084961,0.6631036996841431,0.5761142373085022,0.7915635108947754
d2p1-train-md3032-B-00014,train,md3032,B,87,88,-0.8387412503361702,-201.06775283813477,0.5755501389503479,0.04490550057548546,11.495808147324277,0.12764354057202051,0.9525121450424194,0.6069551706314087,0.6606349945068359,0.6337950825691223,0.49601948261260986,0.690334141254425
d2p1-train-md3032-B-00015,train,md3032,B,92,93,-0.8459359109401703,-207.33073043823242,0.5948402583599091,0.03811036009062065,9.756252183198887,0.3172910052134052,0.9512248635292053,0.5695052146911621,0.6215702295303345,0.5955377221107483,0.4807945191860199,0.6891221404075623
d2p1-train-md3032-B-00016,train,md3032,B,98,99,-0.7888729721307755,-89.68098449707031,0.5310807526111603,0.44241687192539436,113.25871921290096,0.8384587761045782,0.9217962026596069,0.5982345342636108,0.6261031031608582,0.6121688187122345,0.4861310124397278,0.7445099949836731
d2p1-train-md3032-B-00017,train,md3032,B,103,104,-0.2745133638381958,-23.065277099609375,0.38093048334121704,0.4372168526422086,111.9275142764054,1.0116117034302743,0.9226992130279541,0.6116065979003906,0.6882996559143066,0.6499531269073486,0.46892014145851135,0.7902724146842957
d2p1-train-md3032-B-00018,train,md3032,B,109,110,-0.48934242129325867,-73.87420654296875,0.31624898314476013,0.43469038867710846,111.28073950133977,1.0209979847553843,0.8881222009658813,0.5878868699073792,0.587403416633606,0.5876451432704926,0.47437891364097595,0.7761784195899963
d2p1-train-md3032-B-00019,train,md3032,B,114,115,-0.6119497716426849,-94.48039245605469,0.3622714877128601,0.4161032210981808,106.52242460113429,1.038218986193447,0.9304530620574951,0.6037321090698242,0.6473793983459473,0.6255557537078857,0.4942106008529663,0.7671421766281128
d2p1-train-md3032-B-00020,train,md3032,B,120,121,-0.4921671450138092,-147.64651489257812,0.30688944458961487,0.3806157158525113,97.4376232582429,1.0552084621382694,0.8890666365623474,0.589404821395874,0.6203097701072693,0.6048572957515717,0.4667888879776001,0.7786627411842346
d2p1-train-md3032-B-00021,train,md3032,B,125,126,-0.30656349658966064,-70.33427429199219,0.311692550778389,0.35776084008765036,91.58677506243849,1.0275212425700644,0.9013868570327759,0.5921308994293213,0.667195737361908,0.6296633183956146,0.4824007749557495,0.7882881164550781
d2p1-train-md3032-B-00022,train,md3032,B,131,132,-0.28075218200683594,-55.333282470703125,0.2654966562986374,0.3356350904894937,85.92258316531039,1.079832607952359,0.9009596109390259,0.6098198294639587,0.6892809271812439,0.6495503783226013,0.5012499690055847,0.8130597472190857
d2p1-train-md3032-B-00023,train,md3032,B,136,137,-0.2784496545791626,-39.449432373046875,0.250588059425354,0.3271031677373814,83.73841094076964,1.1408749924321289,0.8836259841918945,0.6402519941329956,0.7324205636978149,0.6863362789154053,0.4996495842933655,0.8395673036575317
d2p1-train-md3032-B-00024,train,md3032,B,142,143,-0.2349274754524231,-34.01936340332031,0.263162761926651,0.3299759817736662,84.47385133405855,1.089184019342901,0.9007996320724487,0.6152393221855164,0.6671353578567505,0.6411873400211334,0.4919332265853882,0.7917830348014832
d2p1-train-md3032-B-00025,train,md3032,B,147,148,-0.3721565008163452,-71.9266357421875,0.314872145652771,0.35021641554179456,89.6554023786994,1.1451672623859028,0.8587185740470886,0.6109433770179749,0.6185380816459656,0.6147407293319702,0.4777449369430542,0.7925276756286621
d2p1-train-md3032-B-00026,train,md3032,B,153,154,-0.4482916295528412,-43.765869140625,0.3647626042366028,0.38905279170137325,99.59751467555155,1.1497822097505517,0.8874112367630005,0.656306266784668,0.698623538017273,0.6774649024009705,0.48286598920822144,0.7825952768325806
d2p1-train-md3032-B-00027,train,md3032,B,159,160,-0.30423086881637573,-44.71162414550781,0.34932470321655273,0.4349166783450839,111.33866965634148,1.1175101900534612,0.8752434849739075,0.6160308122634888,0.6300293207168579,0.6230300664901733,0.4824698567390442,0.7774353623390198
d2p1-train-md3032-B-00028,train,md3032,B,164,165,-0.430452823638916,-83.75892639160156,0.34246689081192017,0.4834281412442219,123.7576041585208,1.1266548726028052,0.8711819648742676,0.5852067470550537,0.6139986515045166,0.5996026992797852,0.4553173780441284,0.7331514954566956
d2p1-train-md3032-B-00029,train,md3032,B,170,171,-0.5552709996700287,-90.94920349121094,0.46616047620773315,0.5432637743723171,139.07552623931318,0.8730860677979391,0.9639410972595215,0.6410635709762573,0.7124177813529968,0.6767406761646271,0.4877871572971344,0.679559588432312
d2p1-train-md3032-B-00030,train,md3032,B,175,176,-0.8862593546509743,-238.92803192138672,0.6343284547328949,0.09569264016270586,24.4973158816527,0.566990850214786,0.9757248759269714,0.5136504173278809,0.7672370076179504,0.6404437124729156,0.4710463285446167,0.600299596786499
d2p1-train-md3032-B-00031,train,md3032,B,181,182,-0.560801774263382,-201.25738525390625,0.5333068370819092,0.2477812443991758,63.431998566189,0.44587550560981953,0.9683617353439331,0.5661671161651611,0.7010005712509155,0.6335838437080383,0.4911503791809082,0.6540497541427612
d2p1-train-md3032-B-00032,train,md3032,B,186,187,-0.7411706000566483,-217.9396743774414,0.5150442719459534,0.04299370827633447,11.006389318741624,0.33765370846622583,0.9651563763618469,0.568819522857666,0.7800561785697937,0.6744378507137299,0.548532247543335,0.6797267198562622
d2p1-train-md3032-B-00033,train,md3032,B,192,193,-0.7742283344268799,-233.9631004333496,0.5128141641616821,0.24977335508503362,63.94197890176861,0.15418923548013092,0.9736602306365967,0.6171576380729675,0.8209835290908813,0.7190705835819244,0.5678252577781677,0.683093249797821
d2p1-train-md3032-B-00034,train,md3032,B,197,198,-0.5644585192203522,-192.63643646240234,0.3910727798938751,0.3397764310653308,86.98276635272468,0.3386972288637829,0.9269951581954956,0.6412256360054016,0.7109781503677368,0.6761018931865692,0.5400254726409912,0.7933295369148254
d2p1-train-md3032-B-00035,train,md3032,B,203,204,-0.6570253223180771,-228.85710906982422,0.406160831451416,0.38967639623547157,99.75715743628072,0.37623951663542765,0.8875319957733154,0.6628462076187134,0.6606165170669556,0.6617313623428345,0.5288910269737244,0.8177446722984314
d2p1-train-md3032-B-00036,train,md3032,B,208,209,-0.6701864898204803,-227.3769874572754,0.48318105936050415,0.01874226806671407,4.798020625078802,0.14411435673622422,0.9589581489562988,0.6147856116294861,0.7441515922546387,0.6794686019420624,0.5359145402908325,0.7093985676765442
d2p1-train-md3032-B-00037,train,md3032,B,214,215,-0.7451468855142593,-235.7260284423828,0.5087893605232239,0.04576020456607312,11.714612368914718,0.35720454344193153,0.9746479988098145,0.5242260694503784,0.7777854800224304,0.6510057747364044,0.49454668164253235,0.6432920694351196
d2p1-train-md3032-B-00038,train,md3032,B,219,220,-0.5631338953971863,-210.66847610473633,0.4354802072048187,0.2031453846767227,52.00521847724101,0.39575526446534437,0.963630199432373,0.5402123928070068,0.7641491889953613,0.6521807909011841,0.5112043023109436,0.6586962938308716
d2p1-train-md3032-B-00039,train,md3032,B,225,226,-0.34201884269714355,-143.99346923828125,0.48651644587516785,0.018154859885653237,4.647644130727229,0.16446973838622592,0.9423683881759644,0.5404885411262512,0.732927680015564,0.6367081105709076,0.4977114498615265,0.6647462248802185
d2p1-train-md3032-B-00040,train,md3032,B,230,231,-0.71500563621521,-239.8073387145996,0.48590829968452454,0.2211852962877763,56.623435849670734,0.39398535703932036,0.9725960493087769,0.5749694108963013,0.8312031626701355,0.7030862867832184,0.5496885180473328,0.6565457582473755
d2p1-train-md3032-B-00041,train,md3032,B,236,237,-0.6610955595970154,-212.18904876708984,0.5189130008220673,0.34225239900649956,87.61661414566389,0.31903630041143827,0.9655836820602417,0.7048335671424866,0.8003574013710022,0.7525954842567444,0.5916349291801453,0.7754946947097778
d2p1-train-md3032-B-00042,train,md3032,B,241,242,-0.42719724774360657,-183.24734497070312,0.5308196842670441,0.26619091138959106,68.14487331573531,0.407055737404163,0.9587141871452332,0.6574925184249878,0.8114826083183289,0.7344875633716583,0.5609372854232788,0.7556287050247192
d2p1-train-md3032-B-00043,train,md3032,B,247,248,-0.3976166844367981,-137.20301055908203,0.3670627772808075,0.4260823509637112,109.07708184671007,0.4919389933261656,0.9056495428085327,0.7010912895202637,0.7461599111557007,0.7236256003379822,0.5607031583786011,0.8380584716796875
d2p1-train-md3032-B-00044,train,md3032,B,253,254,-0.5485699474811554,-177.43146514892578,0.4487610161304474,0.41703533765793666,106.76104644043178,0.11841913402745102,0.9331613779067993,0.6557977199554443,0.7547197341918945,0.7052587270736694,0.5487344861030579,0.7573122978210449
d2p1-train-md3032-B-00045,train,md3032,B,258,259,-0.7095503211021423,-230.71699142456055,0.4702860414981842,0.34263862953423285,87.71548916076361,0.6418519460297363,0.9820911884307861,0.6152373552322388,0.8208173513412476,0.7180273532867432,0.5439107418060303,0.6798694729804993
d2p1-train-md3032-B-00046,train,md3032,B,264,265,-0.477826863527298,-185.71265411376953,0.5368749499320984,0.3392072692044246,86.8370609163327,0.2162816663106451,0.9597496390342712,0.5462971329689026,0.7628029584884644,0.6545500457286835,0.5098456740379333,0.6624993681907654
d2p1-train-md3032-B-00047,train,md3032,B,269,270,-0.6533919870853424,-228.35930824279785,0.5674862265586853,0.35576215525922117,91.07511174636062,0.16375982031218034,0.9693827629089355,0.5522456169128418,0.8045649528503418,0.6784052848815918,0.5183969140052795,0.6458653807640076
d2p1-train-md3032-B-00048,train,md3032,B,275,276,-0.7420286983251572,-238.7183322906494,0.5991848111152649,0.23256308291128625,59.53614922528928,0.9061603715128603,0.9733812808990479,0.5499227046966553,0.7635173201560974,0.6567200124263763,0.5232318639755249,0.6514864563941956
d2p1-train-md3032-B-00049,train,md3032,B,280,281,-0.6261410713195801,-209.27068710327148,0.5777175426483154,0.3151246717683659,80.67191597270167,0.6217994822924051,0.9518981575965881,0.687734067440033,0.8112348318099976,0.7494844496250153,0.5978339314460754,0.8196294903755188
d2p1-train-md3032-B-00050,train,md3032,B,286,287,-0.7845621109008789,-202.4317512512207,0.5982877314090729,0.051426567765039045,13.165201347849996,0.3997022168082081,0.9748837351799011,0.6589753031730652,0.8188133239746094,0.7388943135738373,0.5814680457115173,0.7223177552223206
d2p1-train-md3032-B-00051,train,md3032,B,291,312,-0.5540111660957336,-129.2661361694336,0.3587504029273987,0.3552943865710467,90.95536296218796,0.17285907754361113,0.9453147649765015,0.7219548225402832,0.7467184066772461,0.7343366146087646,0.6251031160354614,0.8413083553314209
d2p1-train-md3032-B-00052,train,md3032,B,317,318,-0.7558564096689224,-161.19397735595703,0.5226625204086304,0.37080996872754535,94.92735199425161,0.18010643861347564,0.9412741661071777,0.7077064514160156,0.7746767997741699,0.7411916255950928,0.6126660108566284,0.8335245847702026
d2p1-train-md3032-B-00053,train,md3032,B,322,323,-0.7674865573644638,-229.67907524108887,0.6208965480327606,0.07275904880695172,18.62631649457964,0.6116781461557527,0.9719559550285339,0.6220979690551758,0.9245209693908691,0.7733094692230225,0.5968855619430542,0.7454238533973694
d2p1-train-md3032-B-00054,train,md3032,B,328,329,-0.7790127992630005,-235.31310844421387,0.6401557177305222,0.052679982091486485,13.48607541542054,0.6429796103984418,0.9707537889480591,0.557072639465332,0.7745226621627808,0.6657976508140564,0.5256597995758057,0.671383261680603
d2p1-train-md3032-B-00055,train,md3032,B,333,334,-0.6052357256412506,-203.28965759277344,0.6019609272480011,0.06757842473717772,17.300076732717496,0.5716805084753864,0.973198413848877,0.5546020269393921,0.9119189977645874,0.7332605123519897,0.5305885076522827,0.6586143970489502
d2p1-train-md3032-B-00056,train,md3032,B,339,340,-0.6954216957092285,-226.92263412475586,0.5741809010505676,0.0427089940666628,10.933502481065677,0.3786588834327817,0.9727661609649658,0.6186925172805786,0.7678478956222534,0.693270206451416,0.5789333581924438,0.7300523519515991
d2p1-train-md3032-B-00057,train,md3032,B,344,345,-0.8235092759132385,-217.93933486938477,0.6147766709327698,0.3850530790416359,98.57358823465879,0.40005261811769854,0.9717403054237366,0.6604105234146118,0.8571074604988098,0.7587589919567108,0.6247133612632751,0.7751891016960144
d2p1-train-md3032-B-00058,train,md3032,B,350,351,-0.42033928632736206,-59.62239074707031,0.39302554726600647,0.5051406264840888,129.31600037992672,0.4274271941504083,0.9411145448684692,0.6957192420959473,0.7731382250785828,0.734428733587265,0.5864222049713135,0.82661372423172
d2p1-train-md3032-B-00059,train,md3032,B,355,356,-0.35042494535446167,-52.799713134765625,0.42994821071624756,0.45706564098248764,117.00880409151684,0.40341483528149047,0.9291385412216187,0.6778580546379089,0.741239607334137,0.709548830986023,0.5707555413246155,0.8298699855804443
d2p1-train-md3032-B-00060,train,md3032,B,361,362,-0.3034195303916931,-75.70329284667969,0.2956114113330841,0.3948366724666651,101.07818815146626,0.3785695653335016,0.8959590196609497,0.7421884536743164,0.7595521211624146,0.7508702874183655,0.5738145112991333,0.8795722126960754
d2p1-train-md3032-B-00061,train,md3032,B,366,367,-0.4623393714427948,-140.22633361816406,0.3900381028652191,0.3597720584526365,92.10164696387494,0.6361597580505645,0.943916916847229,0.6551886796951294,0.7637225389480591,0.7094556093215942,0.5366376638412476,0.8170959949493408
d2p1-train-md3032-B-00062,train,md3032,B,372,373,-0.8719198331236839,-217.06999969482422,0.6303641498088837,0.3761567388202958,96.29612513799573,0.3189855300839481,0.9553959369659424,0.6068353652954102,0.751662015914917,0.6792486906051636,0.5268332958221436,0.7475741505622864
d2p1-train-md3032-B-00063,train,md3032,B,378,379,-0.7510870099067688,-218.10902404785156,0.5879533588886261,0.18865740471378112,48.296295606727966,0.12485631982949394,0.9750847220420837,0.618192195892334,0.7492368221282959,0.6837145090103149,0.5429307222366333,0.6875775456428528
d2p1-train-md3032-B-00064,train,md3032,B,383,384,-0.7167949825525284,-190.63304138183594,0.5998191237449646,0.19065526495037782,48.80774782729672,0.5148024956960972,0.9663958549499512,0.6688417196273804,0.7996381521224976,0.734239935874939,0.5802769064903259,0.7921213507652283
d2p1-train-md3032-B-00065,train,md3032,B,389,390,-0.5723239183425903,-89.44387817382812,0.5165949761867523,0.16984361626281597,43.47996576328089,0.46855596529793436,0.9617347121238708,0.6529678106307983,0.7961742877960205,0.7245710492134094,0.5817910432815552,0.7897307872772217
d2p1-train-md3032-B-00066,train,md3032,B,394,395,-0.7500550746917725,-163.92696380615234,0.5024455785751343,0.15782036344909392,40.40201304296804,0.3091522673785088,0.9459673166275024,0.6450285315513611,0.7681403160095215,0.7065844237804413,0.581349790096283,0.7765567898750305
d2p1-train-md3032-B-00067,train,md3032,B,400,401,-0.5403148829936981,-58.39088439941406,0.4522387981414795,0.4347785347466886,111.30330489515228,0.17823972110099365,0.9411016702651978,0.7297141551971436,0.7968113422393799,0.7632627487182617,0.5895733833312988,0.8354434370994568
d2p1-train-md3032-B-00068,train,md3032,B,405,406,-0.8997979052364826,-229.98821830749512,0.5320373475551605,0.29593355439051355,75.75898992397147,0.3468862947428386,0.9505618810653687,0.777509331703186,0.7952255010604858,0.7863674163818359,0.6063218712806702,0.9135226607322693
d2p1-train-md3032-B-00069,train,md3032,B,411,412,-0.852498859167099,-178.69813537597656,0.5021379888057709,0.23966254858016967,61.353612436523434,0.5271737498681314,0.9455070495605469,0.7124743461608887,0.7222884893417358,0.7173814177513123,0.5533607006072998,0.8526412844657898
d2p1-train-md3032-B-00070,train,md3032,B,416,417,-0.8628503121435642,-204.15044021606445,0.45515722036361694,0.30668796144877525,78.51211813088646,0.27116533664789483,0.9470566511154175,0.7530432343482971,0.7481114864349365,0.7505773603916168,0.5599100589752197,0.8808726668357849
d2p1-train-md3032-B-00071,train,md3032,B,422,423,-0.745145782828331,-142.29005432128906,0.39048826694488525,0.3226740337677963,82.60455264455585,0.23172203197423363,0.9392751455307007,0.7165377140045166,0.7406187057495117,0.7285782098770142,0.596891462802887,0.872516930103302
d2p1-train-md3032-B-00072,train,md3032,B,427,428,-0.6863222420215607,-99.58317565917969,0.36317571997642517,0.3233975326713355,82.78976836386188,0.29083247461709216,0.9436196088790894,0.7479868531227112,0.7389376759529114,0.7434622645378113,0.5966960191726685,0.9154049158096313
d2p1-train-md3032-B-00073,train,md3032,B,495,496,-0.8289682492613792,-236.33117485046387,0.6381840109825134,0.14529995202690876,37.19678771888864,0.28725267096066937,0.9737421274185181,0.5331466197967529,0.6344685554504395,0.5838075876235962,0.47650378942489624,0.6274479627609253
d2p1-train-md3032-B-00074,train,md3032,B,500,501,-0.8399904891848564,-245.57815074920654,0.5843392908573151,0.08487787097394096,21.728734969328887,0.7561890255802332,0.9695373773574829,0.5247281193733215,0.6602638363838196,0.5924959778785706,0.49950259923934937,0.65966796875
d2p1-train-md3032-B-00075,train,md3032,B,506,507,-0.8320582136511803,-244.47457313537598,0.6094963550567627,0.09421339347437557,24.118628729440147,0.4709521827471809,0.9782214164733887,0.5533442497253418,0.6674981713294983,0.61042121052742,0.5138211250305176,0.6712846755981445
d2p1-train-md3032-B-00076,train,md3032,B,511,512,-0.7349976301193237,-212.95891571044922,0.5958825349807739,0.11401509823318763,29.187865147696034,0.5396548988579275,0.9702210426330566,0.5215445756912231,0.7489094138145447,0.6352269947528839,0.4894021153450012,0.633924126625061
d2p1-train-md3032-B-00077,train,md3032,B,517,518,-0.7976604849100113,-224.6349754333496,0.5999923348426819,0.34730819052894046,88.91089677540876,0.6564843817508663,0.9546051025390625,0.5970771908760071,0.7630472183227539,0.6800622045993805,0.5433163642883301,0.7189075946807861
d2p1-train-md3032-B-00078,train,md3032,B,522,523,-0.6943521499633789,-185.6238784790039,0.5326179563999176,0.4001790782804182,102.44584403978706,0.8921893708224855,0.928478479385376,0.6284043788909912,0.7632316946983337,0.6958180367946625,0.536633312702179,0.7506359815597534
d2p1-train-md3032-B-00079,train,md3032,B,528,529,-0.5932998955249786,-182.16446685791016,0.5466665327548981,0.39081597340550256,100.04888919180866,0.8055652543513994,0.9261670708656311,0.6703855991363525,0.8011062145233154,0.735745906829834,0.5482500195503235,0.8084178566932678
d2p1-train-md3032-B-00080,train,md3032,B,534,535,-0.696051836013794,-165.17613220214844,0.6078375577926636,0.014585117194609422,3.733790001820012,0.07793063420728774,0.9688282012939453,0.5383351445198059,0.6695088148117065,0.6039219796657562,0.5164744853973389,0.6472081542015076
d2p1-train-md3032-B-00081,train,md3032,B,539,540,-0.7202006429433823,-224.0722484588623,0.5909771025180817,0.059851588296965116,15.32200660402307,0.6142280821872081,0.9844143986701965,0.526882529258728,0.61161869764328,0.569250613451004,0.5120452046394348,0.6400271058082581
d2p1-train-md3032-B-00082,train,md3032,B,573,574,-0.8055189102888107,-231.10408973693848,0.6200620234012604,0.48103881260880293,123.14593602785355,0.9393262367916629,0.9697147607803345,0.6172720193862915,0.8742964267730713,0.7457842230796814,0.5383536219596863,0.7491797208786011
d2p1-train-md3032-B-00083,train,md3032,B,578,579,-0.8425774350762367,-225.52009773254395,0.5788550972938538,0.42961658591248547,109.98184599359628,0.6511015001043005,0.9650365710258484,0.5125245451927185,0.6218266487121582,0.5671755969524384,0.461002379655838,0.6309459209442139
d2p1-train-md3032-B-00084,train,md3032,B,584,585,-0.7923707067966461,-238.63185787200928,0.5505037903785706,0.3927883074852723,100.55380671622972,0.7223629611366659,0.9443279504776001,0.5244494676589966,0.7205814123153687,0.6225154399871826,0.46257930994033813,0.6580851674079895
d2p1-train-md3032-B-00085,train,md3032,B,589,590,-0.7688932418823242,-229.01171112060547,0.5873923599720001,0.3807027393860084,97.45990128281815,0.7160484981174889,0.9376368522644043,0.5913434028625488,0.7249711751937866,0.6581572890281677,0.47970134019851685,0.7061517834663391
d2p1-train-md3032-B-00086,train,md3032,B,595,596,-0.815009281039238,-223.24504470825195,0.5725524723529816,0.37152529189536737,95.11047472521405,0.4303508904483231,0.9521081447601318,0.5783500671386719,0.774652361869812,0.6765012145042419,0.5051012635231018,0.7115479111671448
d2p1-train-md3032-B-00087,train,md3032,B,600,601,-0.8722937703132629,-242.62739086151123,0.5831817388534546,0.4338998340378328,111.07835751368519,0.4677709102435123,0.9764680862426758,0.5307199954986572,0.6935080885887146,0.6121140420436859,0.5098646283149719,0.6373142600059509
d2p1-train-md3032-B-00088,train,md3032,B,606,607,-0.7828162312507629,-205.35047149658203,0.5622029602527618,0.5229442487080661,133.87372766926492,0.5519824222325479,0.9526241421699524,0.5201261043548584,0.6266648173332214,0.5733954608440399,0.4404836595058441,0.6502415537834167
d2p1-train-md3036-B-00000,train,md3036,B,0,1,-0.5993863642215729,-185.6974639892578,0.4468693733215332,0.429979858974922,110.07484389758004,0.302498139278727,0.8905885219573975,0.6582344770431519,0.6879270076751709,0.6730807423591614,0.5683415532112122,0.7919499278068542
d2p1-train-md3036-B-00001,train,md3036,B,1,2,-0.6866886913776398,-173.34221649169922,0.4547148048877716,0.44644952781654823,114.29107912103635,0.2737095511815312,0.9069710373878479,0.6805514693260193,0.687028169631958,0.6837898194789886,0.6091116666793823,0.8060466051101685
d2p1-train-md3036-B-00002,train,md3036,B,2,15,-0.2497156262397766,-15.55255126953125,0.2739162743091583,0.3129943610507319,80.12655642898737,0.6772739087625905,0.8946036100387573,0.6792072653770447,0.7031748294830322,0.6911910474300385,0.5341387987136841,0.8630854487419128
d2p1-train-md3036-B-00003,train,md3036,B,15,16,-0.39420628547668457,-17.095260620117188,0.36522307991981506,0.3189553766564481,81.65257642405071,0.7411434947220095,0.9078108072280884,0.6983225345611572,0.7207040786743164,0.7095133066177368,0.49339771270751953,0.8339110612869263
d2p1-train-md3036-B-00004,train,md3036,B,16,17,-0.42751502990722656,-24.325820922851562,0.3774730712175369,0.3082603652101175,78.91465349379008,0.7442856666011741,0.9162712693214417,0.7077330350875854,0.7323449850082397,0.7200390100479126,0.5061063170433044,0.8542554378509521
d2p1-train-md3036-B-00005,train,md3036,B,17,18,-0.6007643043994904,-38.02984619140625,0.49549198150634766,0.31478829853678025,80.58580442541574,0.6657523299755319,0.92024827003479,0.6819993257522583,0.7372808456420898,0.7096400856971741,0.5010319948196411,0.8359196186065674
d2p1-train-md3038-A-00000,train,md3038,A,1,2,-0.6739645600318909,-193.92973709106445,0.35779425501823425,0.364358133593336,93.27568219989402,0.3855144400443792,0.8863320350646973,0.6650499105453491,0.7171820402145386,0.6911159753799438,0.5751234292984009,0.7803310751914978
d2p1-train-md3038-A-00001,train,md3038,A,94,95,-0.3897515535354614,-31.000350952148438,0.41130712628364563,0.30228558772295183,77.38511045707567,1.0713829243985833,0.9281068444252014,0.664493978023529,0.7463806867599487,0.7054373323917389,0.5130241513252258,0.8219397068023682
d2p1-train-md3038-A-00002,train,md3038,A,96,97,-0.26133567094802856,-21.312484741210938,0.4088476896286011,0.3014965160585009,77.18310811097624,1.2069659422240533,0.9212437868118286,0.6611995697021484,0.7529028654098511,0.7070512175559998,0.5457705855369568,0.8163179159164429
d2p1-train-md3038-A-00003,train,md3038,A,98,99,-0.4725511372089386,-120.88232421875,0.48181235790252686,0.3015512533868441,77.19712086703208,1.0767510613269273,0.917829692363739,0.6435392498970032,0.7589313983917236,0.7012353241443634,0.554575502872467,0.8139230608940125
d2p1-train-md3038-A-00004,train,md3038,A,336,337,-0.48514777421951294,-116.04234313964844,0.4473763406276703,0.012486546546826582,3.196555915987605,0.1342319847890267,0.9199731349945068,0.6606019735336304,0.7109588384628296,0.68578040599823,0.5709797143936157,0.7865573763847351
d2p1-train-md3038-A-00005,train,md3038,A,338,339,-0.41138356924057007,-94.46778869628906,0.4329978823661804,0.017737913315471823,4.540905808760787,0.157208041729679,0.9272847175598145,0.7076922059059143,0.8254776000976562,0.7665849030017853,0.6286250948905945,0.8416110277175903
d2p1-train-md3038-A-00006,train,md3038,A,340,341,-0.5215924084186554,-160.80892944335938,0.43186846375465393,0.009943676431234378,2.545581166396001,0.18530470831048482,0.9202282428741455,0.7273293137550354,0.8039401769638062,0.7656347453594208,0.605211615562439,0.853533923625946
d2p1-train-md3038-A-00007,train,md3038,A,342,343,-0.432489275932312,-137.27434539794922,0.406385600566864,0.011342310002001704,2.903631360512436,0.12470405436623003,0.9106210470199585,0.6625115871429443,0.7506886720657349,0.7066001296043396,0.562247633934021,0.7927037477493286
d2p1-train-md3038-A-00008,train,md3038,A,344,345,-0.5950722098350525,-191.72074127197266,0.44964170455932617,0.212791986538032,54.47474855373619,0.3911850448185189,0.898385763168335,0.6757139563560486,0.6926966905593872,0.6842053234577179,0.5463402271270752,0.7944203019142151
d2p1-train-md3038-A-00009,train,md3038,A,347,348,-0.30590349435806274,-122.81138610839844,0.38085636496543884,0.022011088689268266,5.634838704452676,0.15330794421811147,0.9151492118835449,0.6654547452926636,0.7587872743606567,0.7121210098266602,0.5898126363754272,0.797327995300293
d2p1-train-md3038-A-00010,train,md3038,A,349,350,-0.21239441633224487,-88.24337768554688,0.3789467215538025,0.021978589982297028,5.626519035468039,0.24520310793193792,0.9148002862930298,0.6408233046531677,0.706214964389801,0.6735191345214844,0.5776150822639465,0.7678828835487366
d2p1-train-md3038-A-00011,train,md3038,A,351,352,-0.5437545478343964,-176.03966522216797,0.34705641865730286,0.03509328151754006,8.983880068490256,0.24503209698834236,0.9168542623519897,0.6696357727050781,0.7359243631362915,0.7027800679206848,0.5993053317070007,0.7883385419845581
d2p1-train-md3038-A-00012,train,md3038,A,353,354,-0.4190255403518677,-164.67554473876953,0.3754311203956604,0.0304838449774408,7.803864314224845,0.3058044923800898,0.9163175821304321,0.6171172857284546,0.6766867637634277,0.6469020247459412,0.541828989982605,0.751317024230957
d2p1-train-md3038-A-00013,train,md3038,A,356,357,-0.4213324189186096,-170.63668060302734,0.34197673201560974,0.021733325596944974,5.563731352817913,0.27291671170820886,0.9200009107589722,0.6714980602264404,0.7319520115852356,0.701725035905838,0.601573646068573,0.7966254353523254
d2p1-train-md3038-A-00014,train,md3038,A,358,359,-0.21542346477508545,-124.75315856933594,0.39789271354675293,0.018626572929016268,4.7684026698281645,0.21083601688825815,0.9151370525360107,0.6676098108291626,0.6766229867935181,0.6721163988113403,0.5817192792892456,0.8091319799423218
d2p1-train-md3038-A-00015,train,md3038,A,360,361,-0.26742035150527954,-116.24929809570312,0.4337552785873413,0.008046525463941735,2.059910518769084,0.284849174486206,0.9436025619506836,0.6646252870559692,0.7380807399749756,0.7013530135154724,0.612328052520752,0.783141553401947
d2p1-train-md3038-A-00016,train,md3038,A,362,363,-0.22274166345596313,-110.17481994628906,0.42745521664619446,0.020787212597374594,5.321526424927896,0.3051157128080839,0.9160127639770508,0.6551752090454102,0.7328956127166748,0.6940354108810425,0.5817181468009949,0.7673277258872986
d2p1-train-md3038-A-00017,train,md3038,A,364,365,-0.3211107850074768,-147.4278106689453,0.4213031232357025,0.017824124527796397,4.562975879115878,0.32192134601244254,0.936730146408081,0.6217559576034546,0.7283841371536255,0.67507004737854,0.5746692419052124,0.7250269055366516
d2p1-train-md3038-A-00018,train,md3038,A,367,368,-0.18974721431732178,-95.45968627929688,0.397124707698822,0.02173565840128872,5.564328550729912,0.3079207331559861,0.924851655960083,0.6323380470275879,0.7432911396026611,0.6878145933151245,0.5901758074760437,0.7531627416610718
d2p1-train-md3038-A-00019,train,md3038,A,369,370,-0.3812440037727356,-146.65728759765625,0.4076450765132904,0.02293283223505385,5.870805052173786,0.3159926716568269,0.947468638420105,0.6245629191398621,0.7630718946456909,0.6938174068927765,0.5824795961380005,0.7406678795814514
d2p1-train-md3038-A-00020,train,md3038,A,371,372,-0.40080875158309937,-171.62661743164062,0.37302452325820923,0.2551726614890382,65.32420134119378,0.8028826188189562,0.908362865447998,0.6302551031112671,0.7307223081588745,0.6804887056350708,0.5349336862564087,0.7677131295204163
d2p1-train-md3038-A-00021,train,md3038,A,373,374,-0.4453819990158081,-175.64503479003906,0.36914417147636414,0.01963488392208834,5.026530284054615,0.23906107103990512,0.911959171295166,0.6416453123092651,0.730424165725708,0.6860347390174866,0.5595861673355103,0.7671030759811401
d2p1-train-md3038-A-00022,train,md3038,A,376,377,-0.39132165908813477,-164.9318618774414,0.3955497145652771,0.018133959498682503,4.642293631662721,0.14548726972612613,0.9270450472831726,0.6734890937805176,0.7618160247802734,0.7176525592803955,0.5859616994857788,0.8109234571456909
d2p1-train-md3038-A-00023,train,md3038,A,378,379,-0.5530281960964203,-195.26316452026367,0.4132395386695862,0.013301191769013551,3.405105092867469,0.16261560590178337,0.9242256283760071,0.6488569378852844,0.7341675758361816,0.691512256860733,0.5659185647964478,0.7825052738189697
d2p1-train-md3038-A-00024,train,md3038,A,418,419,-0.3202515244483948,-72.7772216796875,0.452852338552475,0.029994849529664643,7.6786814795941485,0.2189215953856942,0.945636510848999,0.6522284746170044,0.7803067564964294,0.7162676155567169,0.605400800704956,0.7504348158836365
d2p1-train-md3038-A-00025,train,md3038,A,420,421,-0.46286800503730774,-70.36883544921875,0.4547463357448578,0.029495079603625574,7.550740378528147,0.20297378558099521,0.9397096037864685,0.636104166507721,0.7337363362312317,0.6849202513694763,0.5815775394439697,0.7293823957443237
d2p1-train-md3038-A-00026,train,md3038,A,422,423,-0.4038034677505493,-70.02850341796875,0.43165990710258484,0.02523841131259926,6.461033296025411,0.2064612104773761,0.9237772822380066,0.6396762132644653,0.7251138687133789,0.6823950409889221,0.5879761576652527,0.7478358745574951
d2p1-train-md3038-A-00027,train,md3038,A,425,426,-0.3955734968185425,-83.75044250488281,0.42721128463745117,0.018857320076233603,4.827473939515802,0.23260249300257735,0.9300533533096313,0.6377606391906738,0.7343083024024963,0.6860344707965851,0.5758679509162903,0.7502940893173218
d2p1-train-md3038-A-00028,train,md3038,A,427,428,-0.5507088601589203,-143.26522827148438,0.46619606018066406,0.03501899291314864,8.964862185766052,0.2745632228874535,0.9264953136444092,0.6585034132003784,0.7060964107513428,0.6822999119758606,0.5645281076431274,0.7868191003799438
d2p1-train-md3038-A-00029,train,md3038,A,429,430,-0.629479855298996,-166.41838836669922,0.42710334062576294,0.31339524729159896,80.22918330664933,0.9814040157130061,0.9215549230575562,0.6750509142875671,0.6791752576828003,0.6771130859851837,0.541023313999176,0.8070231080055237
d2p1-train-md3038-A-00030,train,md3038,A,431,432,-0.6613531112670898,-156.8548583984375,0.4645687937736511,0.03649161274363227,9.34185286236986,0.4366451860600519,0.9462612271308899,0.6613147258758545,0.8088771104812622,0.7350959181785583,0.619238555431366,0.8016833066940308
d2p1-train-md3038-A-00031,train,md3038,A,434,435,-0.6179693639278412,-175.4112777709961,0.40749457478523254,0.350680347982779,89.77416908359142,0.7818814882197009,0.9404124617576599,0.6562879085540771,0.7704167366027832,0.7133523225784302,0.5766971111297607,0.753715455532074
d2p1-train-md3038-A-00032,train,md3038,A,436,437,-0.6615368127822876,-200.72644424438477,0.44740650057792664,0.36635880270369536,93.78785349214601,0.6512866435262876,0.9235419631004333,0.7018004059791565,0.8136347532272339,0.7577175796031952,0.596427857875824,0.8372935652732849
d2p1-train-md3038-A-00033,train,md3038,A,438,439,-0.735236719250679,-197.84597778320312,0.45169758796691895,0.039100502567454745,10.009728657268415,0.3128275418103863,0.8876845836639404,0.6665666699409485,0.6643719673156738,0.6654693186283112,0.5600878596305847,0.8093043565750122
d2p1-train-md3038-A-00034,train,md3038,A,440,441,-0.7261417806148529,-198.20457077026367,0.428783118724823,0.43254862242490233,110.732447340775,0.8982597957354197,0.8809962272644043,0.6933664679527283,0.7314220666885376,0.7123942673206329,0.550626277923584,0.8283759355545044
d2p1-train-md3038-A-00035,train,md3038,A,443,444,-0.757796049118042,-172.42252349853516,0.4648119807243347,0.4043410832252724,103.51131730566973,0.8410114622783723,0.9052484631538391,0.6980708837509155,0.7353914976119995,0.7167311906814575,0.5533624887466431,0.8495100140571594
d2p1-train-md3038-A-00036,train,md3038,A,445,446,-0.5121262967586517,-115.52899169921875,0.4271906912326813,0.03959997602080131,10.137593861325135,0.4285036265484787,0.9301704168319702,0.6808288097381592,0.8012160062789917,0.7410224080085754,0.5794209837913513,0.8338860869407654
d2p1-train-md3038-A-00037,train,md3038,A,447,448,-0.6050077378749847,-171.28372955322266,0.4390610158443451,0.3868734468934411,99.03960240472092,0.26880426262828727,0.9203863739967346,0.6505027413368225,0.8124502897262573,0.7314765155315399,0.5608670711517334,0.7962071895599365
d2p1-train-md3038-A-00038,train,md3038,A,449,450,-0.6350997686386108,-167.9950942993164,0.4143624007701874,0.3825327635812184,97.92838747679191,0.42664075340472996,0.9138280153274536,0.6590794324874878,0.7016676664352417,0.6803735494613647,0.5539226531982422,0.8148812055587769
d2p1-train-md3038-A-00039,train,md3038,A,451,452,-0.7162126302719116,-170.97299194335938,0.46087193489074707,0.38522126398808426,98.61664358094957,0.3964047558182985,0.9273442029953003,0.6778508424758911,0.7150200009346008,0.696435421705246,0.5559679865837097,0.815496027469635
d2p1-train-md3038-A-00040,train,md3038,A,454,455,-0.6911823600530624,-173.02387237548828,0.44973042607307434,0.3579629184837714,91.63850713184547,0.7933355334963506,0.8926159143447876,0.6470214128494263,0.6399408578872681,0.6434811353683472,0.517143964767456,0.7867810130119324
d2p1-train-md3038-A-00041,train,md3038,A,456,457,-0.7858330607414246,-201.79043579101562,0.4678270220756531,0.37721177475281287,96.5662143367201,0.8274947049615835,0.9203145503997803,0.6369549036026001,0.70818030834198,0.67256760597229,0.5493537187576294,0.7827022075653076
d2p1-train-md3038-A-00042,train,md3038,A,458,459,-0.7494083493947983,-195.69182586669922,0.44173648953437805,0.3436435804014863,87.97275658278049,0.6392055235533689,0.9071876406669617,0.6567543148994446,0.6788965463638306,0.6678254306316376,0.5380388498306274,0.8124169111251831
d2p1-train-md3038-A-00043,train,md3038,A,460,461,-0.6458460688591003,-141.5439224243164,0.45489302277565,0.41587135617039556,106.46306717962126,1.0261469911928374,0.9255778789520264,0.6395629644393921,0.7120724320411682,0.6758176982402802,0.5344067811965942,0.7896935343742371
d2p1-train-md3038-A-00044,train,md3038,A,463,464,-0.5746133625507355,-134.82178497314453,0.42152535915374756,0.4358708224607719,111.58293054995761,1.027173935098235,0.9322527050971985,0.6265338063240051,0.7155723571777344,0.6710530817508698,0.5359976887702942,0.7742396593093872
d2p1-train-md3038-A-00045,train,md3038,A,465,466,-0.6161960959434509,-160.66517639160156,0.4162539839744568,0.4588500636625296,117.46561629760758,1.0381558939861169,0.9069141149520874,0.6235038042068481,0.691750705242157,0.6576272547245026,0.5395327806472778,0.7673972845077515
d2p1-train-md3038-A-00046,train,md3038,A,467,468,-0.4850648045539856,-115.25350952148438,0.4001294672489166,0.4675160061971818,119.68409758647854,1.0540842885826824,0.9158617258071899,0.6417238116264343,0.6881071925163269,0.6649155020713806,0.5392668843269348,0.7785507440567017
d2p1-train-md3038-A-00047,train,md3038,A,481,482,-0.7205136716365814,-176.02437591552734,0.5341347754001617,0.029822160972348646,7.6344732089212535,0.3736228784393748,0.9339898228645325,0.6442384719848633,0.7450394034385681,0.6946389377117157,0.5591959953308105,0.7795756459236145
d2p1-train-md3038-A-00048,train,md3038,A,483,484,-0.5508165657520294,-125.69528198242188,0.567590743303299,0.02196075007691266,5.621952019689641,0.27245327100758343,0.942466139793396,0.6941387057304382,0.8923975229263306,0.7932681143283844,0.6313689947128296,0.8141282796859741
d2p1-train-md3038-A-00049,train,md3038,A,486,487,-0.4643273949623108,-98.49786376953125,0.548576220870018,0.01817618636493136,4.653103709422428,0.2696406653526685,0.937552809715271,0.6536280512809753,0.9117450714111328,0.7826865613460541,0.6111000776290894,0.7702929973602295
d2p1-train-md3038-A-00050,train,md3038,A,488,489,-0.5929339826107025,-137.79986572265625,0.5016806125640869,0.022928555495296297,5.869710206795852,0.30456667861602316,0.9446839094161987,0.6482522487640381,0.914889395236969,0.7815708220005035,0.6102160215377808,0.7779557704925537
d2p1-train-md3038-A-00051,train,md3038,A,490,491,-0.767128512263298,-153.0196533203125,0.5479704290628433,0.028251581728763627,7.2324049225634885,0.26323538835230925,0.9462851285934448,0.7061527967453003,0.8887333869934082,0.7974430918693542,0.609734058380127,0.8070412278175354
d2p1-train-md3038-A-00052,train,md3038,A,492,493,-0.6916847229003906,-164.49061584472656,0.5103385001420975,0.39530842163924573,101.19895593964691,0.8215949698049292,0.927299976348877,0.6561934947967529,0.8302494287490845,0.7432214617729187,0.5682264566421509,0.7925910353660583
d2p1-train-md3038-A-00053,train,md3038,A,495,496,-0.7077266871929169,-199.12022018432617,0.518561527132988,0.44165442648046715,113.06353317899959,0.9316568339817348,0.9307090640068054,0.6932578086853027,0.8169571757316589,0.7551074922084808,0.5795962810516357,0.8328294157981873
d2p1-train-md3038-A-00054,train,md3038,A,497,498,-0.6396687626838684,-133.6339340209961,0.5483891814947128,0.4848359111080905,124.11799324367117,0.9223319625557149,0.930964469909668,0.6719832420349121,0.71336829662323,0.692675769329071,0.5621960163116455,0.7821345329284668
d2p1-train-md3038-A-00055,train,md3038,A,499,500,-0.6244096755981445,-129.9722671508789,0.5135408937931061,0.5275506785306967,135.05297370385836,1.0353380453865801,0.9345306158065796,0.6789101362228394,0.8368161916732788,0.7578631639480591,0.5925877094268799,0.8209537863731384
d2p1-train-md3038-A-00056,train,md3038,A,501,502,-0.5353388786315918,-140.89134216308594,0.5186330080032349,0.022942206985978337,5.873204988410454,0.28242781476452916,0.9371746182441711,0.6589849591255188,0.8559426069259644,0.7574637830257416,0.5639896988868713,0.7635524272918701
d2p1-train-md3038-A-00057,train,md3038,A,503,504,-0.6016846597194672,-154.37296295166016,0.4954677224159241,0.3517297907852779,90.04282644103114,0.8232885731214532,0.9257645606994629,0.6820073127746582,0.8209178447723389,0.7514625787734985,0.5787498950958252,0.8260987997055054
d2p1-train-md3038-A-00058,train,md3038,A,506,507,-0.6309987306594849,-163.0448226928711,0.5347324758768082,0.35594452885709965,91.12179938741751,0.6434971545736121,0.9165123701095581,0.6628954410552979,0.8164260387420654,0.7396607398986816,0.580411434173584,0.8116163611412048
d2p1-train-md3038-A-00059,train,md3038,A,508,509,-0.7609832584857941,-189.02886199951172,0.5831225663423538,0.3537943314435205,90.57134884954125,0.8977491591798952,0.9051597118377686,0.7014908194541931,0.8022039532661438,0.7518473863601685,0.5883274078369141,0.8523892164230347
d2p1-train-md3038-A-00060,train,md3038,A,510,511,-0.7920814752578735,-192.18817520141602,0.5705993622541428,0.35429376100305726,90.69920281678266,0.7063036629874512,0.9283865690231323,0.6608868837356567,0.8351587057113647,0.7480227947235107,0.5633179545402527,0.8094408512115479
d2p1-train-md3038-A-00061,train,md3038,A,512,513,-0.688871443271637,-141.45130920410156,0.582747682929039,0.018246824971285137,4.671187192648995,0.25812510840696984,0.9209098815917969,0.6324495077133179,0.850088357925415,0.7412689328193665,0.5930793285369873,0.7552106380462646
d2p1-train-md3038-A-00062,train,md3038,A,515,516,-0.8280767798423767,-195.93494033813477,0.6194684952497482,0.024993830413494258,6.39842058585453,0.3302785145996602,0.9212896227836609,0.6829706430435181,0.8154582977294922,0.7492144703865051,0.5729049444198608,0.8290426135063171
d2p1-train-md3038-A-00063,train,md3038,A,517,518,-0.8378954827785492,-195.75445556640625,0.6244436204433441,0.02349152605372822,6.013830669754424,0.24689590232508593,0.9302809834480286,0.6611123085021973,0.8535804152488708,0.7573463618755341,0.5998185276985168,0.777566134929657
d2p1-train-md3038-A-00064,train,md3038,A,519,520,-0.8441761136054993,-188.14575958251953,0.599163144826889,0.020814302678190306,5.328461485616718,0.24975132995432156,0.9232851266860962,0.6607725024223328,0.8129652738571167,0.7368688881397247,0.5857135057449341,0.7873791456222534
d2p1-train-md3038-A-00065,train,md3038,A,521,522,-0.5035606920719147,-88.50019836425781,0.5361063778400421,0.02208180295872987,5.652941557434847,0.24429779614756908,0.9264857172966003,0.6315670013427734,0.7635647058486938,0.6975658535957336,0.5723932981491089,0.7456739544868469
d2p1-train-md3038-A-00066,train,md3038,A,524,525,-0.36363983154296875,-45.227996826171875,0.5435439795255661,0.02670847247817666,6.837368954413225,0.2925422828379509,0.9266015887260437,0.7042927742004395,0.8559002876281738,0.7800965309143066,0.5918315649032593,0.8033059239387512
d2p1-train-md3038-A-00067,train,md3038,A,526,527,-0.5969302356243134,-154.60614776611328,0.5252196192741394,0.031680956553484005,8.110324877691905,0.33267927378626716,0.8849667310714722,0.7209059000015259,0.8073524236679077,0.7641291618347168,0.5699294805526733,0.8361042141914368
d2p1-train-md3038-A-00068,train,md3038,A,540,541,-0.6410675048828125,-202.21136093139648,0.5002671927213669,0.380346928989899,97.36881382141415,0.5729754267030837,0.8896763324737549,0.7019050121307373,0.7456502914428711,0.7237776517868042,0.5525658130645752,0.8306218981742859
d2p1-train-md3038-A-00069,train,md3038,A,542,543,-0.5214918255805969,-149.71358489990234,0.46723155677318573,0.386932477811106,99.05471431964314,0.8433539204737273,0.8810688257217407,0.6615153551101685,0.745742917060852,0.7036291360855103,0.5048572421073914,0.773714542388916
d2p1-train-md3038-A-00070,train,md3038,A,544,545,-0.6196160614490509,-182.20828247070312,0.4947207272052765,0.39051396446909925,99.97157490408941,0.719624895493612,0.8998655080795288,0.6831291913986206,0.7394790649414062,0.7113041281700134,0.5575423836708069,0.8162511587142944
d2p1-train-md3038-A-00071,train,md3038,A,547,548,-0.6608571708202362,-185.60780334472656,0.530572921037674,0.012433172287252147,3.1828921055365496,0.24856330921594347,0.9198642373085022,0.6136757135391235,0.7869436144828796,0.7003096640110016,0.5522735714912415,0.7495792508125305
d2p1-train-md3038-A-00072,train,md3038,A,549,550,-0.643037736415863,-146.31497192382812,0.5455788224935532,0.015333186174756765,3.925295660737732,0.22677140634467877,0.9202734231948853,0.6698082685470581,0.7986224293708801,0.7342153489589691,0.5982022285461426,0.8068920969963074
d2p1-train-md3038-A-00073,train,md3038,A,551,552,-0.6560277342796326,-136.56880950927734,0.5610820353031158,0.007539400974614273,1.9300866495012539,0.17762484690027697,0.9239218831062317,0.6758068799972534,0.8002838492393494,0.7380453646183014,0.5991256237030029,0.8077753782272339
d2p1-train-md3038-A-00074,train,md3038,A,553,554,-0.7319283187389374,-130.76219177246094,0.5847007632255554,0.02532716680463059,6.483754701985431,0.26613022654210494,0.9139342308044434,0.6676763892173767,0.781031608581543,0.7243539988994598,0.5724749565124512,0.8014135360717773
d2p1-train-md3038-A-00075,train,md3038,A,556,557,-0.5774189233779907,-99.0643310546875,0.5397103428840637,0.015542289514372698,3.9788261156794107,0.25798705887300133,0.905255138874054,0.6238166093826294,0.8017138838768005,0.712765246629715,0.5366160869598389,0.7524031400680542
d2p1-train-md3038-A-00076,train,md3038,A,558,559,-0.5808239281177521,-105.69648742675781,0.5404519587755203,0.014932353983432418,3.822682619758699,0.2741759550465833,0.9066051840782166,0.6631782650947571,0.8049705028533936,0.7340743839740753,0.5702751874923706,0.8044906854629517
d2p1-train-md3038-A-00077,train,md3038,A,560,561,-0.7422778457403183,-135.27466583251953,0.594652846455574,0.017300879403240498,4.4290251272295675,0.19161323400537594,0.8894704580307007,0.6605507731437683,0.7051676511764526,0.6828592121601105,0.5413762927055359,0.7872011065483093
d2p1-train-md3038-A-00078,train,md3038,A,562,563,-0.8593233227729797,-181.24612426757812,0.610541895031929,0.022130410692481197,5.6653851372751864,0.20879174527301103,0.9112627506256104,0.7008023262023926,0.7837302684783936,0.7422662973403931,0.5980613231658936,0.8366644382476807
d2p1-train-md3038-A-00079,train,md3038,A,564,565,-0.5319225490093231,-15.16510009765625,0.4725648909807205,0.37518759345533215,96.04802392456503,0.6587179263083163,0.9088060259819031,0.675632119178772,0.7279565334320068,0.7017943263053894,0.5163949728012085,0.8267953395843506
d2p1-train-md3038-A-00080,train,md3038,A,567,568,-0.48416244983673096,-135.7322235107422,0.5111445337533951,0.4155942001936887,106.39211524958431,0.9189374199130789,0.9144812822341919,0.697257936000824,0.7835190296173096,0.7403884828090668,0.5546812415122986,0.8522847890853882
d2p1-train-md3038-A-00081,train,md3038,A,569,570,-0.7406115978956223,-158.9009246826172,0.5627318024635315,0.4615893532450811,118.16687443074076,1.0076927804352367,0.8549987077713013,0.6763181090354919,0.70505690574646,0.690687507390976,0.539182186126709,0.8008967638015747
d2p1-train-md3038-A-00082,train,md3038,A,571,572,-0.7656828165054321,-91.20561218261719,0.5841341018676758,0.512805055949077,131.2780943229637,1.1479711584631687,0.9018418192863464,0.6558157205581665,0.7481241226196289,0.7019699215888977,0.5514054298400879,0.7712560892105103
d2p1-train-md3038-A-00083,train,md3038,A,573,574,-0.7421230524778366,-184.4846649169922,0.5661077797412872,0.40867207544553785,104.62005131405769,1.0143367696963739,0.8385546207427979,0.6454343199729919,0.6402082443237305,0.6428212821483612,0.5069231986999512,0.7547375559806824
d2p1-train-md3038-A-00084,train,md3038,A,576,577,-0.6617482304573059,-164.2982635498047,0.5412327647209167,0.40911868159416676,104.73438248810669,0.9133062434131456,0.8914327621459961,0.7035236954689026,0.7681758999824524,0.7358497977256775,0.6029444932937622,0.8181785941123962
d2p1-train-md3038-A-00085,train,md3038,A,578,579,-0.5081930756568909,-46.2703857421875,0.48938165605068207,0.41929286020267614,107.33897221188509,0.6073293418636401,0.9147733449935913,0.7220081686973572,0.8253514766693115,0.7736798226833344,0.6333893537521362,0.8444018363952637
d2p1-train-md3038-A-00086,train,md3038,A,580,581,-0.43785470724105835,-23.928207397460938,0.5059556737542152,0.2933919400078091,75.10833664199913,0.8148105916895634,0.8682349920272827,0.7459861636161804,0.7221390008926392,0.7340625822544098,0.5765664577484131,0.8267682194709778
d2p1-train-md3038-A-00087,train,md3038,A,582,583,-0.6897277534008026,-41.129486083984375,0.5701429694890976,0.24474339909234133,62.65431016763938,0.9184743804632327,0.9018144607543945,0.7052139043807983,0.7660621404647827,0.7356380224227905,0.5953982472419739,0.8331704139709473
d2p1-train-md3038-A-00088,train,md3038,A,584,585,-0.7990784645080566,-167.7870101928711,0.5893778651952744,0.46891117071895705,120.041259704053,0.6866064154057933,0.9127911925315857,0.6701887845993042,0.8288030028343201,0.7494958937168121,0.59935462474823,0.7801170349121094
d2p1-train-md3038-A-00089,train,md3038,A,587,588,-0.7780573070049286,-163.91320037841797,0.6152598708868027,0.4727953663326641,121.03561378116201,0.7083481370252382,0.8841912746429443,0.7061871290206909,0.7832161784172058,0.7447016537189484,0.599406361579895,0.8228006362915039
d2p1-train-md3038-A-00090,train,md3038,A,589,590,-0.6597097516059875,-156.9864959716797,0.49676163494586945,0.5036563405509618,128.9360231810462,0.621573882675237,0.8541378974914551,0.7081419825553894,0.7066566944122314,0.7073993384838104,0.5726118683815002,0.795044481754303
d2p1-train-md3038-A-00091,train,md3038,A,603,604,-0.4142911434173584,-106.06393432617188,0.35877525806427,0.5232895641466089,133.96212842153187,1.0463565371724648,0.907795786857605,0.7025197148323059,0.7812207937240601,0.741870254278183,0.5709856748580933,0.834080159664154
d2p1-train-md3038-A-00092,train,md3038,A,605,606,-0.4730031490325928,-100.77389526367188,0.3816712498664856,0.5212337863553481,133.43584930696912,1.0670410832551003,0.9027847051620483,0.7268093228340149,0.7758810520172119,0.7513451874256134,0.5673842430114746,0.8444570302963257
d2p1-train-md3038-B-00000,train,md3038,B,0,1,-0.5296831130981445,-51.879913330078125,0.41188812255859375,0.39984701471889256,102.3608357680365,0.8807691332709852,0.948810338973999,0.610164999961853,0.5867103338241577,0.5984376668930054,0.5011194348335266,0.745037317276001
d2p1-train-md3038-B-00001,train,md3038,B,1,2,-0.5617577433586121,-45.06919860839844,0.41763222217559814,0.39202128280642046,100.35744839844364,0.878931056402944,0.9467998743057251,0.590704083442688,0.6000910997390747,0.5953975915908813,0.49211615324020386,0.7620874643325806
d2p1-train-md3038-B-00002,train,md3038,B,2,94,-0.5301686227321625,-173.54906463623047,0.3194086253643036,0.010922655861127216,2.7961999004485674,0.2210914734518598,0.9740421175956726,0.7152242064476013,0.6558929085731506,0.685558557510376,0.5578785538673401,0.721047043800354
d2p1-train-md3038-B-00003,train,md3038,B,94,95,-0.36271923780441284,-178.641845703125,0.37136706709861755,0.002971227146938263,0.7606341496161954,0.13362609846589832,0.9714504480361938,0.6947945356369019,0.6480537056922913,0.6714241206645966,0.5694020986557007,0.7604746222496033
d2p1-train-md3038-B-00004,train,md3038,B,95,96,-0.3010329008102417,-142.47820281982422,0.38476845622062683,0.005799816726684599,1.4847530820312573,0.17666913215318897,0.9759644269943237,0.6351718902587891,0.6404558420181274,0.6378138661384583,0.5338231921195984,0.7219149470329285
d2p1-train-md3038-B-00005,train,md3038,B,96,97,-0.5018954277038574,-194.9236831665039,0.4262756407260895,0.013187209163971675,3.3759255459767488,0.26541321185743955,0.9705384969711304,0.6251171827316284,0.5923511981964111,0.6087341904640198,0.5171189308166504,0.717509388923645
d2p1-train-md3038-B-00006,train,md3038,B,97,98,-0.5295616686344147,-193.28171157836914,0.4013422429561615,0.01019155736306748,2.6090386849452747,0.16448172110514075,0.9785900712013245,0.6318974494934082,0.5842441320419312,0.6080707907676697,0.5112857818603516,0.7105874419212341
d2p1-train-md3038-B-00007,train,md3038,B,98,99,-0.5210403800010681,-183.3860855102539,0.38465720415115356,0.2927100756196742,74.9337793586366,0.4572530573299788,0.9797645807266235,0.638873815536499,0.6052837371826172,0.6220787763595581,0.518022894859314,0.7232069373130798
d2p1-train-md3038-B-00008,train,md3038,B,334,335,-0.765618622303009,-189.2322006225586,0.5321807265281677,0.03149027316628934,8.061509930570072,0.4680761008306522,0.9678219556808472,0.5557429194450378,0.623285174369812,0.5895140469074249,0.5157696604728699,0.6640740633010864
d2p1-train-md3038-B-00009,train,md3038,B,335,336,-0.8085247129201889,-193.49950408935547,0.5984022617340088,0.028043428740334046,7.179117757525516,0.4641061793432367,0.9640337228775024,0.6030162572860718,0.6751247048377991,0.6390704810619354,0.5123335123062134,0.7166041731834412
d2p1-train-md3038-B-00010,train,md3038,B,336,337,-0.6687156856060028,-159.83465576171875,0.5368579626083374,0.004609449255641002,1.1800190094440965,0.3166854460143807,0.968124270439148,0.5911136269569397,0.8931641578674316,0.7421388924121857,0.5496271848678589,0.7484737634658813
d2p1-train-md3038-B-00011,train,md3038,B,337,338,-0.7010727375745773,-182.6249008178711,0.5508230626583099,0.02746355814804533,7.030670885899604,0.47455200513696094,0.9731001853942871,0.5477216243743896,0.6051526069641113,0.5764371156692505,0.5014784336090088,0.6683388352394104
d2p1-train-md3038-B-00012,train,md3038,B,338,339,-0.7246484905481339,-197.31517028808594,0.5480181574821472,0.02555604244228063,6.542346865223841,0.36729064406452194,0.9735551476478577,0.5954930782318115,0.9005210399627686,0.74800705909729,0.5610724687576294,0.7359959483146667
d2p1-train-md3038-B-00013,train,md3038,B,339,340,-0.7126598358154297,-204.32767486572266,0.5248469114303589,0.4032297170225049,103.22680755776125,0.2499298579226768,0.9760876893997192,0.6328669786453247,0.9260280132293701,0.7794474959373474,0.5866193175315857,0.7728980779647827
d2p1-train-md3038-B-00014,train,md3038,B,340,341,-0.7635466903448105,-218.17395401000977,0.537506639957428,0.39973450062770643,102.33203216069285,0.2551943304132242,0.9798027873039246,0.6293805837631226,0.9124011397361755,0.770890861749649,0.5946253538131714,0.7780791521072388
d2p1-train-md3038-B-00015,train,md3038,B,341,342,-0.4743759036064148,-167.9060287475586,0.47204458713531494,0.4554289410455145,116.58980890765172,0.5575347364474877,0.9715155959129333,0.6496073007583618,0.9086151719093323,0.779111236333847,0.6175339221954346,0.7980521321296692
d2p1-train-md3038-B-00016,train,md3038,B,342,343,-0.6073644757270813,-186.98912048339844,0.4784380793571472,0.4069549619497568,104.18047025913773,0.3586934990961037,0.9712622165679932,0.6432453393936157,0.8804821968078613,0.7618637681007385,0.5979976058006287,0.7922839522361755
d2p1-train-md3038-B-00017,train,md3038,B,343,344,-0.567305713891983,-172.85986328125,0.5073144137859344,0.04186993964231685,10.718704548433113,0.38655068702690787,0.9704968333244324,0.6452840566635132,0.899250864982605,0.7722674608230591,0.5908896327018738,0.7818787693977356
d2p1-train-md3038-B-00018,train,md3038,B,344,345,-0.5505467057228088,-177.67827606201172,0.49243804812431335,0.05180833145196465,13.262932851702951,0.38186227884644564,0.9667011499404907,0.6201642751693726,0.8665746450424194,0.743369460105896,0.5357153415679932,0.736865758895874
d2p1-train-md3038-B-00019,train,md3038,B,345,346,-0.4004817605018616,-171.10395050048828,0.46176981925964355,0.042744865906646716,10.94268567210156,0.3853649520902288,0.9695401191711426,0.5144872665405273,0.5392340421676636,0.5268606543540955,0.48300808668136597,0.6541927456855774
d2p1-train-md3038-B-00020,train,md3038,B,346,347,-0.28441137075424194,-106.84078979492188,0.4630393981933594,0.03198741358086254,8.18877787670081,0.2903193804400451,0.9671012163162231,0.610418438911438,0.8708357810974121,0.740627110004425,0.5601654052734375,0.7696906328201294
d2p1-train-md3038-B-00021,train,md3038,B,347,348,-0.2282099723815918,-109.59925842285156,0.43817588686943054,0.02690548422953349,6.887803962760573,0.21808156153998956,0.9633938074111938,0.5621416568756104,0.6189228296279907,0.5905322432518005,0.5170300006866455,0.7218216061592102
d2p1-train-md3038-B-00022,train,md3038,B,348,349,-0.2562059164047241,-96.05548095703125,0.4644807279109955,0.02083229542956682,5.333067629969106,0.23676531936097964,0.9697586297988892,0.5628244876861572,0.5912189483642578,0.5770217180252075,0.5088784694671631,0.6966359615325928
d2p1-train-md3038-B-00023,train,md3038,B,349,350,-0.3661842346191406,-154.52459716796875,0.4784868359565735,0.04619257655388284,11.825299597794007,0.4538197260947183,0.958118200302124,0.5628550052642822,0.6061369776725769,0.5844959914684296,0.506083071231842,0.7006072402000427
d2p1-train-md3038-B-00024,train,md3038,B,350,351,-0.3674379587173462,-140.82659149169922,0.4761379659175873,0.03745002642596323,9.587206765046586,0.3847019401092231,0.9660650491714478,0.5752077102661133,0.6413581371307373,0.6082829236984253,0.519912600517273,0.7334648966789246
d2p1-train-md3038-B-00025,train,md3038,B,351,352,-0.4478486478328705,-163.88221740722656,0.44184747338294983,0.04842661199224972,12.397212670015929,0.46911373691624864,0.9685071110725403,0.5983161926269531,0.7026982307434082,0.6505072116851807,0.5402145385742188,0.7472303509712219
d2p1-train-md3038-B-00026,train,md3038,B,352,353,-0.36629974842071533,-134.38159942626953,0.47884082794189453,0.03391070581293657,8.681140688111762,0.35163252032041525,0.9713109135627747,0.593818187713623,0.7047181725502014,0.6492681801319122,0.5462691783905029,0.7270823121070862
d2p1-train-md3038-B-00027,train,md3038,B,353,354,-0.31593388319015503,-114.16290283203125,0.4779711067676544,0.022338579565946783,5.7186763688823765,0.2465863148544098,0.97420334815979,0.5790269374847412,0.6592052578926086,0.6191160976886749,0.5564332604408264,0.7055490016937256
d2p1-train-md3038-B-00028,train,md3038,B,354,355,-0.3892764449119568,-161.58438110351562,0.4835970997810364,0.04594549259407718,11.762046104083758,0.38260320786780233,0.9500786662101746,0.5345752835273743,0.5634987354278564,0.5490370094776154,0.47857043147087097,0.6508176326751709
d2p1-train-md3038-B-00029,train,md3038,B,355,356,-0.3849860429763794,-176.63270568847656,0.47546204924583435,0.04103894977383249,10.505971142101117,0.30995502446664075,0.9607058763504028,0.5299588441848755,0.6097912788391113,0.5698750615119934,0.48685771226882935,0.6540688872337341
d2p1-train-md3038-B-00030,train,md3038,B,356,357,-0.33678072690963745,-144.19029235839844,0.47360262274742126,0.034074812191179124,8.723151920941856,0.3035353686073399,0.9515578746795654,0.5867764353752136,0.6550241112709045,0.6209002733230591,0.5263911485671997,0.7237679958343506
d2p1-train-md3038-B-00031,train,md3038,B,357,358,-0.34564757347106934,-147.53911590576172,0.45577743649482727,0.02964491441659224,7.589098090647614,0.32121748763447566,0.9514538049697876,0.5409656763076782,0.6184005737304688,0.5796831250190735,0.49614083766937256,0.6747903227806091
d2p1-train-md3038-B-00032,train,md3038,B,358,359,-0.34650909900665283,-138.7542953491211,0.4389571249485016,0.04037277364185265,10.335430052314278,0.2979624644689475,0.9516645073890686,0.5740379095077515,0.6791957020759583,0.6266168057918549,0.5292320251464844,0.7254263758659363
d2p1-train-md3038-B-00033,train,md3038,B,359,360,-0.3779042959213257,-148.1270523071289,0.4655057489871979,0.045478328994960474,11.642452222709881,0.33727141718493947,0.9447236061096191,0.5868712663650513,0.6612420678138733,0.6240566670894623,0.5352572798728943,0.7293509840965271
d2p1-train-md3038-B-00034,train,md3038,B,360,361,-0.4579380452632904,-184.17703247070312,0.4540639817714691,0.15015152533047543,38.43879048460171,0.5047255594611882,0.9331146478652954,0.575718879699707,0.6541115045547485,0.6149151921272278,0.5158938765525818,0.7327219843864441
d2p1-train-md3038-B-00035,train,md3038,B,361,362,-0.4644502103328705,-178.45440673828125,0.4337039291858673,0.15043162807734348,38.51049678779993,0.5368074320142879,0.9326995611190796,0.5965149998664856,0.7283296585083008,0.6624223291873932,0.5267057418823242,0.7396920323371887
d2p1-train-md3038-B-00036,train,md3038,B,362,363,-0.4967785179615021,-182.94722747802734,0.4612702429294586,0.039565190906170285,10.128688871979593,0.34469229575678423,0.9522398710250854,0.6181508302688599,0.7208690643310547,0.6695099472999573,0.5612538456916809,0.7554068565368652
d2p1-train-md3038-B-00037,train,md3038,B,363,364,-0.39528709650039673,-158.3089599609375,0.4980548620223999,0.03020569504526533,7.732657931587925,0.27301847881249564,0.949984073638916,0.6093220710754395,0.7224009037017822,0.6658614873886108,0.5621546506881714,0.7460694313049316
d2p1-train-md3038-B-00038,train,md3038,B,364,365,-0.5554719865322113,-192.79264068603516,0.4900834262371063,0.1578253572522802,40.40329145658373,0.468278729647474,0.9367356896400452,0.590471625328064,0.7570780515670776,0.6737748384475708,0.5275661945343018,0.7167503237724304
d2p1-train-md3038-B-00039,train,md3038,B,365,366,-0.4630548655986786,-179.54248046875,0.4153415560722351,0.1429865042423615,36.604545086044546,0.6229909774472407,0.929955005645752,0.570268988609314,0.5916532278060913,0.5809611082077026,0.480499267578125,0.6596439480781555
d2p1-train-md3038-B-00040,train,md3038,B,366,367,-0.47236210107803345,-174.5577621459961,0.431686669588089,0.14876945374195208,38.08498015793973,0.5406268155785858,0.9202830791473389,0.5851997137069702,0.6219314336776733,0.6035655736923218,0.5078962445259094,0.7208356857299805
d2p1-train-md3038-B-00041,train,md3038,B,367,368,-0.5282975733280182,-178.3064727783203,0.45272108912467957,0.14885533521854005,38.10696581594625,0.5256680550085893,0.9143553972244263,0.5810462236404419,0.6679175496101379,0.6244818866252899,0.4956477880477905,0.7058764696121216
d2p1-train-md3038-B-00042,train,md3038,B,368,369,-0.5078530013561249,-185.80664825439453,0.4576328992843628,0.1440877696328811,36.886469026017565,0.5544162176108427,0.9363633394241333,0.6011426448822021,0.6584643125534058,0.629803478717804,0.5306364297866821,0.7383351922035217
d2p1-train-md3038-B-00043,train,md3038,B,369,370,-0.4898754060268402,-185.65181732177734,0.4853340983390808,0.12368401026988896,31.663106629091573,0.6849164739903204,0.9309655427932739,0.6133084297180176,0.6711809039115906,0.6422446668148041,0.5391747951507568,0.7613138556480408
d2p1-train-md3038-B-00044,train,md3038,B,370,371,-0.4887823462486267,-184.5252456665039,0.4759461581707001,0.11292629130386217,28.909130573788715,0.7586513931610843,0.9417913556098938,0.5994110107421875,0.667015016078949,0.6332130134105682,0.5380143523216248,0.7296810746192932
d2p1-train-md3038-B-00045,train,md3038,B,371,372,-0.48830702900886536,-180.63543701171875,0.4520891010761261,0.039043768595369746,9.995204760414655,0.34226642165156085,0.9566959738731384,0.5963042974472046,0.6406921148300171,0.6184982061386108,0.539978563785553,0.7236434817314148
d2p1-train-md3038-B-00046,train,md3038,B,372,373,-0.4985150396823883,-168.32347106933594,0.4207397699356079,0.10513896578049527,26.91557523980679,0.7032403912673703,0.9488263130187988,0.6229660511016846,0.6722726821899414,0.647619366645813,0.5659430623054504,0.7731128931045532
d2p1-train-md3038-B-00047,train,md3038,B,373,374,-0.6024003624916077,-192.4886016845703,0.44129836559295654,0.05214680629120812,13.349582410549278,0.3717969203883656,0.9490200281143188,0.6099956035614014,0.6792336106300354,0.6446146070957184,0.5518503189086914,0.746014416217804
d2p1-train-md3038-B-00048,train,md3038,B,374,375,-0.5894580483436584,-160.7517852783203,0.44320063292980194,0.02447925832721154,6.266690131766154,0.3580423190033687,0.9650142192840576,0.6320481300354004,0.6979747414588928,0.6650114357471466,0.5661559700965881,0.7630904316902161
d2p1-train-md3038-B-00049,train,md3038,B,375,376,-0.5452407598495483,-136.0149917602539,0.42057985067367554,0.013629741953927672,3.489213940205484,0.2721537302008116,0.9700188636779785,0.6065434217453003,0.6913725137710571,0.6489579677581787,0.5549557209014893,0.7618192434310913
d2p1-train-md3038-B-00050,train,md3038,B,376,377,-0.6565650403499603,-200.65118408203125,0.4289572834968567,0.13413091683400824,34.33751470950611,0.5131687171990591,0.9781075716018677,0.6297271251678467,0.7215719819068909,0.6756495535373688,0.5754331946372986,0.7548864483833313
d2p1-train-md3038-B-00051,train,md3038,B,377,378,-0.6831595301628113,-205.41064834594727,0.43693676590919495,0.05265340996849841,13.479272951935593,0.4324093484679123,0.9778851270675659,0.6268399953842163,0.7979820966720581,0.7124110460281372,0.579563558101654,0.7715345621109009
d2p1-train-md3038-B-00052,train,md3038,B,378,379,-0.5556859374046326,-144.97509765625,0.44190970063209534,0.032606138776289435,8.347171526730095,0.380210772034256,0.9727721810340881,0.6456239223480225,0.8208969831466675,0.733260452747345,0.6074617505073547,0.7921779155731201
d2p1-train-md3038-B-00053,train,md3038,B,379,418,-0.500981330871582,-124.46356201171875,0.3571571409702301,0.11828882420177804,30.281938995655178,0.6944784233599025,0.9219828844070435,0.6631765961647034,0.6987173557281494,0.6809469759464264,0.5567470788955688,0.8233192563056946
d2p1-train-md3038-B-00054,train,md3038,B,418,419,-0.6774483323097229,-186.5501708984375,0.5109005123376846,0.10744026780284796,27.504708557529078,0.627169145403238,0.940544605255127,0.6245322227478027,0.7607191801071167,0.6926257014274597,0.5440772175788879,0.7602427005767822
d2p1-train-md3038-B-00055,train,md3038,B,419,420,-0.6803913116455078,-164.28487396240234,0.5307276844978333,0.03751970529129643,9.605044554571887,0.24792787670344613,0.9621328115463257,0.6244348883628845,0.796610951423645,0.7105229198932648,0.5686702132225037,0.7647553086280823
d2p1-train-md3038-B-00056,train,md3038,B,420,421,-0.6681869626045227,-165.31002044677734,0.5174693465232849,0.02804577171051982,7.179717557893074,0.2383567449386003,0.9630376100540161,0.6389229893684387,0.803881824016571,0.7214024066925049,0.5827317237854004,0.7757259011268616
d2p1-train-md3038-B-00057,train,md3038,B,421,422,-0.7656965404748917,-168.7220458984375,0.5602831095457077,0.030837785139384566,7.894472995682449,0.29182953980858295,0.967178225517273,0.6216272115707397,0.8186909556388855,0.7201590836048126,0.5657190084457397,0.7509576082229614
d2p1-train-md3038-B-00058,train,md3038,B,422,423,-0.724602460861206,-173.72134399414062,0.5484397113323212,0.03097468845491286,7.929520244457692,0.314313286564321,0.9659669399261475,0.6262943148612976,0.8258296847343445,0.726061999797821,0.5651271939277649,0.7514413595199585
d2p1-train-md3038-B-00059,train,md3038,B,423,424,-0.7664157152175903,-173.01245880126953,0.5324372798204422,0.0990750496181228,25.363212702239437,0.5129554174456656,0.964966893196106,0.6211121082305908,0.8228904008865356,0.7220012545585632,0.5649629831314087,0.7488402724266052
d2p1-train-md3038-B-00060,train,md3038,B,424,425,-0.7514674961566925,-187.8215103149414,0.5445115864276886,0.02937595424305382,7.520244286221778,0.24876181942783981,0.955385148525238,0.6364806890487671,0.7758893966674805,0.7061850428581238,0.5641822814941406,0.7658345103263855
d2p1-train-md3038-B-00061,train,md3038,B,425,426,-0.7099574506282806,-172.46156311035156,0.5468790978193283,0.021728240123028417,5.562429471495275,0.22655462911465696,0.964853048324585,0.6287725567817688,0.8316039443016052,0.730188250541687,0.5830179452896118,0.7667014598846436
d2p1-train-md3038-B-00062,train,md3038,B,426,427,-0.7352872490882874,-191.13587951660156,0.5273489505052567,0.1605018061468435,41.08846237359194,0.5062526498296812,0.9599037766456604,0.6479527354240417,0.7924562692642212,0.7202045023441315,0.5867327451705933,0.783235490322113
d2p1-train-md3038-B-00063,train,md3038,B,427,428,-0.7536754012107849,-195.43097305297852,0.52907495200634,0.02246596717295363,5.751287596276129,0.2150429188948386,0.9714348316192627,0.6353819370269775,0.8214603662490845,0.728421151638031,0.5886299014091492,0.7636622786521912
d2p1-train-md3038-B-00064,train,md3038,B,428,429,-0.6641957759857178,-190.53923797607422,0.4914228022098541,0.10404979171945877,26.636746680181446,0.609210272086326,0.9617642164230347,0.6375471353530884,0.7844748497009277,0.7110109925270081,0.5666141510009766,0.7628949880599976
d2p1-train-md3038-B-00065,train,md3038,B,429,430,-0.6639246940612793,-178.70243072509766,0.5078409761190414,0.16334384521392464,41.81602437476471,0.4449983478428563,0.9689650535583496,0.6468684077262878,0.8103013038635254,0.7285848557949066,0.5698323249816895,0.7561559081077576
d2p1-train-md3038-B-00066,train,md3038,B,430,431,-0.567733883857727,-152.1111297607422,0.48881828784942627,0.1563916436317148,40.036260769718986,0.5106737828873629,0.9621050357818604,0.6520706415176392,0.7798839211463928,0.715977281332016,0.5758428573608398,0.7752975225448608
d2p1-train-md3038-B-00067,train,md3038,B,431,432,-0.47405970096588135,-132.64252471923828,0.4665806442499161,0.16376978020136151,41.92506373154855,0.47878972270582454,0.9608092308044434,0.6498610973358154,0.7759791612625122,0.7129201292991638,0.574189305305481,0.7741526365280151
d2p1-train-md3038-B-00068,train,md3038,B,432,433,-0.610297679901123,-164.76451110839844,0.5048210620880127,0.1747951468822228,44.74755760184904,0.3597411395985902,0.9671446681022644,0.6246573328971863,0.8059369325637817,0.715297132730484,0.5738058090209961,0.7469385266304016
d2p1-train-md3038-B-00069,train,md3038,B,433,434,-0.6251342594623566,-175.91500854492188,0.5162390470504761,0.014428114663512508,3.693597353859202,0.1587604710842801,0.9694064259529114,0.6224302053451538,0.8168112635612488,0.7196207344532013,0.5744622945785522,0.7464456558227539
d2p1-train-md3038-B-00070,train,md3038,B,434,435,-0.7789814621210098,-183.77340698242188,0.5741640776395798,0.17540215071836845,44.902950583902324,0.30822435892121447,0.9729809165000916,0.6086612939834595,0.8432040214538574,0.7259326577186584,0.5653679966926575,0.7366994023323059
d2p1-train-md3038-B-00071,train,md3038,B,435,436,-0.7835312187671661,-185.53717041015625,0.6007210165262222,0.16903451860753513,43.27283676352899,0.45032889627209505,0.9635934233665466,0.6107304692268372,0.8085536360740662,0.7096420526504517,0.5655580759048462,0.7515743970870972
d2p1-train-md3038-B-00072,train,md3038,B,436,437,-0.7996480762958527,-201.19825744628906,0.6142995208501816,0.1621250465004699,41.5040119041203,0.2939995737089787,0.958867073059082,0.6203920245170593,0.8024516105651855,0.7114218175411224,0.5706127882003784,0.7560455203056335
d2p1-train-md3038-B-00073,train,md3038,B,437,438,-0.7066627144813538,-164.70570373535156,0.5639491677284241,0.3507332614182781,89.78771492307919,0.5353426555180346,0.9481260776519775,0.636702835559845,0.7687156796455383,0.7027092576026917,0.5743485689163208,0.7774809002876282
d2p1-train-md3038-B-00074,train,md3038,B,438,439,-0.5660957098007202,-146.36412048339844,0.49264417588710785,0.3173138285998259,81.23234012155542,0.48276720370482396,0.9491780996322632,0.6508303284645081,0.7315210103988647,0.6911756694316864,0.5536553859710693,0.7878655791282654
d2p1-train-md3038-B-00075,train,md3038,B,439,440,-0.6792066693305969,-171.354736328125,0.52646704018116,0.16502873977399588,42.247357382142944,0.3594731741961148,0.9620332717895508,0.6377037167549133,0.7964277267456055,0.7170657217502594,0.580777108669281,0.7905638217926025
d2p1-train-md3038-B-00076,train,md3038,B,440,441,-0.589014083147049,-140.50691986083984,0.5227027237415314,0.020179482515215685,5.165947523895215,0.22574038350488926,0.9700025320053101,0.6448180675506592,0.8087159991264343,0.7267670333385468,0.5942155122756958,0.7700533866882324
d2p1-train-md3038-B-00077,train,md3038,B,441,442,-0.36536645889282227,-112.24269104003906,0.49175387620925903,0.033929054173385376,8.685837868386656,0.315215567196512,0.967144250869751,0.62357497215271,0.830917239189148,0.727246105670929,0.5737019777297974,0.7486497163772583
d2p1-train-md3038-B-00078,train,md3038,B,442,443,-0.40337175130844116,-140.37100982666016,0.4804287701845169,0.009857654742096036,2.5235596139765852,0.22276437284703138,0.9640586376190186,0.6314505338668823,0.8019815683364868,0.7167160511016846,0.5702030658721924,0.755003035068512
d2p1-train-md3038-B-00079,train,md3038,B,443,444,-0.32410353422164917,-103.93141174316406,0.4300121068954468,0.00602145338167869,1.5414920657097446,0.09965011529282755,0.9631133079528809,0.6016523241996765,0.6407228708267212,0.6211875975131989,0.5375665426254272,0.695212185382843
d2p1-train-md3038-B-00080,train,md3038,B,444,445,-0.6088491678237915,-135.7812957763672,0.5156040787696838,0.02896091408604332,7.41399400602709,0.33792306328433264,0.976565957069397,0.5572278499603271,0.5788445472717285,0.5680361986160278,0.5140542984008789,0.6498516201972961
d2p1-train-md3038-B-00081,train,md3038,B,445,446,-0.6432050168514252,-177.5211410522461,0.4968048483133316,0.03784155781844741,9.687438801522537,0.3894096625054385,0.9717322587966919,0.5988050699234009,0.816145122051239,0.70747509598732,0.5446362495422363,0.7279911637306213
d2p1-train-md3038-B-00082,train,md3038,B,446,447,-0.6747662723064423,-147.40975952148438,0.5434860736131668,0.03224802849794551,8.25549529547405,0.3362591174272518,0.9769091606140137,0.5623366832733154,0.566026508808136,0.5641815960407257,0.519669771194458,0.6556824445724487
d2p1-train-md3038-B-00083,train,md3038,B,447,448,-0.6844616532325745,-152.99462127685547,0.5425035208463669,0.02462833851326572,6.304854659396025,0.25544898464370946,0.9730532169342041,0.5949633121490479,0.8377325534820557,0.7163479328155518,0.5401955246925354,0.7157682776451111
d2p1-train-md3038-B-00084,train,md3038,B,448,449,-0.6969310343265533,-139.8382568359375,0.5593135207891464,0.019800066237285925,5.068816956745197,0.22582056422544305,0.9737832546234131,0.5730342268943787,0.5964691042900085,0.5847516655921936,0.5211507081985474,0.6870739459991455
d2p1-train-md3038-B-00085,train,md3038,B,449,450,-0.7490084916353226,-140.02978515625,0.570401668548584,0.01671312052973168,4.27855885561131,0.18084617149964555,0.9706423282623291,0.6223598718643188,0.8070224523544312,0.714691162109375,0.5657216906547546,0.759204626083374
d2p1-train-md3038-B-00086,train,md3038,B,450,451,-0.7106920182704926,-144.85662078857422,0.5707618892192841,0.010822161225111832,2.770473273628629,0.12272621352094658,0.9686641097068787,0.5942975282669067,0.7314554452896118,0.6628764867782593,0.5565559267997742,0.7155290246009827
d2p1-train-md3038-B-00087,train,md3038,B,451,452,-0.5756118297576904,-142.29593658447266,0.5103327482938766,0.00686383939353409,1.757142884744727,0.13236306427586392,0.9710193872451782,0.6118104457855225,0.8179243803024292,0.7148674130439758,0.5625637769699097,0.7352224588394165
d2p1-train-md3038-B-00088,train,md3038,B,452,453,-0.5752675533294678,-148.55242919921875,0.49230650067329407,0.012695861794407412,3.2501406193682976,0.12264042515460845,0.9594184160232544,0.6292758584022522,0.8359792232513428,0.7326275408267975,0.5810105204582214,0.7529977560043335
d2p1-train-md3038-B-00089,train,md3038,B,453,454,-0.5102986991405487,-147.87838745117188,0.48007068037986755,0.011340938569440538,2.9032802737767778,0.12967537350354355,0.9553155899047852,0.6197184324264526,0.833698570728302,0.7267085015773773,0.5781758427619934,0.7407578825950623
d2p1-train-md3038-B-00090,train,md3038,B,454,455,-0.7521386295557022,-184.38748931884766,0.5831114947795868,0.026535667424571318,6.793130860690257,0.3451957264627634,0.9698898196220398,0.5963344573974609,0.8174348473548889,0.7068846523761749,0.5480072498321533,0.7253873944282532
d2p1-train-md3038-B-00091,train,md3038,B,455,456,-0.6794986426830292,-180.66177368164062,0.5570759475231171,0.02517506891323095,6.4448176417871235,0.3406414736551595,0.9656745195388794,0.6037038564682007,0.8140779733657837,0.7088909149169922,0.531076967716217,0.7233961224555969
d2p1-train-md3038-B-00092,train,md3038,B,456,457,-0.6326420605182648,-173.3653106689453,0.5587210357189178,0.024403179027772327,6.247213831109716,0.31632507836894724,0.9667492508888245,0.54999840259552,0.5752764940261841,0.562637448310852,0.49277082085609436,0.6487356424331665
d2p1-train-md3038-B-00093,train,md3038,B,457,458,-0.5500809252262115,-145.99864196777344,0.5570023208856583,0.018129055843997717,4.641038296063416,0.256668109612334,0.9709458351135254,0.6050409078598022,0.8192556500434875,0.7121482789516449,0.5513226389884949,0.7248470187187195
d2p1-train-md3038-B-00094,train,md3038,B,458,459,-0.5593487918376923,-135.34835815429688,0.5742750763893127,0.019046581477741423,4.875924858301804,0.24018692399364297,0.964216947555542,0.5902761220932007,0.8376476764678955,0.7139618992805481,0.5498422980308533,0.7157787680625916
d2p1-train-md3038-B-00095,train,md3038,B,459,460,-0.6323637068271637,-155.05152130126953,0.5713070780038834,0.023989281967789947,6.141256183754226,0.2523941780336321,0.9660037755966187,0.6123408079147339,0.899677574634552,0.7560091912746429,0.5597715973854065,0.7265151143074036
d2p1-train-md3038-B-00096,train,md3038,B,460,461,-0.5131564736366272,-121.74937438964844,0.5580008178949356,0.011985104999309522,3.0681868798232377,0.19444585994529615,0.9676647186279297,0.6090245842933655,0.9184238910675049,0.7637242376804352,0.5747369527816772,0.7214662432670593
d2p1-train-md3038-B-00097,train,md3038,B,461,462,-0.49375367164611816,-133.32077026367188,0.5174136310815811,0.00902168169648743,2.309550514300782,0.14922947913582152,0.9697580933570862,0.6232291460037231,0.9089547395706177,0.7660919427871704,0.5768415927886963,0.7321475148200989
d2p1-train-md3038-B-00098,train,md3038,B,462,463,-0.5786290466785431,-149.95037078857422,0.5338814109563828,0.01468198220856532,3.7585874453927217,0.17349146332288937,0.9725914597511292,0.617627739906311,0.6228883266448975,0.6202580332756042,0.5383733510971069,0.6923895478248596
d2p1-train-md3038-B-00099,train,md3038,B,463,464,-0.8275033980607986,-220.36870193481445,0.6249474138021469,0.0482208190552742,12.344529678150195,0.41212403547175147,0.9678648710250854,0.5957086086273193,0.8001793026924133,0.6979439556598663,0.540518045425415,0.7245929837226868
d2p1-train-md3038-B-00100,train,md3038,B,464,465,-0.8270649760961533,-207.81674575805664,0.6272286921739578,0.04159430944430104,10.648143217741067,0.31686035006011143,0.9548531174659729,0.6406242847442627,0.7985336780548096,0.7195789813995361,0.530562162399292,0.7503656148910522
d2p1-train-md3038-B-00101,train,md3038,B,465,466,-0.7770043611526489,-193.76920318603516,0.5843787789344788,0.234431977358009,60.0145862036503,0.4945014772021795,0.9480703473091125,0.5987786054611206,0.7401641011238098,0.6694713532924652,0.5170769095420837,0.7947771549224854
d2p1-train-md3038-B-00102,train,md3038,B,466,467,-0.7903325855731964,-208.60066986083984,0.604731872677803,0.1708082863472748,43.72692130490235,0.7867544823126107,0.966055154800415,0.5617432594299316,0.5919249057769775,0.5768340826034546,0.4966469407081604,0.6836626529693604
d2p1-train-md3038-B-00103,train,md3038,B,467,468,-0.6315134465694427,-149.47262573242188,0.5508464276790619,0.020580798005401416,5.268684289382763,0.18930182586081898,0.9693644046783447,0.6017012596130371,0.7805635929107666,0.6911324262619019,0.5617840886116028,0.714684247970581
d2p1-train-md3038-B-00104,train,md3038,B,468,481,-0.7137710750102997,-209.49794387817383,0.4312712550163269,0.3091044666820843,79.13074347061358,0.7881024516211341,0.9567551612854004,0.6122710704803467,0.748828113079071,0.6805495917797089,0.5455635786056519,0.7575564980506897
d2p1-train-md3038-B-00105,train,md3038,B,481,482,-0.6720785796642303,-196.54708099365234,0.5173345804214478,0.35252303110449673,90.24589596275116,0.7252682817218552,0.9566370248794556,0.5763943791389465,0.5538568496704102,0.5651256144046783,0.4912920594215393,0.6687831282615662
d2p1-train-md3038-B-00106,train,md3038,B,482,483,-0.7564190477132797,-212.49355697631836,0.5011444091796875,0.013997441632993537,3.5833450580463455,0.11979510208548749,0.9525109529495239,0.6320178508758545,0.6984731554985046,0.6652455031871796,0.5267636179924011,0.7544720768928528
d2p1-train-md3038-B-00107,train,md3038,B,483,484,-0.46416690945625305,-155.47679138183594,0.45158493518829346,0.4126457563569551,105.63731362738051,0.8162240859585796,0.9293756484985352,0.576095700263977,0.5893759727478027,0.5827358365058899,0.4709455668926239,0.7404244542121887
d2p1-train-md3038-B-00108,train,md3038,B,484,485,-0.5376185476779938,-171.05059814453125,0.49443957209587097,0.3872357652379082,99.1323559009045,0.5783577859348146,0.9484895467758179,0.6263093948364258,0.6031960248947144,0.6147527098655701,0.4725794196128845,0.6710272431373596
d2p1-train-md3038-B-00109,train,md3038,B,485,486,-0.7733678817749023,-207.95437240600586,0.5685280561447144,0.3574706241900558,91.51247979265429,0.2132328053359995,0.9560221433639526,0.5450248718261719,0.6534163951873779,0.5992206335067749,0.467886745929718,0.6313049793243408
d2p1-train-md3038-B-00110,train,md3038,B,486,487,-0.7551287859678268,-212.21985244750977,0.5836317837238312,0.3787893229774458,96.97006668222612,0.267707718936188,0.9539300203323364,0.524151086807251,0.5979013442993164,0.5610262155532837,0.4555800259113312,0.6444599032402039
d2p1-train-md3038-B-00111,train,md3038,B,487,488,-0.6296240091323853,-192.14192962646484,0.5683890879154205,0.21740678947981987,55.656138106833886,0.3344850097523169,0.9307726621627808,0.5289884805679321,0.5983669757843018,0.5636777281761169,0.45164504647254944,0.6500270366668701
d2p1-train-md3038-B-00112,train,md3038,B,488,489,-0.5674249231815338,-155.06380462646484,0.5790355801582336,0.23117607632220966,59.18107553848567,0.48081798570302636,0.9419034719467163,0.5813332796096802,0.629444420337677,0.6053888499736786,0.48112356662750244,0.6593422293663025
d2p1-train-md3038-B-00113,train,md3038,B,489,490,-0.644588828086853,-184.18842315673828,0.5773517191410065,0.26722544052743286,68.40971277502281,0.5238221990780922,0.9396802186965942,0.5798660516738892,0.6183143258094788,0.599090188741684,0.46628427505493164,0.6662588119506836
d2p1-train-md3038-B-00114,train,md3038,B,490,491,-0.6618773639202118,-183.365966796875,0.5697231590747833,0.28969438528070873,74.16176263186144,0.45677535422862603,0.9562859535217285,0.5499502420425415,0.6488749980926514,0.5994126200675964,0.4654412865638733,0.6572932004928589
d2p1-train-md3038-B-00115,train,md3038,B,491,492,-0.71445432305336,-202.95497131347656,0.5956552624702454,0.2942786295129987,75.33532915532767,0.45431637518588597,0.9595648050308228,0.5144341588020325,0.6034796237945557,0.5589568912982941,0.4655155539512634,0.6297063231468201
d2p1-train-md3038-B-00116,train,md3038,B,492,493,-0.5821147263050079,-193.83185577392578,0.5491651594638824,0.4226797081922669,108.20600529722033,0.5566383133204555,0.9521859288215637,0.5910177230834961,0.6402946710586548,0.6156561970710754,0.46398311853408813,0.6692700982093811
d2p1-train-md3038-B-00117,train,md3038,B,493,494,-0.5997142493724823,-190.25711822509766,0.5496648550033569,0.01347112217318851,3.4486072763362587,0.0894778354080992,0.9604804515838623,0.5947941541671753,0.5958015322685242,0.5952978432178497,0.4879140555858612,0.6761277914047241
d2p1-train-md3038-B-00118,train,md3038,B,494,495,-0.5659797489643097,-174.2688751220703,0.5488947331905365,0.017066978893253534,4.369146596672905,0.09420309894845197,0.9708835482597351,0.5303608179092407,0.5923916101455688,0.5613762140274048,0.47728466987609863,0.6273275017738342
d2p1-train-md3038-B-00119,train,md3038,B,495,496,-0.4756045937538147,-160.83863830566406,0.508152425289154,0.01726210495135884,4.419098867547863,0.15129395757801545,0.9600745439529419,0.54607093334198,0.6383779048919678,0.5922244191169739,0.48824799060821533,0.6729447841644287
d2p1-train-md3038-B-00120,train,md3038,B,496,497,-0.41184037923812866,-140.3180694580078,0.4827744662761688,0.015631809611652753,4.001743260583105,0.1435804922381267,0.9583514332771301,0.5682015419006348,0.6572616100311279,0.6127315759658813,0.4950101673603058,0.686790406703949
d2p1-train-md3038-B-00121,train,md3038,B,497,498,-0.6166846454143524,-195.5409049987793,0.5026370882987976,0.01847278213727101,4.729032227141379,0.1759591682860433,0.9663268327713013,0.5682650208473206,0.6531597971916199,0.6107124090194702,0.49624738097190857,0.6710047721862793
d2p1-train-md3038-B-00122,train,md3038,B,498,499,-0.5128939747810364,-151.62154388427734,0.518878698348999,0.30375787488065786,77.76201596944841,0.6810334360841717,0.9645403623580933,0.5216565132141113,0.6264206767082214,0.5740385949611664,0.4631519913673401,0.6262688636779785
d2p1-train-md3038-B-00123,train,md3038,B,499,500,-0.4705008566379547,-162.02044677734375,0.5592187345027924,0.3242157594718297,82.9992344247884,0.6225858351944279,0.9312663078308105,0.5605729222297668,0.6096682548522949,0.5851205885410309,0.46490639448165894,0.6851909756660461
d2p1-train-md3038-B-00124,train,md3038,B,500,501,-0.5211466550827026,-172.05709075927734,0.5649827122688293,0.3207495473801194,82.11188412931057,0.7611011651532522,0.9485001564025879,0.5532574653625488,0.5954378843307495,0.5743476748466492,0.46276867389678955,0.6694121360778809
d2p1-train-md3038-B-00125,train,md3038,B,501,502,-0.38192468881607056,-110.1373291015625,0.5160047709941864,0.33464484528287325,85.66908039241555,0.8580616138548524,0.9278539419174194,0.5605670213699341,0.5988476276397705,0.5797073245048523,0.4548226296901703,0.6616491675376892
d2p1-train-md3038-B-00126,train,md3038,B,502,503,-0.4860352575778961,-140.60626983642578,0.5054125189781189,0.35250971303974693,90.24248653817521,0.8997939119695417,0.9453354477882385,0.540948212146759,0.5527916550636292,0.5468699336051941,0.44725605845451355,0.635277509689331
d2p1-train-md3038-B-00127,train,md3038,B,503,504,-0.5474521815776825,-169.27933502197266,0.5452607274055481,0.3541379074857349,90.65930431634814,0.8644378689929976,0.9497873783111572,0.5364519357681274,0.5830488204956055,0.5597503781318665,0.4775475263595581,0.669281542301178
d2p1-train-md3038-B-00128,train,md3038,B,504,505,-0.441406786441803,-150.09445190429688,0.5068026185035706,0.32724477634917054,83.77466274538766,0.5277013073502634,0.9604750871658325,0.5604666471481323,0.6127588748931885,0.5866127610206604,0.49220937490463257,0.6738622188568115
d2p1-train-md3038-B-00129,train,md3038,B,505,506,-0.4352448582649231,-146.59561920166016,0.5354835391044617,0.33660908244133614,86.17192510498205,0.6163976575704185,0.9651824235916138,0.5740813612937927,0.6235038042068481,0.5987925827503204,0.4765595495700836,0.6613152027130127
d2p1-train-md3038-B-00130,train,md3038,B,506,507,-0.5736213028430939,-208.29718017578125,0.5854447484016418,0.3342275318725958,85.56224815938452,0.33777776569029366,0.9541763067245483,0.5348785519599915,0.5954936146736145,0.565186083316803,0.4619707763195038,0.6675322651863098
d2p1-train-md3038-B-00131,train,md3038,B,507,508,-0.5957490503787994,-215.27881622314453,0.5797875821590424,0.35819071613591447,91.6968233307941,0.27253474469935046,0.9479084014892578,0.5176885724067688,0.5641786456108093,0.5409336090087891,0.446689635515213,0.653969407081604
d2p1-train-md3038-B-00132,train,md3038,B,508,509,-0.6714963912963867,-224.22128105163574,0.5828742384910583,0.26154979287855407,66.95674697690984,1.0021392038961532,0.9613524675369263,0.5282559990882874,0.5652207136154175,0.5467383563518524,0.4561896026134491,0.6467182636260986
d2p1-train-md3038-B-00133,train,md3038,B,509,510,-0.5901352167129517,-196.99153518676758,0.5484245419502258,0.3471755912592571,88.87695136236982,0.44855673503546745,0.9520587921142578,0.5728038549423218,0.5791581869125366,0.5759810209274292,0.4661586880683899,0.6704376935958862
d2p1-train-md3038-B-00134,train,md3038,B,510,511,-0.5776475667953491,-200.30928421020508,0.5812282562255859,0.34467644579580825,88.23717012372691,0.5851271935498018,0.9506964087486267,0.5629006028175354,0.6060993075370789,0.5844999551773071,0.4875767230987549,0.7202064990997314
d2p1-train-md3038-B-00135,train,md3038,B,511,512,-0.651757001876831,-198.74974822998047,0.5961299240589142,0.3386580189251896,86.69645284484854,0.836071957453154,0.9450885057449341,0.5248851776123047,0.5706332921981812,0.5477592349052429,0.46091872453689575,0.6732587814331055
d2p1-train-md3038-B-00136,train,md3038,B,512,513,-0.6841284036636353,-210.5435905456543,0.5637037456035614,0.040433239344684284,10.350909272239177,0.2736425852260691,0.967231035232544,0.5612313747406006,0.6893197894096375,0.625275582075119,0.5116559863090515,0.7107560634613037
d2p1-train-md3038-B-00137,train,md3038,B,513,514,-0.5766470432281494,-203.91486740112305,0.5594243407249451,0.3176305389186254,81.3134179631681,0.7112888663748937,0.9528182744979858,0.53551185131073,0.6488303542137146,0.5921711027622223,0.47691234946250916,0.6751598715782166
d2p1-train-md3038-B-00138,train,md3038,B,514,515,-0.5107017457485199,-171.72926330566406,0.544119268655777,0.33719100302976335,86.32089677561942,0.7042596201556994,0.9450646638870239,0.5857402086257935,0.7233105897903442,0.6545253992080688,0.5144131183624268,0.7424255013465881
d2p1-train-md3038-B-00139,train,md3038,B,515,516,-0.5711727738380432,-196.42030715942383,0.5750756561756134,0.03532367306785595,9.042860305371123,0.2961418024657113,0.9724106788635254,0.6127260327339172,0.8493902683258057,0.7310581505298615,0.5596140623092651,0.7357593178749084
d2p1-train-md3038-B-00140,train,md3038,B,516,517,-0.6466862261295319,-211.18902587890625,0.5782953202724457,0.3324781498494815,85.11440636146726,0.4902793757041467,0.9492700099945068,0.5934940576553345,0.7075881958007812,0.6505411267280579,0.5203748345375061,0.7199561595916748
d2p1-train-md3038-B-00141,train,md3038,B,517,518,-0.5312240719795227,-170.19701385498047,0.54875847697258,0.3502661033457241,89.66812245650537,0.8859864998362549,0.9323854446411133,0.6130943298339844,0.739084005355835,0.6760891675949097,0.5044100880622864,0.7195121645927429
d2p1-train-md3038-B-00142,train,md3038,B,518,519,-0.4849780797958374,-147.8385772705078,0.5394412279129028,0.3561228096869278,91.16743927985351,0.9487271941934861,0.9547195434570312,0.6141248941421509,0.7302173376083374,0.6721711158752441,0.505161464214325,0.7269187569618225
d2p1-train-md3038-B-00143,train,md3038,B,519,520,-0.4033243656158447,-118.86473083496094,0.5249255001544952,0.3610901696266421,92.43908342442037,0.9635780285572939,0.9448308944702148,0.6142563819885254,0.6882060766220093,0.6512312293052673,0.5004823207855225,0.7414888143539429
d2p1-train-md3038-B-00144,train,md3038,B,520,521,-0.40007150173187256,-103.24308776855469,0.520827442407608,0.3901273027549452,99.87258950526598,1.1245273076646964,0.9422926306724548,0.6343040466308594,0.7099682688713074,0.6721361577510834,0.5522139072418213,0.8022978901863098
d2p1-train-md3038-B-00145,train,md3038,B,521,522,-0.5697794854640961,-159.86288452148438,0.5475358366966248,0.3490884562152977,89.36664479111622,0.7365839635993452,0.9501783847808838,0.565599799156189,0.6633660793304443,0.6144829392433167,0.4915795922279358,0.706405520439148
d2p1-train-md3038-B-00146,train,md3038,B,522,523,-0.551526814699173,-163.12200164794922,0.5272103846073151,0.35801430389899525,91.65166179814278,0.6785230933651454,0.9529663920402527,0.6084379553794861,0.7299823760986328,0.6692101657390594,0.5157502889633179,0.7601752877235413
d2p1-train-md3038-B-00147,train,md3038,B,523,524,-0.5437155663967133,-196.71068954467773,0.498428076505661,0.36183476390465286,92.62969955959113,0.7692065113947862,0.9631857872009277,0.5985432863235474,0.7184948325157166,0.658519059419632,0.5182538032531738,0.7471515536308289
d2p1-train-md3038-B-00148,train,md3038,B,524,525,-0.6883816123008728,-218.4823875427246,0.5634709298610687,0.33186927668464733,84.95853483126972,0.5714352754176598,0.9805751442909241,0.5685299634933472,0.7295887470245361,0.6490593552589417,0.522527813911438,0.7189134359359741
d2p1-train-md3038-B-00149,train,md3038,B,525,526,-0.7783569693565369,-235.4196014404297,0.5716595351696014,0.25592214811192754,65.51606991665345,0.3735576619197918,0.982995867729187,0.5415847301483154,0.6768015623092651,0.6091931462287903,0.5288983583450317,0.6802722215652466
d2p1-train-md3038-B-00150,train,md3038,B,526,527,-0.7560985833406448,-211.3465576171875,0.587809830904007,0.029140340911966753,7.459927273463489,0.17681290056034815,0.981881320476532,0.5697779059410095,0.6950932145118713,0.6324355602264404,0.5481879115104675,0.709369421005249
d2p1-train-md3038-B-00151,train,md3038,B,527,540,-0.4387725591659546,-91.94546508789062,0.4257393181324005,0.4180164908874362,107.01222166718367,1.1478435979081922,0.9365919232368469,0.594036877155304,0.6159005165100098,0.6049686968326569,0.4863089919090271,0.7333602905273438
d2p1-train-md3038-B-00152,train,md3038,B,540,541,-0.3909168839454651,-139.64474487304688,0.5153853595256805,0.3432245820800678,87.86549301249735,0.6931525210903451,0.9624205231666565,0.58147794008255,0.6553194522857666,0.6183986961841583,0.5073865056037903,0.7332699298858643
d2p1-train-md3038-B-00153,train,md3038,B,541,542,-0.6768511533737183,-212.43796157836914,0.5829870998859406,0.3246116200249081,83.10057472637648,0.4696583420674981,0.9786889553070068,0.5569840669631958,0.6288815140724182,0.592932790517807,0.5018813014030457,0.7008066773414612
d2p1-train-md3038-B-00154,train,md3038,B,542,543,-0.6692028939723969,-188.23580932617188,0.6271542608737946,0.03376867423252966,8.644780603527593,0.16582876686809633,0.9734804630279541,0.5238062143325806,0.6440523862838745,0.5839293003082275,0.5084391832351685,0.6297817826271057
d2p1-train-md3038-B-00155,train,md3038,B,543,544,-0.6627817153930664,-183.53678131103516,0.6080960333347321,0.034988564904686104,8.957072615599643,0.12508979588837257,0.9717243909835815,0.532934844493866,0.5898347496986389,0.5613847970962524,0.5025212168693542,0.6505224108695984
d2p1-train-md3038-B-00156,train,md3038,B,544,545,-0.7852503806352615,-198.1925392150879,0.6346262097358704,0.04822913472697736,12.346658490106204,0.33757448805553275,0.9800734519958496,0.5169311761856079,0.6430100798606873,0.5799706280231476,0.48715391755104065,0.6366344094276428
d2p1-train-md3038-B-00157,train,md3038,B,545,546,-0.7936164736747742,-218.07469177246094,0.636792466044426,0.041248193390765735,10.559537508036028,0.21316008093896277,0.9685623049736023,0.5540162324905396,0.5990466475486755,0.5765314400196075,0.490790456533432,0.6876024603843689
d2p1-train-md3038-B-00158,train,md3038,B,546,547,-0.7622678130865097,-209.11734008789062,0.5775166153907776,0.34513303186500455,88.35405615744116,0.3383890166328173,0.9632005095481873,0.5749268531799316,0.6617000102996826,0.6183134317398071,0.5055277347564697,0.7608106732368469
d2p1-train-md3038-B-00159,train,md3038,B,547,548,-0.6888321042060852,-190.53579711914062,0.5704367160797119,0.33906524367128194,86.80070237984818,0.4180111285234001,0.9707634449005127,0.556644856929779,0.6646769046783447,0.6106608808040619,0.4935477077960968,0.7097628712654114
d2p1-train-md3038-B-00160,train,md3038,B,548,549,-0.7765145897865295,-209.42200088500977,0.5973694324493408,0.4304112224121203,110.1852729375028,0.6772901926502224,0.9737452268600464,0.6007532477378845,0.6998381614685059,0.6502957046031952,0.5275880098342896,0.7498765587806702
d2p1-train-md3038-B-00161,train,md3038,B,549,550,-0.7952945083379745,-215.74860382080078,0.6052699387073517,0.03327216147808062,8.517673338388638,0.34471767422789457,0.9761504530906677,0.5344822406768799,0.7638054490089417,0.6491438448429108,0.5129754543304443,0.6438648700714111
d2p1-train-md3038-B-00162,train,md3038,B,550,551,-0.655598908662796,-170.1281967163086,0.579950362443924,0.035636360875001695,9.122908384000434,0.18066564548476619,0.9780433177947998,0.5130887627601624,0.7183971405029297,0.615742951631546,0.49414971470832825,0.623458981513977
d2p1-train-md3038-B-00163,train,md3038,B,551,552,-0.6417423486709595,-168.09495544433594,0.5574857890605927,0.03204903711673917,8.204553501885227,0.20769676895874753,0.9716464877128601,0.5641718506813049,0.7403954863548279,0.6522836685180664,0.5449670553207397,0.6963738799095154
d2p1-train-md3038-B-00164,train,md3038,B,552,553,-0.5745825469493866,-150.85997772216797,0.5542795658111572,0.029238299638155153,7.485004707367719,0.27209251939657164,0.9686464071273804,0.5761054158210754,0.8833317756652832,0.7297185957431793,0.5513753890991211,0.7041980624198914
d2p1-train-md3038-B-00165,train,md3038,B,553,554,-0.5265438854694366,-149.82959747314453,0.5285569429397583,0.025397000112243977,6.501632028734458,0.23236190194835576,0.9749809503555298,0.5305894017219543,0.7004661560058594,0.6155277788639069,0.5139679908752441,0.6572235226631165
d2p1-train-md3038-B-00166,train,md3038,B,554,555,-0.7348752915859222,-212.59186935424805,0.5705459415912628,0.3240291255285913,82.95145613531938,0.2358829211001136,0.9785747528076172,0.5914729833602905,0.8558552861213684,0.7236641347408295,0.5512114763259888,0.7496772408485413
d2p1-train-md3038-B-00167,train,md3038,B,555,556,-0.7265812903642654,-215.16204452514648,0.5247074067592621,0.2811853695767153,71.98345461163912,0.6978885234359785,0.9559764862060547,0.6248071193695068,0.7088537216186523,0.6668304204940796,0.5399118661880493,0.7662044167518616
d2p1-train-md3038-B-00168,train,md3038,B,556,557,-0.6809820234775543,-193.65158081054688,0.498369961977005,0.27976247590122166,71.61919383071275,0.7489284719895626,0.9282869100570679,0.6254847049713135,0.6517665386199951,0.6386256217956543,0.49055323004722595,0.7247342467308044
d2p1-train-md3038-B-00169,train,md3038,B,557,558,-0.7047811895608902,-170.08145141601562,0.513588160276413,0.28219129156344075,72.24097064024083,0.5897033189739916,0.9468955993652344,0.6433915495872498,0.7233618497848511,0.6833766996860504,0.5437997579574585,0.7854613661766052
d2p1-train-md3038-B-00170,train,md3038,B,558,559,-0.8409379571676254,-214.74897384643555,0.551366537809372,0.2552913157776873,65.35457683908795,0.751153543601811,0.9557502865791321,0.6372090578079224,0.6975096464157104,0.6673593521118164,0.541858434677124,0.7861482501029968
d2p1-train-md3038-B-00171,train,md3038,B,559,560,-0.7041193246841431,-162.3737335205078,0.5220238268375397,0.23228475282220584,59.464896722484696,0.7350167922722148,0.9321674108505249,0.6199226379394531,0.6303528547286987,0.6251377463340759,0.519915759563446,0.7464671730995178
d2p1-train-md3038-B-00172,train,md3038,B,560,561,-0.6148318946361542,-110.6019287109375,0.5030125975608826,0.2216266415953146,56.736420248400535,0.8053969852652226,0.9057379961013794,0.6730814576148987,0.6308748722076416,0.6519781649112701,0.516743540763855,0.790496826171875
d2p1-train-md3038-B-00173,train,md3038,B,561,562,-0.6811789125204086,-144.4890365600586,0.49691444635391235,0.23039830579891943,58.981966284523374,0.672427170701057,0.949530839920044,0.658987283706665,0.7124794125556946,0.6857333481311798,0.5476586818695068,0.80702805519104
d2p1-train-md3038-B-00174,train,md3038,B,562,563,-0.7587502598762512,-192.16807174682617,0.5245698988437653,0.06254052557420577,16.010374546996676,0.2753097033731408,0.966741681098938,0.6375851631164551,0.7899398803710938,0.7137625217437744,0.5671378374099731,0.7483741641044617
d2p1-train-md3038-B-00175,train,md3038,B,563,564,-0.7519141584634781,-197.71094131469727,0.5306486785411835,0.03595847585133497,9.205369817941753,0.42023300030337485,0.9711689352989197,0.6172027587890625,0.6352014541625977,0.6262021064758301,0.5285830497741699,0.6820983290672302
d2p1-train-md3038-B-00176,train,md3038,B,564,565,-0.7927629053592682,-213.0057601928711,0.538991779088974,0.30986060312756764,79.32431440065731,0.7132998599298666,0.9707627892494202,0.5680766701698303,0.6605291962623596,0.614302933216095,0.5145061016082764,0.6912537813186646
d2p1-train-md3038-B-00177,train,md3038,B,565,566,-0.6975744068622589,-131.86131286621094,0.4851389229297638,0.3399752524729019,87.03366463306288,0.634449542302431,0.9606338739395142,0.6140292882919312,0.6692520380020142,0.6416406631469727,0.5285581350326538,0.7483421564102173
d2p1-train-md3038-B-00178,train,md3038,B,566,567,-0.8650873228907585,-213.82225799560547,0.5442008078098297,0.4005410034034898,102.53849687129339,0.5060829301438349,0.9460262060165405,0.6532851457595825,0.6972107291221619,0.6752479374408722,0.5448974370956421,0.7814739942550659
d2p1-train-md3038-B-00179,train,md3038,B,567,568,-0.7587798237800598,-146.24938201904297,0.4899442493915558,0.4161997174955836,106.5471276788694,0.6879084172336579,0.9291206002235413,0.666010856628418,0.67363041639328,0.669820636510849,0.5463742017745972,0.809587836265564
d2p1-train-md3038-B-00180,train,md3038,B,568,569,-0.670331597328186,-164.4916534423828,0.4758899211883545,0.3537542236523163,90.56108125499297,0.31210977723735844,0.9017585515975952,0.6533224582672119,0.6570597887039185,0.6551911234855652,0.5341352820396423,0.7944055199623108
d2p1-train-md3038-B-00181,train,md3038,B,569,570,-0.6736635267734528,-171.0109634399414,0.4764472246170044,0.35410308421354636,90.65038955866787,0.2945828634471591,0.9349839091300964,0.6078128814697266,0.6618623733520508,0.6348376274108887,0.5191811323165894,0.7476871013641357
d2p1-train-md3038-B-00182,train,md3038,B,570,571,-0.5658579766750336,-149.5348358154297,0.4281211495399475,0.3789558748270132,97.01270395571538,0.319539838595972,0.9026693105697632,0.656798243522644,0.6474783420562744,0.6521382927894592,0.5238802433013916,0.7867926359176636
d2p1-train-md3038-B-00183,train,md3038,B,571,572,-0.5229220688343048,-131.9790267944336,0.45389509201049805,0.36777184543066205,94.14959243024948,0.25466933842398665,0.901177167892456,0.6297098398208618,0.6362808346748352,0.6329953372478485,0.5072435140609741,0.7719423770904541
d2p1-train-md3038-B-00184,train,md3038,B,572,573,-0.5561397969722748,-155.34349060058594,0.4492627680301666,0.38160415479657445,97.69066362792306,0.364128069635637,0.8804213404655457,0.6187323927879333,0.6169170141220093,0.6178247034549713,0.5085471272468567,0.7796554565429688
d2p1-train-md3038-B-00185,train,md3038,B,573,574,-0.618933916091919,-150.35983276367188,0.4653308689594269,0.3895717177672349,99.73035974841214,0.326537620889061,0.8985691070556641,0.6316471099853516,0.6184147596359253,0.6250309348106384,0.5161872506141663,0.7872379422187805
d2p1-train-md3038-B-00186,train,md3038,B,574,575,-0.4938807785511017,-126.01603698730469,0.43707892298698425,0.3673744053839863,94.0478477783005,0.25363109281427065,0.8933065533638,0.6485055685043335,0.6404789686203003,0.6444922685623169,0.5167361497879028,0.775433361530304
d2p1-train-md3038-B-00187,train,md3038,B,575,576,-0.5173007845878601,-132.5357894897461,0.42256903648376465,0.3642692987594,93.2529404824064,0.22753744723493785,0.8681237101554871,0.5997008085250854,0.6055788397789001,0.6026398241519928,0.48681649565696716,0.7618921995162964
d2p1-train-md3038-B-00188,train,md3038,B,576,577,-0.4255765676498413,-166.77481079101562,0.4146850109100342,0.37046172155396123,94.83820071781408,0.1530214523184619,0.8820154070854187,0.5970818996429443,0.6002289056777954,0.5986554026603699,0.4803168773651123,0.7739561200141907
d2p1-train-md3038-B-00189,train,md3038,B,577,578,-0.5478969216346741,-201.08628845214844,0.41760537028312683,0.36703069812214,93.95985871926784,0.19140081255285735,0.8963375091552734,0.5700236558914185,0.6234407424926758,0.5967321991920471,0.46526211500167847,0.7107976675033569
d2p1-train-md3038-B-00190,train,md3038,B,578,579,-0.501192033290863,-154.6672134399414,0.4002680480480194,0.3735909397163842,95.63928056739435,0.19431321595990286,0.9306642413139343,0.5785213708877563,0.6458459496498108,0.6121836602687836,0.4946354031562805,0.7657692432403564
d2p1-train-md3038-B-00191,train,md3038,B,579,580,-0.5327543616294861,-164.70616149902344,0.3929494023323059,0.3575670760191535,91.5371714609033,0.14004350037659388,0.9474344253540039,0.5880680084228516,0.6161532402038574,0.6021106243133545,0.5130375623703003,0.7386022806167603
d2p1-train-md3038-B-00192,train,md3038,B,580,581,-0.6448473036289215,-186.95659255981445,0.43563783168792725,0.3616981873941862,92.59473597291166,0.17495987256198095,0.9565320014953613,0.598236083984375,0.61539626121521,0.6068161725997925,0.5190414190292358,0.7275566458702087
d2p1-train-md3038-B-00193,train,md3038,B,581,582,-0.5378929972648621,-161.20407104492188,0.37243789434432983,0.36595915802255957,93.68554445377525,0.14409332562977173,0.9125136137008667,0.6114141941070557,0.6524004936218262,0.6319073438644409,0.5140594840049744,0.7741814255714417
d2p1-train-md3038-B-00194,train,md3038,B,582,583,-0.6449220776557922,-204.18604278564453,0.41166236996650696,0.35787188862954444,91.61520348916338,0.0924514002698742,0.9314504265785217,0.5924474000930786,0.6323425769805908,0.6123949885368347,0.4932308495044708,0.7525277137756348
d2p1-train-md3038-B-00195,train,md3038,B,583,584,-0.5689798891544342,-182.98359298706055,0.39935433864593506,0.3579644223113556,91.63889211170704,0.1158194329495627,0.929658055305481,0.5997819900512695,0.6393347382545471,0.6195583641529083,0.5190141201019287,0.7526585459709167
d2p1-train-md3038-B-00196,train,md3038,B,584,585,-0.6526006460189819,-185.8731231689453,0.43244025111198425,0.3070691284029377,78.60969687115205,0.5648104031695713,0.915459156036377,0.5916584730148315,0.6341416835784912,0.6129000782966614,0.5004881620407104,0.7290976643562317
d2p1-train-md3038-B-00197,train,md3038,B,585,586,-0.7237758636474609,-207.8067855834961,0.45475509762763977,0.3965294664713067,101.51154341665452,0.7550632146593157,0.9250912666320801,0.6168055534362793,0.6460375189781189,0.6314215362071991,0.5215476751327515,0.7435331344604492
d2p1-train-md3038-B-00198,train,md3038,B,586,587,-0.7189121842384338,-206.89646530151367,0.4204311966896057,0.2644635060536001,67.70265754972162,0.39835672567419145,0.8895326256752014,0.6811434030532837,0.7365014553070068,0.7088224291801453,0.4873444437980652,0.7487163543701172
d2p1-train-md3038-B-00199,train,md3038,B,587,588,-0.8333100825548172,-237.22764587402344,0.45808154344558716,0.26016378055213424,66.60192782134637,0.1775639132200644,0.895361065864563,0.62372887134552,0.7358046770095825,0.6797667741775513,0.5069071054458618,0.7765712738037109
d2p1-train-md3038-B-00200,train,md3038,B,588,589,-0.7855797857046127,-226.07361602783203,0.4096747636795044,0.03896021365371794,9.973814695351793,0.35616246343175295,0.9572207927703857,0.6155283451080322,0.765357494354248,0.6904429197311401,0.5288054943084717,0.7572607398033142
d2p1-train-md3038-B-00201,train,md3038,B,589,590,-0.6339794993400574,-211.5429344177246,0.36421826481819153,0.2623818126971827,67.16974405047877,0.5723416161296764,0.896474301815033,0.6609429121017456,0.7106061577796936,0.6857745349407196,0.529485821723938,0.8284307718276978
d2p1-train-md3038-B-00202,train,md3038,B,590,603,-0.5711255371570587,-176.29256439208984,0.2592726945877075,0.2821842182495953,72.23915987189639,0.591992037590246,0.8661386370658875,0.6524789929389954,0.6709688305854797,0.6617239117622375,0.5244145393371582,0.8109102249145508
d2p1-train-md3038-B-00203,train,md3038,B,603,604,-0.7754838913679123,-183.8487777709961,0.41631925106048584,0.3328608283420818,85.21237205557294,0.5946623042312797,0.8952062129974365,0.66270911693573,0.6258826851844788,0.6442959010601044,0.4906231462955475,0.7772256731987
d2p1-train-md3038-B-00204,train,md3038,B,604,605,-0.6157639920711517,-160.97108459472656,0.3710238039493561,0.3506190593063766,89.75847918243241,0.5823246934844276,0.9040895104408264,0.6553661823272705,0.6233029365539551,0.6393345594406128,0.5023752450942993,0.8050738573074341
d2p1-train-md3038-B-00205,train,md3038,B,605,606,-0.3660767078399658,-85.42460632324219,0.3493748605251312,0.38516284750735574,98.60168896188307,0.41635618843215694,0.8769239187240601,0.6335046291351318,0.634499192237854,0.6340019106864929,0.5068415403366089,0.8306992650032043
d2p1-train-md3038-B-00206,train,md3038,B,606,607,-0.5546258687973022,-133.90771484375,0.3927881419658661,0.3829809852071316,98.04313221302569,0.31804090997272216,0.9132323861122131,0.6745598912239075,0.694623589515686,0.6845917403697968,0.5365864038467407,0.8289719820022583
d2p1-train-md3038-C-00000,train,md3038,C,2,94,-0.3585362136363983,-32.380828857421875,0.26412850618362427,0.3630108057263787,92.93076626595295,0.7579784998392052,0.8739600777626038,0.7170071005821228,0.7253780364990234,0.7211925685405731,0.561595618724823,0.8478651642799377
d2p1-train-md3038-C-00001,train,md3038,C,97,98,-0.6242938041687012,-123.63916015625,0.43410518765449524,0.3439980210977599,88.06349340102653,0.7407009893698815,0.9217097759246826,0.682235598564148,0.701338529586792,0.69178706407547,0.5800938010215759,0.8287923336029053
d2p1-train-md3038-C-00002,train,md3038,C,336,337,-0.2311074137687683,-109.35054779052734,0.25689882040023804,0.011180129872947458,2.862113247474549,0.14994080160100604,0.9306764602661133,0.7262958288192749,0.8138612508773804,0.7700785398483276,0.6281145811080933,0.8762107491493225
d2p1-train-md3038-C-00003,train,md3038,C,340,341,-0.34391406178474426,-136.56851196289062,0.3083086311817169,0.027502663442577027,7.040681841299719,0.10110193428346281,0.9393751621246338,0.7248537540435791,0.8097069263458252,0.7672803401947021,0.6075316667556763,0.8548485040664673
d2p1-train-md3038-C-00004,train,md3038,C,344,345,-0.22964370250701904,-106.89141082763672,0.27167657017707825,0.02441394513907298,6.249969955602683,0.14952815415859108,0.9480605721473694,0.7213618755340576,0.8385351896286011,0.7799485325813293,0.642015814781189,0.8452358245849609
d2p1-train-md3038-C-00005,train,md3038,C,348,349,-0.2281988263130188,-97.76055908203125,0.2837148606777191,0.010479348563544938,2.682713232267504,0.09047823032491802,0.9466038346290588,0.7140791416168213,0.8331335186958313,0.7736063301563263,0.6391712427139282,0.8386023044586182
d2p1-train-md3038-C-00006,train,md3038,C,352,353,-0.38357850909233093,-122.64981079101562,0.2878602147102356,0.0059391767068102605,1.5204292369434267,0.06426910028866137,0.9214335083961487,0.7568300366401672,0.8190175294876099,0.7879237830638885,0.6849820613861084,0.8757286071777344
d2p1-train-md3038-C-00007,train,md3038,C,356,357,-0.16405260562896729,-86.56409454345703,0.2206912636756897,0.011185900894802083,2.8635906290693334,0.23523648163988553,0.9181573390960693,0.7248849868774414,0.8228814005851746,0.773883193731308,0.6014665961265564,0.8532183766365051
d2p1-train-md3038-C-00008,train,md3038,C,360,361,-0.33890384435653687,-128.44829559326172,0.25548475980758667,0.19565678328485764,50.088136520923555,0.7056449201644439,0.9480253458023071,0.7214232087135315,0.8728820085525513,0.7971526086330414,0.6649826765060425,0.8441805839538574
d2p1-train-md3038-C-00009,train,md3038,C,364,365,-0.42814430594444275,-146.01565551757812,0.23415330052375793,0.02664467014830416,6.821035557965865,0.11702591439914367,0.943317174911499,0.7171604633331299,0.8899710178375244,0.8035657405853271,0.6384704113006592,0.81718510389328
d2p1-train-md3038-C-00010,train,md3038,C,368,369,-0.42694562673568726,-135.33096313476562,0.2536574900150299,0.02760736199092151,7.067484669675906,0.15710508487643232,0.9360722303390503,0.7336764931678772,0.8699693083763123,0.8018229007720947,0.6318762302398682,0.855722188949585
d2p1-train-md3038-C-00011,train,md3038,C,372,373,-0.5266281962394714,-168.70904159545898,0.23560941219329834,0.19062736864847923,48.800606374010684,0.611709513772785,0.9542454481124878,0.7746443152427673,0.8815038204193115,0.8280740678310394,0.6818071603775024,0.9082948565483093
d2p1-train-md3038-C-00012,train,md3038,C,376,377,-0.3378389775753021,-111.48428344726562,0.212121844291687,0.03205843461500621,8.20695926144159,0.1374318638701575,0.9503905773162842,0.7134389877319336,0.8516689538955688,0.7825539708137512,0.6672677993774414,0.8590866923332214
d2p1-train-md3038-C-00013,train,md3038,C,418,419,-0.6118291914463043,-199.39651489257812,0.2666327953338623,0.041928273813577076,10.733638096275731,0.27030185198384904,0.9449290633201599,0.8435871601104736,0.8492345809936523,0.846410870552063,0.6883310079574585,0.8996765613555908
d2p1-train-md3038-C-00014,train,md3038,C,422,423,-0.2946298122406006,-102.58533477783203,0.1797286868095398,0.36610240304222846,93.72221517881049,0.22386433709697398,0.9412299394607544,0.8519205451011658,0.8600504398345947,0.8559854924678802,0.6959961652755737,0.9216411113739014
d2p1-train-md3038-C-00015,train,md3038,C,426,427,-0.4918062388896942,-173.25133895874023,0.22156637907028198,0.3491814281382493,89.39044560339183,0.17748116273161652,0.9433979988098145,0.8190176486968994,0.8484864830970764,0.8337520658969879,0.68840491771698,0.8799998164176941
d2p1-train-md3038-C-00016,train,md3038,C,430,431,-0.5650351345539093,-189.77377891540527,0.24482452869415283,0.3476111126062749,88.98844482720638,0.17477241326385964,0.9451706409454346,0.8425792455673218,0.8485624194145203,0.845570832490921,0.6833246350288391,0.9022032618522644
d2p1-train-md3038-C-00017,train,md3038,C,435,436,-0.38555848598480225,-158.25622940063477,0.20277607440948486,0.35415948846995726,90.66482904830906,0.08388985152999397,0.9425622224807739,0.849025547504425,0.8717635869979858,0.8603945672512054,0.6958494186401367,0.9125649333000183
d2p1-train-md3038-C-00018,train,md3038,C,439,440,-0.3711097240447998,-145.7331314086914,0.2167682647705078,0.35807172799643994,91.66636236708862,0.3613991022790789,0.9376090168952942,0.8247238397598267,0.8447118997573853,0.834717869758606,0.6803183555603027,0.8984717130661011
d2p1-train-md3038-C-00019,train,md3038,C,443,444,-0.5091565847396851,-166.11573791503906,0.2595294713973999,0.35011997111654947,89.63071260583666,0.2029191131159998,0.932110607624054,0.8428817987442017,0.860011100769043,0.8514464497566223,0.7071620225906372,0.9061373472213745
d2p1-train-md3038-C-00020,train,md3038,C,447,448,-0.5962300151586533,-161.6356086730957,0.2879173755645752,0.027005768264152203,6.913476675622964,0.17306371451431868,0.9375881552696228,0.867038369178772,0.8649088740348816,0.8659736216068268,0.6940532922744751,0.914569079875946
d2p1-train-md3038-C-00021,train,md3038,C,451,452,-0.5950231105089188,-154.42417526245117,0.2791183590888977,0.3140179395102393,80.38859251462127,0.5684442926228401,0.9313795566558838,0.8065498471260071,0.7810640931129456,0.7938069701194763,0.645648717880249,0.8779790997505188
d2p1-train-md3038-C-00022,train,md3038,C,455,456,-0.5305582731962204,-131.44783782958984,0.25336819887161255,0.3694090641500839,94.56872042242148,0.4643781408431748,0.9313206672668457,0.7921083569526672,0.8099242448806763,0.8010163009166718,0.621833086013794,0.9026752710342407
d2p1-train-md3038-C-00023,train,md3038,C,459,460,-0.5351121127605438,-136.97969818115234,0.2894405126571655,0.37306870916821316,95.50558954706257,0.5999689904015206,0.9233735799789429,0.789582371711731,0.7955776453018188,0.7925800085067749,0.643234133720398,0.8768952488899231
d2p1-train-md3038-C-00024,train,md3038,C,463,464,-0.5434293299913406,-134.1915283203125,0.28052783012390137,0.28203488822952716,72.20093138675895,0.686346459000081,0.9284675121307373,0.7754533886909485,0.7474634647369385,0.7614584267139435,0.6080214977264404,0.8348722457885742
d2p1-train-md3038-C-00025,train,md3038,C,467,468,-0.46063515543937683,-95.31645202636719,0.283208429813385,0.30353873413629595,77.70591593889176,0.7752770101116346,0.936127781867981,0.7419173121452332,0.7767764329910278,0.7593468725681305,0.6106692552566528,0.8505986928939819
d2p1-train-md3038-C-00026,train,md3038,C,483,484,-0.48524656891822815,-103.23869705200195,0.32203537225723267,0.28558255989049647,73.1091353319671,0.5787295822210371,0.9475138187408447,0.8401552438735962,0.8073889017105103,0.8237720727920532,0.6076632738113403,0.892524242401123
d2p1-train-md3038-C-00027,train,md3038,C,487,488,-0.3462337851524353,-107.38665008544922,0.27818208932876587,0.2477847306679944,63.432891051006564,0.4015384839975673,0.9381351470947266,0.8127853274345398,0.8385247588157654,0.8256550431251526,0.6632664799690247,0.9054080247879028
d2p1-train-md3038-C-00028,train,md3038,C,491,492,-0.5311460345983505,-134.9374885559082,0.282351016998291,0.03933263137737707,10.06915363260853,0.2603992758379696,0.9515727758407593,0.794660747051239,0.8661057949066162,0.8303832709789276,0.6997888088226318,0.9144898056983948
d2p1-train-md3038-C-00029,train,md3038,C,495,496,-0.6181613802909851,-161.15164184570312,0.3127180337905884,0.024383380037610414,6.242145289628266,0.30484197252362033,0.9558571577072144,0.7692312002182007,0.8851954936981201,0.8272133469581604,0.7001833915710449,0.874660849571228
d2p1-train-md3038-C-00030,train,md3038,C,499,500,-0.6250655651092529,-174.90127563476562,0.30861741304397583,0.2432742129374132,62.27819851197778,0.5651992229732216,0.94349205493927,0.7803148627281189,0.8550853729248047,0.8177001178264618,0.6504079103469849,0.8973590731620789
d2p1-train-md3038-C-00031,train,md3038,C,503,504,-0.6377444267272949,-157.52423858642578,0.32325655221939087,0.01675074313202208,4.288190241797652,0.28066173788024285,0.9407007098197937,0.8140566945075989,0.8421276807785034,0.8280921876430511,0.6766113042831421,0.9127008318901062
d2p1-train-md3038-C-00032,train,md3038,C,507,508,-0.376343697309494,-60.83697509765625,0.2525036334991455,0.012208096165911331,3.125272618473301,0.24502641842325026,0.9493898749351501,0.783959150314331,0.8947438597679138,0.8393515050411224,0.7077642679214478,0.8814008235931396
d2p1-train-md3038-C-00033,train,md3038,C,511,512,-0.36363086104393005,-58.45762634277344,0.22122794389724731,0.5089328179942106,130.28680140651792,0.2155658689824733,0.9538172483444214,0.8224540948867798,0.849625289440155,0.8360396921634674,0.6761398315429688,0.9136099219322205
d2p1-train-md3038-C-00034,train,md3038,C,516,517,-0.18055957555770874,-45.34828186035156,0.1665627360343933,0.4201348374712707,107.55451839264529,0.10781171728365033,0.9400418996810913,0.8716330528259277,0.8628778457641602,0.867255449295044,0.68161940574646,0.9413098692893982
d2p1-train-md3038-C-00035,train,md3038,C,520,521,-0.04394054412841797,-18.349288940429688,0.10254698991775513,0.36769490176413555,94.1298948516187,0.12382352260949298,0.9402674436569214,0.8882298469543457,0.866925835609436,0.8775778412818909,0.7095680236816406,0.959519624710083
d2p1-train-md3038-C-00036,train,md3038,C,524,525,-0.3390379548072815,-119.07891082763672,0.1628432273864746,0.32549921114203684,83.32779805236143,0.14458148018252798,0.9367872476577759,0.818306565284729,0.839786171913147,0.829046368598938,0.6826987266540527,0.92244553565979
d2p1-train-md3038-C-00037,train,md3038,C,540,541,-0.4072132706642151,-107.85538482666016,0.3004906177520752,0.28361763206810003,72.60611380943361,0.1510153926207459,0.9210766553878784,0.7587583661079407,0.7578719258308411,0.7583151459693909,0.6257261037826538,0.8617714047431946
d2p1-train-md3038-C-00038,train,md3038,C,544,545,-0.5424111187458038,-122.96511840820312,0.26865315437316895,0.33903714287725517,86.79350857657732,0.12908696858085747,0.9219250679016113,0.811407744884491,0.7897497415542603,0.8005787432193756,0.6245205402374268,0.8964444994926453
d2p1-train-md3038-C-00039,train,md3038,C,548,549,-0.6611904203891754,-183.7268524169922,0.3203763961791992,0.13026972094985842,33.349048563163755,0.4564186474712164,0.9321862459182739,0.7995710372924805,0.789918839931488,0.7947449386119843,0.6279346942901611,0.9133381843566895
d2p1-train-md3038-C-00040,train,md3038,C,552,553,-0.34013642370700836,-36.754127502441406,0.2755168676376343,0.39810186940355724,101.91407856731065,0.27780942314537044,0.9329056143760681,0.7639143466949463,0.7914031147956848,0.7776587307453156,0.6523743867874146,0.9061884880065918
d2p1-train-md3038-C-00041,train,md3038,C,556,557,-0.5676142573356628,-169.7741928100586,0.2873183488845825,0.05775806393795737,14.786064368117087,0.18570560435043734,0.9322715401649475,0.7657400965690613,0.7957326173782349,0.7807363569736481,0.6361080408096313,0.9009532928466797
d2p1-train-md3038-C-00042,train,md3038,C,560,561,-0.5722609311342239,-160.1350860595703,0.28212296962738037,0.13942648393618326,35.693179887662914,0.763464179311607,0.9217031002044678,0.7308558821678162,0.7933349609375,0.7620954215526581,0.6059095859527588,0.8630435466766357
d2p1-train-md3038-C-00043,train,md3038,C,564,565,-0.6241671442985535,-185.90858840942383,0.3114473223686218,0.25224995142684536,64.57598756527241,0.5632242971794585,0.9471007585525513,0.7238125801086426,0.8223774433135986,0.7730950117111206,0.6222406625747681,0.8709323406219482
d2p1-train-md3038-C-00044,train,md3038,C,568,569,-0.5877350270748138,-159.54586029052734,0.3161367177963257,0.039992099619762474,10.237977502659193,0.38071775085093806,0.9486234188079834,0.7256008982658386,0.8751680850982666,0.8003844916820526,0.6532402038574219,0.8534112572669983
d2p1-train-md3038-C-00045,train,md3038,C,572,573,-0.5159508734941483,-136.93523406982422,0.2580947279930115,0.3841027674724913,98.33030847295777,0.7457301826119018,0.9290448427200317,0.7540347576141357,0.826482355594635,0.7902585566043854,0.6322014331817627,0.8964730501174927
d2p1-train-md3038-C-00046,train,md3038,C,576,577,-0.6304551064968109,-147.2945785522461,0.28210341930389404,0.3556976497301594,91.0585983309208,0.8026286724757226,0.9325792789459229,0.7097254395484924,0.7382079362869263,0.7239666879177094,0.5761274099349976,0.8437276482582092
d2p1-train-md3038-C-00047,train,md3038,C,580,581,-0.6357323974370956,-171.65555572509766,0.29482996463775635,0.30232696596881986,77.39570328801788,0.6719179000963462,0.9243615865707397,0.7851113080978394,0.8032642602920532,0.7941877841949463,0.6158955693244934,0.8797035217285156
d2p1-train-md3038-C-00048,train,md3038,C,584,585,-0.6331147849559784,-177.7554054260254,0.3350743055343628,0.043101763211291305,11.034051382090574,0.23940908111964898,0.9397149085998535,0.7375820875167847,0.8338044881820679,0.7856932878494263,0.6537225842475891,0.9002322554588318
d2p1-train-md3038-C-00049,train,md3038,C,588,589,-0.6207735240459442,-178.45184326171875,0.27491796016693115,0.4651438792082094,119.0768330773016,0.4943389225764706,0.9298801422119141,0.7454574108123779,0.806023120880127,0.7757402658462524,0.6147034168243408,0.8917814493179321
d2p1-train-md3038-C-00050,train,md3038,C,604,605,-0.7042439207434654,-192.20220565795898,0.31500566005706787,0.2941304568911317,75.29739696412972,0.3132832125843954,0.954703152179718,0.7052581906318665,0.8349417448043823,0.7700999677181244,0.6029903888702393,0.8346680998802185
d2p1-train-md3040-A-00000,train,md3040,A,20,21,-0.302084743976593,-126.30944061279297,0.13195830583572388,0.2514609905634373,64.37401358423995,0.39189094284930137,0.9392869472503662,0.8532631397247314,0.8529108762741089,0.8530870079994202,0.7771327495574951,0.9429497718811035
d2p1-train-md3040-A-00001,train,md3040,A,62,63,-0.23688238859176636,-131.29224395751953,0.24997562170028687,0.3815827620774371,97.68518709182389,0.2743664506218346,0.9506419897079468,0.8080394268035889,0.8967211246490479,0.8523802757263184,0.7154374122619629,0.9179033637046814
d2p1-train-md3040-A-00002,train,md3040,A,121,122,-0.03999006748199463,-89.85950469970703,0.31021666526794434,0.015572274309313476,3.98650222318425,0.3093846126985728,0.8861316442489624,0.6463236808776855,0.7381938695907593,0.6922587752342224,0.5599170327186584,0.7609240412712097
d2p1-train-md3040-A-00003,train,md3040,A,162,163,-0.4891238808631897,-176.61910247802734,0.2948756814002991,0.4252305400805592,108.85901826062316,0.3775006360591568,0.9298696517944336,0.7625051736831665,0.792339563369751,0.7774223685264587,0.6380535364151001,0.8594852089881897
d2p1-train-md3040-A-00004,train,md3040,A,204,205,-0.6497758775949478,-190.8720817565918,0.2520673871040344,0.35071154089407025,89.78215446888198,0.24600635148140715,0.9599241018295288,0.7754126787185669,0.8839942216873169,0.8297034502029419,0.6917139887809753,0.8683571815490723
d2p1-train-md3040-A-00005,train,md3040,A,246,247,-0.416677862405777,-167.45965576171875,0.2286665439605713,0.1191001448161017,30.489637072922037,0.3604619976374071,0.9358385801315308,0.8335599899291992,0.8389171361923218,0.8362385630607605,0.7083145380020142,0.9113240838050842
d2p1-train-md3040-A-00006,train,md3040,A,287,288,-0.6774528101086617,-200.79592990875244,0.37356632947921753,0.37862353101959273,96.92762394101574,0.5972468066986032,0.9515343904495239,0.7931549549102783,0.8891101479530334,0.8411325514316559,0.6882871985435486,0.8756873607635498
d2p1-train-md3040-A-00007,train,md3040,A,329,330,-0.30450084805488586,-72.34033203125,0.15482836961746216,0.3476993732813542,89.01103956002667,0.5144228292732405,0.9424087405204773,0.8139848709106445,0.8608534932136536,0.837419182062149,0.7129594087600708,0.9167446494102478
d2p1-train-md3040-A-00008,train,md3040,A,371,372,-0.4761977195739746,-152.11736869812012,0.2558514475822449,0.2810077570145378,71.93798579572167,0.3940976657083208,0.9560143947601318,0.828417181968689,0.8744863271713257,0.8514517545700073,0.704218327999115,0.8914814591407776
d2p1-train-md3040-A-00009,train,md3040,A,412,413,-0.4395419955253601,-168.76073837280273,0.25403350591659546,0.09191113333748355,23.529250134395788,0.26724494566819407,0.9533517360687256,0.7479694485664368,0.8701800107955933,0.809074729681015,0.6804484128952026,0.8374691605567932
d2p1-train-md3040-A-00010,train,md3040,A,454,455,-0.38044455647468567,-140.1026954650879,0.1713879108428955,0.36430128707317333,93.26112949073237,0.21142107955778236,0.9474101066589355,0.8076795935630798,0.8411939144134521,0.824436753988266,0.696082353591919,0.9011788964271545
d2p1-train-md3040-A-00011,train,md3040,A,495,496,-0.20635518431663513,-63.20650100708008,0.1799701452255249,0.3197213830515843,81.84867406120559,0.2124747613189751,0.9462380409240723,0.7836604118347168,0.8029720187187195,0.7933162152767181,0.6957514882087708,0.8981376886367798
d2p1-train-md3040-A-00012,train,md3040,A,647,648,-0.24570167064666748,-96.22248077392578,0.14797896146774292,0.2784647401209356,71.28697347095951,0.1407246312708183,0.9452952742576599,0.8211596012115479,0.8464347124099731,0.8337971568107605,0.730372965335846,0.9062922596931458
d2p1-train-md3040-A-00013,train,md3040,A,689,690,-0.019735753536224365,7.3526153564453125,0.0484471321105957,0.3569265439451967,91.37319524997035,0.2843384874042442,0.9618052244186401,0.8723482489585876,0.9056249856948853,0.8889866173267365,0.6966588497161865,0.941818118095398
d2p1-train-md3040-A-00014,train,md3040,A,730,731,-0.20246678590774536,14.926162719726562,0.15757489204406738,0.3109926567501413,79.61412012803618,0.5590318931019926,0.9591207504272461,0.8731639385223389,0.906992495059967,0.890078216791153,0.7278379797935486,0.9393405318260193
d2p1-train-md3040-A-00015,train,md3040,A,772,773,-0.26679232716560364,-129.88275909423828,0.2864132523536682,0.02731755693127089,6.993294574405348,0.4361126625050555,0.9268887639045715,0.6748840808868408,0.8387775421142578,0.7568308115005493,0.611227810382843,0.7783190608024597
d2p1-train-md3040-A-00016,train,md3040,A,828,829,-0.22478005290031433,-119.36877059936523,0.1483170986175537,0.10671279812995582,27.31847632126869,0.5795248799320855,0.9292592406272888,0.7979456186294556,0.8064303398132324,0.802187979221344,0.674689531326294,0.9065070152282715
d2p1-train-md3040-B-00000,train,md3040,B,25,26,-0.46558019518852234,-141.80330657958984,0.28265246748924255,0.42247539342454926,108.15370071668461,0.30281586361516455,0.839475154876709,0.7492496967315674,0.7823969721794128,0.7658233344554901,0.611705482006073,0.8587951064109802
d2p1-train-md3040-B-00001,train,md3040,B,75,76,-0.40099969506263733,-170.7042007446289,0.3393177092075348,0.09627183219291541,24.645589041386344,0.3347892356819645,0.9236284494400024,0.5802673101425171,0.7831251621246338,0.6816962361335754,0.5134514570236206,0.7218270897865295
d2p1-train-md3040-B-00002,train,md3040,B,143,144,-0.4476560652256012,-181.1137809753418,0.40233758091926575,0.08432962310639851,21.588383515238018,0.4399739050155866,0.9258317947387695,0.6246498227119446,0.7752267122268677,0.6999382674694061,0.5257490277290344,0.7442563772201538
d2p1-train-md3040-B-00003,train,md3040,B,194,195,-0.36857911944389343,-172.3670196533203,0.3185086250305176,0.4196080772857647,107.41966778515577,0.2565065121616915,0.9367839097976685,0.7055357694625854,0.7704737186431885,0.738004744052887,0.6052810549736023,0.8685659766197205
d2p1-train-md3040-B-00004,train,md3040,B,244,245,-0.4407036006450653,-166.5332908630371,0.1937495470046997,0.2982417867167234,76.3498973994812,0.21048148908916592,0.9401886463165283,0.7493890523910522,0.8069884777069092,0.7781887650489807,0.6465563178062439,0.8539835810661316
d2p1-train-md3040-B-00005,train,md3040,B,295,296,-0.573205903172493,-182.39443588256836,0.32462936639785767,0.044007498443307286,11.265919601486665,0.19334687506678983,0.9365233182907104,0.6843467950820923,0.7644795775413513,0.7244131863117218,0.5812259316444397,0.788864016532898
d2p1-train-md3040-B-00006,train,md3040,B,345,346,-0.5884048044681549,-184.86285400390625,0.3413851857185364,0.32154767464043266,82.31620470795076,0.45369754242076465,0.949781596660614,0.7138952016830444,0.797849178314209,0.7558721899986267,0.6347886323928833,0.8547743558883667
d2p1-train-md3040-B-00007,train,md3040,B,396,397,-0.676272377371788,-197.03748512268066,0.36981263756752014,0.049562974737491945,12.688121532797938,0.22102624195094164,0.9691372513771057,0.6799954175949097,0.87429279088974,0.7771441042423248,0.5929622650146484,0.7552438378334045
d2p1-train-md3040-B-00008,train,md3040,B,446,447,-0.2439696192741394,-77.58773040771484,0.2737628221511841,0.32791898670890546,83.9472605974798,0.3954195598506814,0.9514570236206055,0.7931517958641052,0.8677124381065369,0.830432116985321,0.6570925712585449,0.9175888299942017
d2p1-train-md3040-B-00009,train,md3040,B,497,498,-0.4187583327293396,-175.48019409179688,0.28205686807632446,0.2647193163237729,67.76814497888586,0.3417850100474123,0.9486852884292603,0.6832002401351929,0.8055250644683838,0.7443626523017883,0.5738227367401123,0.7831263542175293
d2p1-train-md3040-B-00010,train,md3040,B,658,659,-0.2506831884384155,-97.76964569091797,0.15950524806976318,0.3496256558845541,89.50416790644584,0.44055889024507455,0.928869366645813,0.7872313261032104,0.8222588300704956,0.804745078086853,0.6309797763824463,0.9147253632545471
d2p1-train-md3040-B-00011,train,md3040,B,708,709,-0.2626017928123474,-106.62235260009766,0.18070697784423828,0.3552834941794235,90.95257450993242,0.7493706473661645,0.8658908009529114,0.6815746426582336,0.7357689142227173,0.7086717784404755,0.580359935760498,0.8328671455383301
d2p1-train-md3040-B-00012,train,md3040,B,759,760,-0.5382077395915985,-187.2472915649414,0.3604435920715332,0.35248382693765595,90.23585969603992,0.49270684106750956,0.9015254974365234,0.6575441360473633,0.6906962394714355,0.6741201877593994,0.5473796129226685,0.7544183731079102
d2p1-train-md3040-B-00013,train,md3040,B,823,824,-0.4477006196975708,-177.96115112304688,0.39943841099739075,0.08211550998383119,21.021570555860784,0.40210823093050874,0.9341548085212708,0.6309980750083923,0.7407020330429077,0.68585005402565,0.5325000286102295,0.7403243184089661
d2p1-train-md3040-C-00000,train,md3040,C,3,4,-0.4233570396900177,-163.81289672851562,0.23771530389785767,0.419637413212377,107.42717778236852,0.34614540347633843,0.9608644247055054,0.8000884056091309,0.886797308921814,0.8434428572654724,0.6973633766174316,0.8943686485290527
d2p1-train-md3040-C-00001,train,md3040,C,9,10,-0.3617229759693146,-151.41979598999023,0.2505490779876709,0.06388743080242115,16.355182285419815,0.44967503177130563,0.9601801037788391,0.8198864459991455,0.9153675436973572,0.8676269948482513,0.7008295059204102,0.873940646648407
d2p1-train-md3040-C-00002,train,md3040,C,16,17,-0.3604471683502197,-154.3641471862793,0.2780216336250305,0.04959090665532659,12.695272103763607,0.3706314440286167,0.9457076787948608,0.7527039051055908,0.8554165363311768,0.8040602207183838,0.6582555770874023,0.8488917946815491
d2p1-train-md3040-C-00003,train,md3040,C,22,23,-0.46839630603790283,-176.40432167053223,0.2883501648902893,0.056925099943329144,14.57282558549226,0.25049856841473306,0.9513946175575256,0.7348035573959351,0.8540503978729248,0.7944269776344299,0.6525118350982666,0.825934648513794
d2p1-train-md3040-C-00004,train,md3040,C,28,29,-0.5620142668485641,-182.80980682373047,0.32439035177230835,0.07323286193162129,18.74761265449505,0.22817027217229938,0.9582622051239014,0.6857293844223022,0.8960008025169373,0.7908650934696198,0.6355451345443726,0.791540265083313
d2p1-train-md3040-C-00005,train,md3040,C,35,36,-0.328154593706131,-135.41987991333008,0.2503829002380371,0.09702385107109765,24.838105874201,0.32466982479422307,0.9528898596763611,0.7683405876159668,0.9167923927307129,0.8425664901733398,0.6804326176643372,0.8605769276618958
d2p1-train-md3040-C-00006,train,md3040,C,41,42,-0.44628429412841797,-177.40354919433594,0.2990710735321045,0.10305601414038307,26.382339619938065,0.7507298454860808,0.9562997221946716,0.7563806772232056,0.8963698148727417,0.8263752460479736,0.6511257886886597,0.8428548574447632
d2p1-train-md3040-C-00007,train,md3040,C,48,49,-0.2832251489162445,-132.0354118347168,0.23078793287277222,0.0598156721120199,15.312812060677095,0.22692669174850327,0.9430400729179382,0.750686526298523,0.8365089297294617,0.7935977280139923,0.6353259086608887,0.8551778197288513
d2p1-train-md3040-C-00008,train,md3040,C,54,55,-0.369899183511734,-159.62143516540527,0.23202931880950928,0.08327167289031255,21.317548259920013,0.4809710521418897,0.9535495638847351,0.7654626369476318,0.8700795769691467,0.8177711069583893,0.6706522703170776,0.8677200078964233
d2p1-train-md3040-C-00009,train,md3040,C,61,62,-0.41379302740097046,-170.6887378692627,0.22466444969177246,0.0868404466694054,22.23115434736778,0.4837429885907492,0.9522464275360107,0.7215280532836914,0.8552516102790833,0.7883898317813873,0.6523311138153076,0.826053261756897
d2p1-train-md3040-C-00010,train,md3040,C,67,68,-0.35263127088546753,-148.07736587524414,0.25201767683029175,0.06995063138444199,17.90736163441715,0.453245153228634,0.9507985711097717,0.7275415658950806,0.8440574407577515,0.785799503326416,0.6485064625740051,0.8276771903038025
d2p1-train-md3040-C-00011,train,md3040,C,74,75,-0.3340171277523041,-145.50634384155273,0.2388777732849121,0.049257229251527195,12.609850688390962,0.3719133062644564,0.9490369558334351,0.7110773324966431,0.8272981643676758,0.7691877484321594,0.6299504041671753,0.7999194860458374
d2p1-train-md3040-C-00012,train,md3040,C,97,98,-0.08820092678070068,-37.77764892578125,-0.05986815690994263,0.33130847863659335,84.8149705309679,0.4192466699106199,0.9063363075256348,0.8327631950378418,0.8079599142074585,0.8203615546226501,0.6421374082565308,0.9010691046714783
d2p1-train-md3040-C-00013,train,md3040,C,103,104,-0.1607574224472046,-83.64683532714844,0.10461020469665527,0.2838237042894256,72.65886829809295,0.314842619367622,0.9090784788131714,0.7966538667678833,0.8033367395401001,0.7999953031539917,0.6282970309257507,0.874925434589386
d2p1-train-md3040-C-00014,train,md3040,C,110,111,-0.21967437863349915,-27.811500549316406,0.16591787338256836,0.4443400269375807,113.75104689602065,0.6140303164554882,0.9389136433601379,0.8160437345504761,0.8677095770835876,0.8418766558170319,0.6690738797187805,0.905357301235199
d2p1-train-md3040-C-00015,train,md3040,C,116,117,-0.37791937589645386,-140.8546905517578,0.19871586561203003,0.07761564815497236,19.869605927672925,0.7502508401138073,0.9333064556121826,0.7439569234848022,0.8276233673095703,0.7857901453971863,0.6382312774658203,0.8645241260528564
d2p1-train-md3040-C-00016,train,md3040,C,123,124,-0.35635578632354736,-162.1149387359619,0.25454890727996826,0.06081766219534719,15.569321522008881,0.42792946167663837,0.9381294250488281,0.726689338684082,0.8283873796463013,0.7775383591651917,0.6127853989601135,0.8502185344696045
d2p1-train-md3040-C-00017,train,md3040,C,129,130,-0.39005354046821594,-161.77441215515137,0.2939712405204773,0.07031600164494502,18.000896421105924,0.7003021275516574,0.9349368810653687,0.7606061697006226,0.835098385810852,0.7978522777557373,0.637502908706665,0.8651711344718933
d2p1-train-md3040-C-00018,train,md3040,C,136,137,-0.3418101966381073,-162.24050521850586,0.2815685272216797,0.061388129877469874,15.715361248632288,0.833630062476732,0.9425048232078552,0.6659165024757385,0.8639082908630371,0.7649123966693878,0.5966932773590088,0.7990313172340393
d2p1-train-md3040-C-00019,train,md3040,C,142,143,-0.19470101594924927,-94.58442306518555,0.2010771632194519,0.04607866697806584,11.796138746384855,0.7994924014177304,0.9300825595855713,0.7042747735977173,0.8239214420318604,0.7640981078147888,0.6059414148330688,0.8301671743392944
d2p1-train-md3040-C-00020,train,md3040,C,148,149,-0.3570181429386139,-177.80939865112305,0.3253975510597229,0.08340340959416613,21.35127285610653,0.5770984721766959,0.9395862817764282,0.7310131192207336,0.833420991897583,0.7822170555591583,0.6382005214691162,0.855853796005249
d2p1-train-md3040-C-00021,train,md3040,C,155,156,-0.42349064350128174,-190.65761184692383,0.3264118432998657,0.0805463253719791,20.61985929522665,0.651733986468211,0.9466701745986938,0.7058279514312744,0.8467980027198792,0.7763129770755768,0.6249957084655762,0.8109337091445923
d2p1-train-md3040-C-00022,train,md3040,C,161,162,-0.40037044882774353,-166.24470138549805,0.2825923562049866,0.0735581052135229,18.830874934661864,0.31994626577416396,0.9439379572868347,0.7298194169998169,0.8211431503295898,0.7754812836647034,0.6170265674591064,0.8337653279304504
d2p1-train-md3040-C-00023,train,md3040,C,168,169,-0.3013720214366913,-148.7852783203125,0.27719300985336304,0.05268958674576678,13.488534206916295,0.6066196515373065,0.9431229829788208,0.7519640922546387,0.8341922760009766,0.7930781841278076,0.6538329124450684,0.8723046183586121
d2p1-train-md3040-C-00024,train,md3040,C,174,175,-0.45761263370513916,-175.06140518188477,0.31856590509414673,0.10807343579811804,27.666799564318218,0.735874153089658,0.9568077921867371,0.7065974473953247,0.857456386089325,0.7820269167423248,0.6204030513763428,0.8273230791091919
d2p1-train-md3040-C-00025,train,md3040,C,181,182,-0.498191237449646,-183.14522171020508,0.2953386902809143,0.1086093004581479,27.803980917285863,0.6995169951395641,0.9476299285888672,0.727927029132843,0.8190771341323853,0.7735020816326141,0.6332271099090576,0.8435857892036438
d2p1-train-md3040-C-00026,train,md3040,C,187,188,-0.46131008863449097,-165.28564453125,0.24164921045303345,0.09280799291048927,23.758846185085254,0.44474798515943825,0.9488329887390137,0.7550774812698364,0.8535826206207275,0.804330050945282,0.6717636585235596,0.8693764209747314
d2p1-train-md3040-C-00027,train,md3040,C,194,195,-0.3222622275352478,-135.12453079223633,0.18351048231124878,0.04861765762581596,12.446120352208887,0.4881997787676903,0.9510018825531006,0.745377779006958,0.8222466111183167,0.7838121950626373,0.6472634077072144,0.8563863635063171
d2p1-train-md3040-C-00028,train,md3040,C,200,201,-0.5328016132116318,-197.48790836334229,0.31334900856018066,0.05877191853260331,15.045611144346447,0.5101742271467741,0.9435118436813354,0.7061581611633301,0.8608617782592773,0.7835099697113037,0.6273069381713867,0.8035514950752258
d2p1-train-md3040-C-00029,train,md3040,C,206,207,-0.40333816409111023,-172.71922302246094,0.279474139213562,0.08359667201914563,21.40074803690128,0.4386155273044986,0.950033962726593,0.7285798788070679,0.8421564102172852,0.7853681445121765,0.6451895236968994,0.8304998874664307
d2p1-train-md3040-C-00030,train,md3040,C,213,214,-0.5270200371742249,-177.7580966949463,0.3101462125778198,0.07391261533519061,18.921629525808797,0.3650037057809822,0.9511083364486694,0.7111566066741943,0.8547732830047607,0.7829649448394775,0.6484644412994385,0.81791752576828
d2p1-train-md3040-C-00031,train,md3040,C,219,220,-0.4815065860748291,-180.93161582946777,0.30793261528015137,0.0821859341230399,21.039599135498214,0.4054669499236194,0.9536622762680054,0.7139089107513428,0.8698488473892212,0.791878879070282,0.6582751274108887,0.8283658623695374
d2p1-train-md3040-C-00032,train,md3040,C,226,227,-0.4181019365787506,-148.03770446777344,0.301740825176239,0.056428561607601596,14.445711771546009,0.18711939243841083,0.9473907947540283,0.7185941934585571,0.8827855587005615,0.8006898760795593,0.6436265707015991,0.8383762836456299
d2p1-train-md3040-C-00033,train,md3040,C,232,233,-0.6707071363925934,-201.2085828781128,0.31974858045578003,0.039563495376612995,10.128254816412927,0.7237045807691479,0.9566004276275635,0.74471116065979,0.9190068244934082,0.8318589925765991,0.6701622009277344,0.8260399103164673
d2p1-train-md3040-C-00034,train,md3040,C,239,240,-0.5513232797384262,-180.306884765625,0.3268471360206604,0.010232572055662604,2.6195384462496265,0.5891329296469094,0.9603123068809509,0.6799120903015137,0.8527321815490723,0.766322135925293,0.6275550723075867,0.8137665390968323
d2p1-train-md3040-C-00035,train,md3040,C,245,246,-0.15501126646995544,-50.144142150878906,0.24741029739379883,0.06403363786134701,16.392611292504835,0.6414116303911321,0.9391141533851624,0.7471003532409668,0.7763485908508301,0.7617244720458984,0.6330252885818481,0.8695065975189209
d2p1-train-md3040-C-00036,train,md3040,C,251,252,-0.23437035083770752,-113.37086486816406,0.27081263065338135,0.27266034559278207,69.80104847175221,0.4229591128398683,0.9479531645774841,0.7692181468009949,0.8118410110473633,0.7905295789241791,0.6548709869384766,0.8833246231079102
d2p1-train-md3040-C-00037,train,md3040,C,258,259,-0.4978827238082886,-164.09198760986328,0.2778640389442444,0.04623265198824417,11.835558908990507,0.42608704881021875,0.9532097578048706,0.8307929635047913,0.8828310966491699,0.8568120300769806,0.6652817726135254,0.9096918106079102
d2p1-train-md3040-C-00038,train,md3040,C,264,265,-0.6159848421812057,-191.00526809692383,0.31807059049606323,0.310444462357862,79.47378236361267,0.2868148017879276,0.950921893119812,0.7790400385856628,0.8325838446617126,0.8058119416236877,0.6466388702392578,0.8778525590896606
d2p1-train-md3040-C-00039,train,md3040,C,271,272,-0.4478694796562195,-170.77318572998047,0.29196280241012573,0.09208316794053634,23.573290992777302,0.38980701822134817,0.9398342967033386,0.7436617612838745,0.8536375761032104,0.7986496686935425,0.6632331609725952,0.8603132963180542
d2p1-train-md3040-C-00040,train,md3040,C,277,278,-0.400785893201828,-143.03041076660156,0.2912464737892151,0.06779973227171601,17.3567314615593,0.46862208817899575,0.9323723316192627,0.7442534565925598,0.8820528984069824,0.8131531774997711,0.6703357100486755,0.8623257279396057
d2p1-train-md3040-C-00041,train,md3040,C,284,285,-0.398847371339798,-162.29613876342773,0.3189796805381775,0.05975308640945051,15.296790120819331,0.4752258996751356,0.9412726163864136,0.7604073882102966,0.8591114282608032,0.8097594082355499,0.6558116674423218,0.8691556453704834
d2p1-train-md3040-C-00042,train,md3040,C,290,291,-0.32547786831855774,-141.74249267578125,0.22456425428390503,0.059735939545071275,15.292400523538246,0.54620815560656,0.9366797208786011,0.757851243019104,0.8547645807266235,0.8063079118728638,0.6528769135475159,0.8845040202140808
d2p1-train-md3040-C-00043,train,md3040,C,296,297,-0.3324246108531952,-151.27967834472656,0.28511863946914673,0.06350788519515412,16.258018609959453,0.4871407135853595,0.9326518774032593,0.7240215539932251,0.8457028865814209,0.784862220287323,0.6250953674316406,0.8526703119277954
d2p1-train-md3040-C-00044,train,md3040,C,303,304,-0.19999825954437256,-91.68594360351562,0.2254951000213623,0.04341059407390339,11.113112082919267,0.4712687340323546,0.925082802772522,0.7772212028503418,0.8411384224891663,0.809179812669754,0.6624970436096191,0.9023200273513794
d2p1-train-md3040-C-00045,train,md3040,C,309,310,-0.5889247357845306,-161.27163696289062,0.2380879521369934,0.45604017705928684,116.74628532717743,0.6076074654345541,0.9554380178451538,0.7907751202583313,0.8347868919372559,0.8127810060977936,0.6739565134048462,0.8960517644882202
d2p1-train-md3040-C-00046,train,md3040,C,316,317,-0.13644194602966309,-47.1485595703125,0.06450599431991577,0.2747028598616618,70.32393212458543,0.30850252490110563,0.9197536706924438,0.8381034731864929,0.8199462294578552,0.8290248513221741,0.6272119283676147,0.8937531113624573
d2p1-train-md3040-C-00047,train,md3040,C,322,323,-0.33794882893562317,-109.14517974853516,0.14086109399795532,0.2925899557055419,74.90302866061873,0.324845363538441,0.9416649341583252,0.8050867915153503,0.7977933883666992,0.8014400899410248,0.6465222835540771,0.9154868125915527
d2p1-train-md3040-C-00048,train,md3040,C,329,330,-0.5290317833423615,-130.95450592041016,0.23952525854110718,0.2432418812919025,62.26992161072704,0.3990754775132618,0.9557256102561951,0.7912874817848206,0.8371882438659668,0.8142378628253937,0.6824222803115845,0.8798936009407043
d2p1-train-md3040-C-00049,train,md3040,C,335,336,-0.5507222414016724,-169.22891998291016,0.3142814040184021,0.07180464974603284,18.38199033498441,0.9385245070439452,0.9540185928344727,0.7418895363807678,0.8389328718185425,0.7904112040996552,0.6535207033157349,0.8326891660690308
d2p1-train-md3040-C-00050,train,md3040,C,342,343,-0.0783429741859436,-44.24652862548828,0.15127980709075928,0.06630914898804247,16.97514214093887,0.44682913934429347,0.9366421699523926,0.8099503517150879,0.8343899250030518,0.8221701383590698,0.6848615407943726,0.9084916114807129
d2p1-train-md3040-C-00051,train,md3040,C,348,349,-0.3512963056564331,-149.6702423095703,0.24118125438690186,0.08585310147703644,21.97839397812133,0.21491253127166848,0.9514591693878174,0.8043326139450073,0.8648324012756348,0.834582507610321,0.672822892665863,0.8724822998046875
d2p1-train-md3040-C-00052,train,md3040,C,354,355,-0.4009864032268524,-145.3618278503418,0.21677517890930176,0.09875337238909251,25.280863331607684,0.3098203056784531,0.9494384527206421,0.7717976570129395,0.8587687015533447,0.8152831792831421,0.6554516553878784,0.8336969017982483
d2p1-train-md3040-C-00053,train,md3040,C,361,362,-0.5088141113519669,-173.81065368652344,0.24226343631744385,0.0909217955249115,23.275979654377345,0.6204428412925658,0.9535654783248901,0.7281018495559692,0.8494221568107605,0.7887620031833649,0.6541637182235718,0.8513700366020203
d2p1-train-md3040-C-00054,train,md3040,C,367,368,-0.35192909836769104,-139.98150634765625,0.24375122785568237,0.05031614383780355,12.880932822477709,0.8634420716557468,0.9474185705184937,0.758467435836792,0.8613873720169067,0.8099274039268494,0.657444417476654,0.816982090473175
d2p1-train-md3040-C-00055,train,md3040,C,374,375,-0.34266602993011475,-160.70687866210938,0.23062723875045776,0.09719901839379048,24.882948708810364,0.48207812712484555,0.9385051131248474,0.7294719219207764,0.8072594404220581,0.7683656811714172,0.6515065431594849,0.8382651209831238
d2p1-train-md3040-C-00056,train,md3040,C,380,381,-0.48127615451812744,-168.03681564331055,0.30628716945648193,0.3229070346477259,82.66420086981783,0.39482273142950836,0.9628403186798096,0.6556211113929749,0.8328877687454224,0.7442544400691986,0.6187006831169128,0.7768954038619995
d2p1-train-md3040-C-00057,train,md3040,C,387,388,-0.38495582342147827,-136.9978904724121,0.28564661741256714,0.06643867233333643,17.008300117334127,0.45483025592933995,0.9526450634002686,0.6989376544952393,0.8895758986473083,0.7942567765712738,0.6252609491348267,0.8159351944923401
d2p1-train-md3040-C-00058,train,md3040,C,393,394,-0.3739841878414154,-141.56444549560547,0.29824769496917725,0.1110474109915297,28.428137213831604,0.5899039711075396,0.948547899723053,0.7435059547424316,0.9019114375114441,0.8227086961269379,0.6643997430801392,0.8553964495658875
d2p1-train-md3040-C-00059,train,md3040,C,399,400,-0.4119391292333603,-138.2878704071045,0.3185572028160095,0.10406393477053837,26.64036730125782,0.6950711621988119,0.9469915628433228,0.7672304511070251,0.8550604581832886,0.8111454546451569,0.6711556911468506,0.8578920960426331
d2p1-train-md3040-C-00060,train,md3040,C,406,407,-0.4994732737541199,-170.360107421875,0.3091347813606262,0.09275652428517595,23.745670217005042,0.38107534370209584,0.9572827219963074,0.7788795232772827,0.8470917344093323,0.8129856288433075,0.6764752864837646,0.8817229270935059
d2p1-train-md3040-C-00061,train,md3040,C,412,413,-0.4743596613407135,-156.02528381347656,0.31840193271636963,0.09214665577888023,23.58954387939334,0.4940528151862109,0.9573032259941101,0.7533884644508362,0.8656436800956726,0.8095160722732544,0.6545282602310181,0.8656375408172607
d2p1-train-md3040-C-00062,train,md3040,C,419,420,-0.3910929262638092,-152.62137603759766,0.291665256023407,0.1049671536729828,26.871591340283597,0.7818146365317391,0.95917809009552,0.7299646735191345,0.8173642158508301,0.7736644446849823,0.6428896188735962,0.850143313407898
d2p1-train-md3040-C-00063,train,md3040,C,425,426,-0.4595964252948761,-176.44084930419922,0.29387009143829346,0.09621635645435728,24.631387252315463,0.4246423332034492,0.9509574174880981,0.7088346481323242,0.8738867044448853,0.7913606762886047,0.6479282379150391,0.8435938358306885
d2p1-train-md3040-C-00064,train,md3040,C,432,433,-0.43122220039367676,-176.64926528930664,0.2545233964920044,0.09520248259068591,24.371835543215592,0.4659487238885704,0.950286328792572,0.7220126390457153,0.871100664138794,0.7965566515922546,0.6405560970306396,0.8616783022880554
d2p1-train-md3040-C-00065,train,md3040,C,438,439,-0.5016496181488037,-171.51488494873047,0.273987352848053,0.09729402451820605,24.90727027666075,0.43591925541016363,0.963640570640564,0.7555183172225952,0.8359965085983276,0.7957574129104614,0.6596441268920898,0.8822423219680786
d2p1-train-md3040-C-00066,train,md3040,C,445,446,-0.6268846541643143,-190.05908393859863,0.310150682926178,0.29761730006579895,76.19002881684453,0.4481643368697645,0.9666553139686584,0.8073768615722656,0.8825012445449829,0.8449390530586243,0.7477842569351196,0.9173885583877563
d2p1-train-md3040-C-00067,train,md3040,C,451,452,-0.646391972899437,-189.24169921875,0.3411526083946228,0.2960278666774917,75.78313386943788,0.39308435692479315,0.9624093770980835,0.7879418134689331,0.8444865942001343,0.8162142038345337,0.6933344602584839,0.8790523409843445
d2p1-train-md3040-C-00068,train,md3040,C,457,458,-0.6782755181193352,-197.6513900756836,0.34735119342803955,0.10278734760645832,26.31356098725333,0.2612533088274191,0.9480457305908203,0.7702537775039673,0.8787844181060791,0.8245190978050232,0.6865993738174438,0.8426176905632019
d2p1-train-md3040-C-00069,train,md3040,C,464,465,-0.31566688418388367,-126.75244903564453,0.2063453197479248,0.03592863264831076,9.197729957967555,0.5535525719332091,0.9462825059890747,0.7752343416213989,0.8315577507019043,0.8033960461616516,0.667843759059906,0.8588783740997314
d2p1-train-md3040-C-00070,train,md3040,C,470,471,-0.4277659058570862,-166.3191680908203,0.20827019214630127,0.09618802696150171,24.624134902144437,0.4593993556154283,0.9464605450630188,0.7380989193916321,0.8182690143585205,0.7781839668750763,0.6622698307037354,0.8696293234825134
d2p1-train-md3040-C-00071,train,md3040,C,477,478,-0.6626693084836006,-187.31601333618164,0.31092435121536255,0.06795378382418787,17.396168658992096,0.6173650616734697,0.9578845500946045,0.7180871963500977,0.8635543584823608,0.7908207774162292,0.6494553089141846,0.8127251863479614
d2p1-train-md3040-C-00072,train,md3040,C,483,484,-0.5329603552818298,-140.0625114440918,0.24649757146835327,0.09354810027191948,23.948313669611387,0.43327987693684306,0.9514598846435547,0.8013623952865601,0.8264546990394592,0.8139085471630096,0.6553095579147339,0.872310221195221
d2p1-train-md3040-C-00073,train,md3040,C,490,491,-0.31622764468193054,-127.42894744873047,0.2481517195701599,0.16500957076537048,42.242450115934844,0.536240558775162,0.9552591443061829,0.7725922465324402,0.8351321220397949,0.8038621842861176,0.6656273007392883,0.8809045553207397
d2p1-train-md3040-C-00074,train,md3040,C,496,497,-0.17724311351776123,-72.72605895996094,0.17643743753433228,0.24728357116217975,63.304594217518016,0.676175528408826,0.9477928876876831,0.831188440322876,0.8379364013671875,0.8345624208450317,0.6792086362838745,0.911571204662323
d2p1-train-md3040-C-00075,train,md3040,C,502,503,-0.42865538597106934,-138.7815399169922,0.26043927669525146,0.11506635305445453,29.45698638194036,0.5378751063558478,0.9511666297912598,0.7881883978843689,0.8105083107948303,0.7993483543395996,0.6538553237915039,0.8724917769432068
d2p1-train-md3040-C-00076,train,md3040,C,509,510,-0.5878278911113739,-179.1870632171631,0.30834197998046875,0.11894424594326829,30.44972696147668,0.5077233927158425,0.9587596654891968,0.7034288048744202,0.8377565145492554,0.7705926597118378,0.639101505279541,0.8148999810218811
d2p1-train-md3040-C-00077,train,md3040,C,515,516,-0.5181446522474289,-177.40524864196777,0.27968066930770874,0.14558282512144877,37.269203231090884,0.1373554870370986,0.945326566696167,0.6558836698532104,0.8004369735717773,0.7281603217124939,0.5963165760040283,0.7623028755187988
d2p1-train-md3040-C-00078,train,md3040,C,632,633,-0.5502341985702515,-180.7284927368164,0.4048460125923157,0.3409805140537167,87.29101159775148,0.6914493269900335,0.9754520058631897,0.620684802532196,0.9107110500335693,0.7656979262828827,0.5845127105712891,0.7399877905845642
d2p1-train-md3040-C-00079,train,md3040,C,638,639,-0.6479189842939377,-204.22486114501953,0.43850192427635193,0.3060461729997322,78.34782028793144,0.5346635872802344,0.972788393497467,0.6349961757659912,0.8923822045326233,0.7636891901493073,0.6143937110900879,0.7500388026237488
d2p1-train-md3040-C-00080,train,md3040,C,645,646,-0.48009294271469116,-185.81207656860352,0.4104531705379486,0.05070806694534957,12.98126513800949,0.2937961161345384,0.9649825692176819,0.709568977355957,0.8420276045799255,0.7757982909679413,0.6238548755645752,0.8072881698608398
d2p1-train-md3040-C-00081,train,md3040,C,651,652,-0.3883140981197357,-163.1506576538086,0.38285958766937256,0.35727207881772627,91.46165217733792,0.5701803530787968,0.9658386707305908,0.6973788738250732,0.8357573747634888,0.766568124294281,0.6435456275939941,0.8191324472427368
d2p1-train-md3040-C-00082,train,md3040,C,658,659,-0.5847184211015701,-176.5882225036621,0.4105668067932129,0.219387262876949,56.16313929649895,0.6041442306578572,0.9625024199485779,0.6816725730895996,0.850341796875,0.7660071849822998,0.6253015995025635,0.7915241122245789
d2p1-train-md3040-C-00083,train,md3040,C,664,665,-0.576627179980278,-164.54567337036133,0.38214415311813354,0.16304474898595475,41.739455740404416,0.46694034852137617,0.9477039575576782,0.7646851539611816,0.8058607578277588,0.7852729558944702,0.6335550546646118,0.8878964185714722
d2p1-train-md3040-C-00084,train,md3040,C,670,671,-0.6294674575328827,-198.86383056640625,0.3873070776462555,0.053315184747824665,13.648687295443114,0.5221150784542026,0.9546133875846863,0.6317636966705322,0.8383901119232178,0.735076904296875,0.5628206729888916,0.7753582000732422
d2p1-train-md3040-C-00085,train,md3040,C,677,678,-0.6368191540241241,-193.2659912109375,0.3852475881576538,0.07400505397186208,18.945293816796692,0.5371703146870944,0.9488434195518494,0.6728023886680603,0.8101493716239929,0.7414758801460266,0.606682538986206,0.802479088306427
d2p1-train-md3040-C-00086,train,md3040,C,683,684,-0.22665882110595703,-76.22856140136719,0.06859958171844482,0.45779865936488195,117.19645679740978,0.22839198983397221,0.9459823369979858,0.8077797293663025,0.8086956739425659,0.8082377016544342,0.5778884291648865,0.9189987778663635
d2p1-train-md3040-C-00087,train,md3040,C,690,691,-0.008523166179656982,9.576568603515625,0.06344789266586304,0.31332334923153476,80.2107774032729,0.37452725643080065,0.9404095411300659,0.8210567831993103,0.8410564661026001,0.8310566246509552,0.5967803001403809,0.9302810430526733
d2p1-train-md3040-C-00088,train,md3040,C,696,697,-0.33359241485595703,-96.28009033203125,0.25559961795806885,0.23026976037751803,58.94905865664462,0.38708177993640946,0.9355474710464478,0.7836798429489136,0.7741197347640991,0.7788997888565063,0.5853922367095947,0.9176595211029053
d2p1-train-md3040-C-00089,train,md3040,C,703,704,-0.538564920425415,-119.08663177490234,0.2955024540424347,0.2940960054451301,75.2885773939533,0.46407497889288307,0.9445978403091431,0.8190420866012573,0.8216203451156616,0.8203312158584595,0.6195626258850098,0.9210378527641296
d2p1-train-md3040-C-00090,train,md3040,C,709,710,-0.29964858293533325,-106.87492370605469,0.13200190663337708,0.40626798791273333,104.00460490565973,0.3902443038329664,0.9248600006103516,0.8075865507125854,0.8156291246414185,0.811607837677002,0.5940045118331909,0.93707275390625
d2p1-train-md3040-C-00091,train,md3040,C,715,716,-0.6101512908935547,-177.07432174682617,0.3450378477573395,0.09901541044757195,25.34794507457842,0.5918123573996227,0.9167354106903076,0.6987995505332947,0.7714682817459106,0.7351339161396027,0.6033154726028442,0.852992832660675
d2p1-train-md3040-C-00092,train,md3040,C,722,723,-0.2760998010635376,-149.58689880371094,0.39593127369880676,0.06262042895619875,16.03082981278688,0.4475703706292304,0.9554167985916138,0.6433221697807312,0.7487547397613525,0.6960384547710419,0.5774370431900024,0.7814493775367737
d2p1-train-md3040-C-00093,train,md3040,C,728,729,-0.3718874454498291,-135.37354278564453,0.3268563747406006,0.08318457960388932,21.295252378595666,0.6672929790175459,0.9383946061134338,0.694474458694458,0.8143115043640137,0.7543929815292358,0.6320385336875916,0.8357068300247192
d2p1-train-md3040-C-00094,train,md3040,C,735,736,-0.48411625623703003,-190.79224395751953,0.3173777759075165,0.07897401878454444,20.217348808843376,0.8020281624402055,0.9250049591064453,0.6634645462036133,0.7554851770401001,0.7094748616218567,0.5743610262870789,0.8123184442520142
d2p1-train-md3040-C-00095,train,md3040,C,741,742,-0.2967962622642517,-134.3392562866211,0.28742432594299316,0.07037728007504405,18.016583699211278,0.6324348773437112,0.9255330562591553,0.7543554306030273,0.7965301871299744,0.7754428088665009,0.615816593170166,0.8762778043746948
d2p1-train-md3040-C-00096,train,md3040,C,748,749,-0.5120123028755188,-204.6778450012207,0.39482805132865906,0.052003039522029476,13.312778117639546,0.5737146190614838,0.9303387403488159,0.7099053859710693,0.7726807594299316,0.7412930727005005,0.6033194661140442,0.8509727716445923
d2p1-train-md3040-C-00097,train,md3040,C,754,755,-0.44476863741874695,-196.0707664489746,0.33253395557403564,0.06258492596990953,16.02174104829684,0.48167404575980743,0.930575430393219,0.7070084810256958,0.8119953870773315,0.7595019340515137,0.5754515528678894,0.8109063506126404
d2p1-train-md3040-C-00098,train,md3040,C,760,761,-0.5470109581947327,-175.49161529541016,0.4005459249019623,0.056674802575548876,14.508749459340512,0.611378399676998,0.9432971477508545,0.6951672434806824,0.8222552537918091,0.7587112486362457,0.6343100070953369,0.8095046281814575
d2p1-train-md3040-C-00099,train,md3040,C,767,768,-0.48960304260253906,-191.48730087280273,0.29920268058776855,0.08484957561852412,21.721491358342174,0.6989435444779186,0.9119420647621155,0.7074994444847107,0.7507860064506531,0.7291427254676819,0.59071946144104,0.8582959771156311
d2p1-train-md3040-C-00100,train,md3040,C,773,774,-0.4675685465335846,-190.93820571899414,0.322103887796402,0.09045391640393015,23.156202599406118,0.7102493079679336,0.9293771982192993,0.6804226636886597,0.7792215943336487,0.7298221290111542,0.5950350761413574,0.8085156083106995
d2p1-train-md3040-C-00101,train,md3040,C,780,781,-0.4651036858558655,-193.97552871704102,0.426279217004776,0.0712432335834336,18.238267797359,0.28302397144805647,0.9248100519180298,0.7241820096969604,0.8583744764328003,0.7912782430648804,0.6574447154998779,0.8500509858131409
d2p1-train-md3040-C-00102,train,md3040,C,786,787,-0.4556334614753723,-181.14289093017578,0.40778490900993347,0.11280952387283127,28.879238111444806,0.5666350255778123,0.9153355360031128,0.6671947240829468,0.8015598058700562,0.7343772649765015,0.5959686636924744,0.8161249756813049
d2p1-train-md3040-C-00103,train,md3040,C,807,808,-0.412722647190094,-148.39788055419922,0.38443830609321594,0.1154052451459007,29.54374275735058,0.5275027282831957,0.9174270629882812,0.7239996194839478,0.856226921081543,0.7901132702827454,0.6669819355010986,0.8530356884002686
d2p1-train-md3040-C-00104,train,md3040,C,813,814,-0.32983171939849854,-141.18226623535156,0.3711196184158325,0.09518852736813067,24.368263006241452,0.7096819719191585,0.9180880784988403,0.6999752521514893,0.8185827136039734,0.7592789828777313,0.6323705911636353,0.8362076878547668
d2p1-train-md3040-C-00105,train,md3040,C,820,821,-0.28061407804489136,-124.00875854492188,0.37655386328697205,0.10915062501545696,27.94256000395698,0.6623130844641396,0.9106273651123047,0.7193431854248047,0.8116416931152344,0.7654924392700195,0.6333038806915283,0.8378059267997742
d2p1-train-md3040-C-00106,train,md3040,C,826,827,-0.26400047540664673,-108.054931640625,0.38184040784835815,0.11118366869216659,28.463019185194646,0.6323333636836208,0.903866708278656,0.735588550567627,0.7935073971748352,0.7645479738712311,0.6104898452758789,0.8403439521789551
d2p1-train-md3040-C-00107,train,md3040,C,832,833,-0.4099544584751129,-136.4043426513672,0.3994479477405548,0.11706460607641711,29.96853915556278,0.42984220898037767,0.9215831756591797,0.7018204927444458,0.8487643599510193,0.7752924263477325,0.6398242712020874,0.835374116897583
d2p1-train-md3040-C-00108,train,md3040,C,839,840,-0.30507487058639526,-141.21934509277344,0.2478819191455841,0.11454410787169719,29.32329161515448,0.49251804401973887,0.9267438650131226,0.7262183427810669,0.7726130485534668,0.7494156956672668,0.6290137767791748,0.8613775968551636
d2p1-train-md3040-C-00109,train,md3040,C,845,846,-0.4651419222354889,-189.17332458496094,0.3842518627643585,0.08897625296577587,22.777920759238622,0.5573323162874845,0.9241654872894287,0.6763862371444702,0.7772555351257324,0.7268208861351013,0.5750552415847778,0.7835323810577393
d2p1-train-md3050-A-00000,train,md3050,A,136,218,-0.6847088485956192,-223.5722198486328,0.5405131578445435,0.06328238938544563,16.20029168267408,0.520281794289761,0.9412328004837036,0.6714156270027161,0.8855496644973755,0.7784826457500458,0.6470577120780945,0.8378424048423767
d2p1-train-md3050-A-00001,train,md3050,A,218,219,-0.4377734661102295,-149.17088317871094,0.6379589438438416,0.028568192604291255,7.313457306698561,0.2633253725253107,0.940683126449585,0.702335000038147,0.8941817283630371,0.798258364200592,0.6794043779373169,0.8553151488304138
d2p1-train-md3050-A-00002,train,md3050,A,219,220,-0.4264867901802063,-141.44257354736328,0.6266612485051155,0.02698351314350168,6.90777936473643,0.3841103581165148,0.9353135228157043,0.7059800028800964,0.9126620292663574,0.8093210160732269,0.6884384751319885,0.8561452031135559
d2p1-train-md3050-A-00003,train,md3050,A,220,221,-0.33096450567245483,-125.10592651367188,0.6273621320724487,0.032668670026797866,8.363179526860254,0.44972445540565636,0.931622326374054,0.7071922421455383,0.9005991220474243,0.8038956820964813,0.6854192018508911,0.8476802706718445
d2p1-train-md3050-A-00004,train,md3050,A,221,222,-0.40136194229125977,-140.74576568603516,0.6445630043745041,0.025211798715086896,6.4542204710622455,0.47544476623882104,0.9322059154510498,0.6979892253875732,0.9053504467010498,0.8016698360443115,0.6804183721542358,0.8495482206344604
d2p1-train-md3050-A-00005,train,md3050,A,222,223,-0.38021665811538696,-115.86636352539062,0.64346943795681,0.02642703307227087,6.7653204665013424,0.30793276263879327,0.9385465383529663,0.6876692771911621,0.9045531749725342,0.7961112260818481,0.6681246757507324,0.8424585461616516
d2p1-train-md3050-A-00006,train,md3050,A,223,224,-0.4590858817100525,-125.78327941894531,0.6438285261392593,0.0413424628222958,10.583670482507724,0.35433215296989673,0.93423992395401,0.6852606534957886,0.9183549880981445,0.8018078207969666,0.659633457660675,0.8399634957313538
d2p1-train-md3050-A-00007,train,md3050,A,224,225,-0.4094321131706238,-117.60379028320312,0.6349047273397446,0.03409309936975361,8.727833438656925,0.3312200967468001,0.932556688785553,0.7020502090454102,0.8871230483055115,0.7945866286754608,0.674883246421814,0.8446928262710571
d2p1-train-md3050-A-00008,train,md3050,A,225,226,-0.5692395269870758,-155.40694427490234,0.6222592517733574,0.04493018180001401,11.502126540803587,0.4479239255233567,0.934769332408905,0.7021402716636658,0.8960399627685547,0.7990901172161102,0.6797980070114136,0.8431506156921387
d2p1-train-md3050-A-00009,train,md3050,A,226,227,-0.5755473673343658,-163.50897216796875,0.6281383782625198,0.04892767064246331,12.525483684470608,0.4722439627778321,0.9390870332717896,0.7122173309326172,0.9112783670425415,0.8117478489875793,0.6720336079597473,0.8445758819580078
d2p1-train-md3050-A-00010,train,md3050,A,227,228,-0.558631032705307,-169.11060333251953,0.6208954080939293,0.03526362782883609,9.027488724182039,0.38132976983239336,0.9395554661750793,0.7164922952651978,0.9296196699142456,0.8230559825897217,0.6973375082015991,0.8523815870285034
d2p1-train-md3050-A-00011,train,md3050,A,228,229,-0.6911564767360687,-201.6554946899414,0.628827877342701,0.02571876914895422,6.58400490213228,0.2581829808543081,0.9400239586830139,0.721985399723053,0.9298529624938965,0.8259191811084747,0.6841931939125061,0.8506579995155334
d2p1-train-md3050-A-00012,train,md3050,A,229,230,-0.6602224707603455,-197.6728286743164,0.6168940737843513,0.029538729433228283,7.56191473490644,0.28011999611730615,0.9416894912719727,0.7067198157310486,0.9207027554512024,0.8137112855911255,0.6836817860603333,0.8450866937637329
d2p1-train-md3050-A-00013,train,md3050,A,230,231,-0.7594784647226334,-223.26603317260742,0.6291593760251999,0.039039857389592605,9.994203491735707,0.3571368604192902,0.936231255531311,0.7241355776786804,0.8960895538330078,0.8101125657558441,0.692533016204834,0.8590178489685059
d2p1-train-md3050-A-00014,train,md3050,A,231,232,-0.7033255398273468,-224.379638671875,0.6157499924302101,0.35935019050863914,91.99364877021162,0.05062728785947237,0.9277170896530151,0.7310469150543213,0.8752261996269226,0.803136557340622,0.6891617774963379,0.8437345623970032
d2p1-train-md3050-A-00015,train,md3050,A,232,233,-0.6590151786804199,-180.00623321533203,0.6062845587730408,0.028820063382526122,7.377936225926687,0.3188651312767095,0.9319776296615601,0.7077305316925049,0.8750020265579224,0.7913662791252136,0.6671543121337891,0.841931939125061
d2p1-train-md3050-A-00016,train,md3050,A,233,234,-0.7487592101097107,-217.03339385986328,0.6273615285754204,0.03526016937649127,9.026603360381765,0.3395710755785396,0.93497633934021,0.7426272630691528,0.8919517993927002,0.8172895312309265,0.6900601983070374,0.8695016503334045
d2p1-train-md3050-A-00017,train,md3050,A,234,235,-0.6718088090419769,-194.1965103149414,0.6267879232764244,0.21332012007661494,54.609950739613424,0.3442952631868696,0.9414060711860657,0.7049551606178284,0.9014959335327148,0.8032255470752716,0.667042076587677,0.856026828289032
d2p1-train-md3050-A-00018,train,md3050,A,235,236,-0.6438270509243011,-191.69298553466797,0.64937424659729,0.03198789229679112,8.188900427978528,0.35936362777853287,0.938528299331665,0.7048750519752502,0.9097822904586792,0.8073286712169647,0.6696323156356812,0.8478525876998901
d2p1-train-md3050-A-00019,train,md3050,A,236,237,-0.7313164174556732,-220.45167541503906,0.6516934484243393,0.031659257708780995,8.104769973447935,0.45837936849577643,0.9377335906028748,0.7187694311141968,0.9114700555801392,0.815119743347168,0.6837856769561768,0.8534733057022095
d2p1-train-md3050-A-00020,train,md3050,A,237,238,-0.573820173740387,-204.76826858520508,0.5984298586845398,0.035789915381210936,9.16221833759,0.42533914095334213,0.9219861030578613,0.7170712351799011,0.8908936381340027,0.8039824366569519,0.6833765506744385,0.8346303105354309
d2p1-train-md3050-A-00021,train,md3050,A,238,239,-0.6695704460144043,-213.01580810546875,0.605066791176796,0.45490849174571096,116.456573886902,0.1353358196320792,0.9414297938346863,0.713039219379425,0.8938899040222168,0.8034645617008209,0.6754997372627258,0.8346366286277771
d2p1-train-md3050-A-00022,train,md3050,A,239,240,-0.4958682954311371,-195.94642639160156,0.6367789208889008,0.08039109755566776,20.580120974250946,0.5349163018592038,0.9261772632598877,0.697163462638855,0.874210000038147,0.785686731338501,0.6754800081253052,0.8295772671699524
d2p1-train-md3050-A-00023,train,md3050,A,240,241,-0.5604331791400909,-209.42964553833008,0.586804635822773,0.03355509902162227,8.590105349535301,0.42087552321935884,0.9289039373397827,0.7185072302818298,0.892344057559967,0.8054256439208984,0.6966572999954224,0.842786967754364
d2p1-train-md3050-A-00024,train,md3050,A,241,242,-0.5232352018356323,-202.35633850097656,0.5555906817317009,0.5011582180528453,128.2965038215284,0.35694392748047465,0.9220874905586243,0.7052428126335144,0.8710058927536011,0.7881243526935577,0.6801176071166992,0.8395564556121826
d2p1-train-md3050-A-00025,train,md3050,A,242,243,-0.549515575170517,-201.48311614990234,0.6100319251418114,0.4599306485580528,117.74224603086152,0.2409981796763052,0.9238058924674988,0.7061874866485596,0.8814330101013184,0.793810248374939,0.6682916283607483,0.8485628366470337
d2p1-train-md3050-A-00026,train,md3050,A,243,308,-0.7253046184778214,-215.56507110595703,0.6025940179824829,0.234437487316783,60.015996753096445,0.2230442189606689,0.9334968328475952,0.7154447436332703,0.8669623136520386,0.7912035286426544,0.6632997989654541,0.8428742289543152
d2p1-train-md3050-A-00027,train,md3050,A,308,309,-0.5351999700069427,-153.49237823486328,0.653612032532692,0.031560777407492344,8.07955901631804,0.394976321719379,0.9390835762023926,0.742660403251648,0.8803516626358032,0.8115060329437256,0.6885295510292053,0.8556053638458252
d2p1-train-md3050-A-00028,train,md3050,A,309,310,-0.49633923172950745,-177.47933197021484,0.5717599391937256,0.02778321216050216,7.1125023130885525,0.3345974276998884,0.9386166334152222,0.725583553314209,0.9303691387176514,0.8279763460159302,0.706932783126831,0.8295495510101318
d2p1-train-md3050-A-00029,train,md3050,A,310,311,-0.5529221892356873,-181.68451690673828,0.6511493921279907,0.03061137974511199,7.83651321474867,0.28565288050227533,0.9385148286819458,0.6997823715209961,0.9250038266181946,0.8123930990695953,0.6850063800811768,0.8169109225273132
d2p1-train-md3050-A-00030,train,md3050,A,311,312,-0.6348733305931091,-168.76527404785156,0.6918440908193588,0.04442959501104407,11.373976322827282,0.3255683480310498,0.9442527294158936,0.7378214597702026,0.9239794015884399,0.8309004306793213,0.7160763740539551,0.8658279776573181
d2p1-train-md3050-A-00031,train,md3050,A,312,313,-0.6323238015174866,-158.89561462402344,0.6914845332503319,0.036050363915016335,9.228893162244182,0.3327679768488793,0.9337059855461121,0.7434109449386597,0.9206012487411499,0.8320060968399048,0.7042186260223389,0.8622576594352722
d2p1-train-md3050-A-00032,train,md3050,A,313,314,-0.5872030854225159,-133.35540008544922,0.6896323338150978,0.03537357102478654,9.055634182345354,0.34375164228304017,0.9376872777938843,0.7077885866165161,0.9288504123687744,0.8183194994926453,0.6931073665618896,0.8217165470123291
d2p1-train-md3050-A-00033,train,md3050,A,314,315,-0.5934841930866241,-136.4576644897461,0.6928373202681541,0.031268861131300264,8.004828449612868,0.29026683629388494,0.9408061504364014,0.7116742134094238,0.9340775012969971,0.8228758573532104,0.6968294382095337,0.8305740356445312
d2p1-train-md3050-A-00034,train,md3050,A,315,316,-0.648805558681488,-117.71290588378906,0.6976757794618607,0.03598931829463608,9.213265483426836,0.2855312019782354,0.9493547677993774,0.71462082862854,0.9385113716125488,0.8265661001205444,0.699461817741394,0.8274853229522705
d2p1-train-md3050-A-00035,train,md3050,A,316,367,-0.43891093134880066,-176.71836853027344,0.5470083355903625,0.36023580754725,92.220366732096,0.2972865783545143,0.9518930912017822,0.7483534812927246,0.877942681312561,0.8131480813026428,0.7022922039031982,0.8680837154388428
d2p1-train-md3050-A-00036,train,md3050,A,736,737,-0.6326568722724915,-188.10247039794922,0.5856614857912064,0.29829100531549546,76.36249736076684,0.7737695393941668,0.9115909934043884,0.7652218341827393,0.7822788953781128,0.773750364780426,0.6530999541282654,0.8814114928245544
d2p1-train-md3050-A-00037,train,md3050,A,737,738,-0.7277912646532059,-224.2082405090332,0.5879034698009491,0.30645073198143696,78.45138738724786,0.677821986583097,0.9218480587005615,0.8065401315689087,0.8332234621047974,0.819881796836853,0.7058025598526001,0.8936139345169067
d2p1-train-md3050-A-00038,train,md3050,A,738,739,-0.6700655519962311,-208.4060935974121,0.5626080334186554,0.3160975749976202,80.92097919939077,0.616669195999328,0.9235249161720276,0.7767233848571777,0.8296221494674683,0.803172767162323,0.6959840059280396,0.8855844736099243
d2p1-train-md3050-A-00039,train,md3050,A,739,740,-0.5709677040576935,-179.31898498535156,0.5778474062681198,0.3103741028006167,79.45577031695788,0.7215129207181321,0.9200145602226257,0.7659872770309448,0.8087558150291443,0.7873715460300446,0.6429151892662048,0.8615869283676147
d2p1-train-md3050-A-00040,train,md3050,A,740,741,-0.5754943788051605,-119.47264099121094,0.5743037611246109,0.3164480021590205,81.01068855270925,0.7059111294807228,0.8993537425994873,0.8006126284599304,0.7625027298927307,0.7815576791763306,0.6143244504928589,0.888806164264679
d2p1-train-md3050-A-00041,train,md3050,A,741,742,-0.48118847608566284,-49.87481689453125,0.5296176373958588,0.3175598507767117,81.2953217988382,0.6836283823072797,0.9231969118118286,0.8222417831420898,0.8035104870796204,0.8128761351108551,0.6616730690002441,0.9169283509254456
d2p1-train-md3050-A-00042,train,md3050,A,742,743,-0.5258674025535583,-120.10554504394531,0.5675439983606339,0.3279871660293621,83.9647145035167,0.718199352274506,0.9283388257026672,0.8321002721786499,0.9024227857589722,0.867261528968811,0.7333174347877502,0.9305021166801453
d2p1-train-md3050-A-00043,train,md3050,A,743,744,-0.6067403256893158,-128.7122344970703,0.5945637822151184,0.3271012208995746,83.7379125502911,0.6856434337606898,0.9291788935661316,0.7974700927734375,0.9100106954574585,0.853740394115448,0.7427067756652832,0.906354546546936
d2p1-train-md3050-A-00044,train,md3050,A,744,745,-0.6008932292461395,-124.46258544921875,0.5732333064079285,0.3282366636015181,84.02858588198863,0.798716854751328,0.9145667552947998,0.8417674899101257,0.839685320854187,0.8407264053821564,0.7013202905654907,0.9240890741348267
d2p1-train-md3050-A-00045,train,md3050,A,745,746,-0.4803086221218109,-92.05885314941406,0.567807987332344,0.3336113630948028,85.40450895226952,0.7645087331946787,0.9191932678222656,0.7987461090087891,0.8229681253433228,0.8108571171760559,0.6915467977523804,0.8956427574157715
d2p1-train-md3050-A-00046,train,md3050,A,746,747,-0.3741585612297058,-57.933258056640625,0.5443556010723114,0.34015430924869516,87.07950316766596,0.8181624985430995,0.9305384159088135,0.801064133644104,0.8558785915374756,0.8284713625907898,0.7128379940986633,0.878872275352478
d2p1-train-md3050-A-00047,train,md3050,A,747,748,-0.7069889307022095,-178.12713623046875,0.6037659347057343,0.3317857674430308,84.93715646541588,0.7509696509581694,0.9254292249679565,0.8040281534194946,0.8344985246658325,0.8192633390426636,0.7215983867645264,0.8995907306671143
d2p1-train-md3050-A-00048,train,md3050,A,748,749,-0.8242561221122742,-185.23442840576172,0.6803871989250183,0.33028843294717886,84.55383883447779,0.6279655995684941,0.9268558025360107,0.829958438873291,0.8385781049728394,0.8342682719230652,0.7035661935806274,0.9401829242706299
d2p1-train-md3050-A-00049,train,md3050,A,749,750,-0.8100058734416962,-149.48056030273438,0.65224489569664,0.3308513608680562,84.69794838222239,0.7550765761858093,0.9270062446594238,0.7777644395828247,0.7736561894416809,0.7757103145122528,0.6291385889053345,0.9127370715141296
d2p1-train-md3050-A-00050,train,md3050,A,750,751,-0.7667481154203415,-106.57395935058594,0.674415335059166,0.3304723504325769,84.60092171073968,0.7399857350578227,0.9038721323013306,0.8292747735977173,0.738552451133728,0.7839136123657227,0.6286537647247314,0.8877702355384827
d2p1-train-md3050-A-00051,train,md3050,A,751,752,-0.7011341452598572,-99.20558166503906,0.6836198195815086,0.3266988919734977,83.63491634521542,0.668779091661194,0.9127602577209473,0.828741729259491,0.7454243898391724,0.7870830595493317,0.6257374286651611,0.8949141502380371
d2p1-train-md3050-A-00052,train,md3050,A,752,753,-0.6941222250461578,-134.22274017333984,0.6192997545003891,0.33496901164555276,85.7520669812615,0.4521722998960074,0.90965336561203,0.839056134223938,0.8142783641815186,0.8266672492027283,0.6716829538345337,0.9107493758201599
d2p1-train-md3050-A-00053,train,md3050,A,753,754,-0.6748526990413666,-89.38983154296875,0.6154318451881409,0.3362914646251553,86.09061494403976,0.3951045291957598,0.8995327353477478,0.8350120186805725,0.7921099066734314,0.813560962677002,0.6475762128829956,0.8959362506866455
d2p1-train-md3050-A-00054,train,md3050,A,754,755,-0.6613643169403076,-130.7269744873047,0.5824098587036133,0.34577296447031175,88.51787890439981,0.1653855373993648,0.9021519422531128,0.8435672521591187,0.7324360013008118,0.7880016267299652,0.6059576272964478,0.8684632778167725
d2p1-train-md3050-A-00055,train,md3050,A,755,756,-0.8135794103145599,-166.4491195678711,0.622811034321785,0.3439422009004667,88.04920343051947,0.22112361804227668,0.921565055847168,0.8393093347549438,0.7872650623321533,0.8132871985435486,0.6033246517181396,0.9034799933433533
d2p1-train-md3050-A-00056,train,md3050,A,756,757,-0.7697359472513199,-161.4619598388672,0.5846849381923676,0.3249563945687445,83.18883700959859,0.37231051352238415,0.9166695475578308,0.8325512409210205,0.7992693781852722,0.8159103095531464,0.627519965171814,0.9051176309585571
d2p1-train-md3050-A-00057,train,md3050,A,757,758,-0.7906454652547836,-195.45220184326172,0.606310248374939,0.3458692353076412,88.54252423875614,0.23181701069717792,0.9059563279151917,0.7984272241592407,0.8185569047927856,0.8084920644760132,0.6289428472518921,0.8946138024330139
d2p1-train-md3050-A-00058,train,md3050,A,758,759,-0.775327742099762,-190.67142486572266,0.6051748842000961,0.33227359585008936,85.06204053762288,0.9674253093332521,0.897451639175415,0.7886049747467041,0.7458767890930176,0.7672408819198608,0.6020153760910034,0.8709905743598938
d2p1-train-md3050-A-00059,train,md3050,A,759,760,-0.6247308254241943,-152.5509262084961,0.5689198672771454,0.3425074459403079,87.68190616071882,0.7681179511867553,0.9015663862228394,0.774561882019043,0.7281720042228699,0.7513669431209564,0.6016350984573364,0.8617889881134033
d2p1-train-md3050-A-00060,train,md3050,A,760,761,-0.4303135871887207,-112.37075805664062,0.4774511903524399,0.33932611576927973,86.86748563693561,0.9120262032789226,0.8940719366073608,0.8034569025039673,0.6985077857971191,0.7509823441505432,0.5857104063034058,0.8568915724754333
d2p1-train-md3050-A-00061,train,md3050,A,761,762,-0.449385404586792,-120.19854736328125,0.3517693728208542,0.33858433419562134,86.67758955407906,1.0249935360135312,0.881535530090332,0.7764172554016113,0.7284595966339111,0.7524384260177612,0.5693877339363098,0.8567761182785034
d2p1-train-md3050-A-00062,train,md3050,A,762,763,-0.5002128481864929,-157.03944396972656,0.4102715700864792,0.337261848354826,86.33903317883545,0.9911770024659964,0.8801626563072205,0.8310531377792358,0.6939935684204102,0.762523353099823,0.5723978281021118,0.8405011296272278
d2p1-train-md3050-A-00063,train,md3050,A,763,764,-0.5486449301242828,-167.67101287841797,0.406605988740921,0.3397739124916948,86.98212159787387,1.008878501210079,0.8830235004425049,0.8106808066368103,0.7058435678482056,0.7582621872425079,0.5809407234191895,0.8460961580276489
d2p1-train-md3050-A-00064,train,md3050,A,764,765,-0.4578413963317871,-113.34902954101562,0.4342215359210968,0.3474735300727987,88.95322369863646,0.8754205995210051,0.8957877159118652,0.8248934745788574,0.7700053453445435,0.7974494099617004,0.5761533975601196,0.889128565788269
d2p1-train-md3050-A-00065,train,md3050,A,765,766,-0.3826073408126831,-64.32962036132812,0.38483762741088867,0.3520490823861061,90.12456509084316,0.7887391030573124,0.9119799137115479,0.7986816167831421,0.7902459502220154,0.7944637835025787,0.5939015746116638,0.9009783864021301
d2p1-train-md3050-A-00066,train,md3050,A,766,767,-0.4575573205947876,-100.78851318359375,0.3971188962459564,0.3542980297276266,90.7002956102724,0.5835454664243642,0.9138634204864502,0.8320208787918091,0.7786276936531067,0.8053242862224579,0.6320452690124512,0.9137160181999207
d2p1-train-md3050-A-00067,train,md3050,A,767,768,-0.48274004459381104,-82.91709899902344,0.49490533769130707,0.34904426961906876,89.3553330224816,0.5226461870383702,0.9247360229492188,0.8336828351020813,0.7768313884735107,0.805257111787796,0.6476969122886658,0.9230382442474365
d2p1-train-md3050-A-00068,train,md3050,A,768,769,-0.5835496187210083,-144.21047973632812,0.5057277977466583,0.3543652521262089,90.71750454430948,0.45898296855486564,0.9188624024391174,0.8375823497772217,0.7861901521682739,0.8118862509727478,0.6335441470146179,0.9175428152084351
d2p1-train-md3050-A-00069,train,md3050,A,769,770,-0.540091872215271,-149.57037353515625,0.4902118295431137,0.36072238228893255,92.34492986596673,0.330592835565989,0.9166938662528992,0.8368212580680847,0.7785507440567017,0.8076860010623932,0.6534725427627563,0.9141937494277954
d2p1-train-md3050-A-00070,train,md3050,A,770,771,-0.6262387931346893,-168.87227630615234,0.5317623317241669,0.35636322722059904,91.22898616847336,0.6265562354476845,0.9141902923583984,0.8404756188392639,0.7969256639480591,0.8187006413936615,0.6753456592559814,0.9151354432106018
d2p1-train-md3050-A-00071,train,md3050,A,771,772,-0.5105363130569458,-138.27059936523438,0.4959215223789215,0.34382765975199725,88.0198808965113,0.857962141333134,0.8866571187973022,0.8269877433776855,0.752335786819458,0.7896617650985718,0.6304295063018799,0.8688124418258667
d2p1-train-md3050-A-00072,train,md3050,A,772,773,-0.4927732050418854,-134.23876953125,0.4712540805339813,0.3379770476616968,86.52212420139438,0.9180182163596691,0.8996681571006775,0.822284460067749,0.780718207359314,0.8015013337135315,0.613423228263855,0.8970385193824768
d2p1-train-md3050-A-00073,train,md3050,A,773,774,-0.47011005878448486,-128.3738784790039,0.463485911488533,0.3321382802197026,85.02739973624386,1.0368432312940348,0.8757823705673218,0.8367995023727417,0.6836226582527161,0.7602110803127289,0.5467283725738525,0.8175749778747559
d2p1-train-md3050-A-00074,train,md3050,A,774,775,-0.6094133257865906,-169.48963165283203,0.4841122031211853,0.3331415268402467,85.28423087110316,0.92611906273121,0.8744224309921265,0.7918143272399902,0.7094389796257019,0.7506266534328461,0.5522284507751465,0.8298239707946777
d2p1-train-md3050-A-00075,train,md3050,A,775,776,-0.4302656054496765,-115.88447570800781,0.44215476512908936,0.3295647168291933,84.36856750827349,1.0177849101007674,0.9206981062889099,0.8195608854293823,0.8041720390319824,0.8118664622306824,0.6596340537071228,0.9249241352081299
d2p1-train-md3050-A-00076,train,md3050,A,776,777,-0.3934580087661743,-104.36312866210938,0.4103250801563263,0.33157491394977395,84.88317797114213,0.9987843260460626,0.8989204168319702,0.7896236181259155,0.7336453795433044,0.76163449883461,0.5912265777587891,0.872073769569397
d2p1-train-md3050-A-00077,train,md3050,A,777,778,-0.4266977310180664,-76.88941955566406,0.48171354830265045,0.33305231147474396,85.26139173753445,1.0405260301800237,0.9258915185928345,0.8072859048843384,0.8069193363189697,0.807102620601654,0.6572557687759399,0.9179689884185791
d2p1-train-md3050-A-00078,train,md3050,A,778,779,-0.5284864604473114,-92.10943603515625,0.5002900958061218,0.33254688155061385,85.13200167695715,1.069807294232095,0.9152112007141113,0.8213681578636169,0.7747044563293457,0.7980363070964813,0.6300162076950073,0.9179333448410034
d2p1-train-md3050-A-00079,train,md3050,A,779,780,-0.520734965801239,-94.86135864257812,0.48694437742233276,0.3356795516267704,85.93396521645322,1.0365504423319831,0.8841283321380615,0.8193978667259216,0.742392897605896,0.7808953821659088,0.5913684368133545,0.8773504495620728
d2p1-train-md3050-A-00080,train,md3050,A,780,781,-0.41968023777008057,-87.49626159667969,0.48812034726142883,0.3413277101108228,87.37989378837064,0.8898322786801338,0.919869601726532,0.8760663270950317,0.7908406257629395,0.8334534764289856,0.6513299942016602,0.9228315949440002
d2p1-train-md3050-A-00081,train,md3050,A,781,782,-0.4451878070831299,-134.31769561767578,0.4710646718740463,0.35367531568070515,90.54088081426052,0.7679387323823095,0.9266884922981262,0.8446440696716309,0.7787240743637085,0.8116840720176697,0.6413942575454712,0.9108361601829529
d2p1-train-md3050-A-00082,train,md3050,A,782,783,-0.4419139623641968,-90.02223205566406,0.4857513755559921,0.34740003939772796,88.93441008581836,0.8849638697107061,0.9239317774772644,0.8263647556304932,0.8191910982131958,0.8227779269218445,0.6650658845901489,0.9337165355682373
d2p1-train-md3050-A-00083,train,md3050,A,783,784,-0.36656755208969116,-55.070831298828125,0.36982809007167816,0.3481430615195231,89.12462374899792,0.9549188920263081,0.9229764938354492,0.8960537314414978,0.8017451167106628,0.8488994240760803,0.6583096981048584,0.9312987923622131
d2p1-train-md3050-A-00084,train,md3050,A,784,785,-0.4016173481941223,-62.286376953125,0.4137648791074753,0.35026476664795114,89.66778026187549,0.9090608713955038,0.9167930483818054,0.8739769458770752,0.7977631092071533,0.8358700275421143,0.6435878276824951,0.9218353629112244
d2p1-train-md3050-A-00085,train,md3050,A,785,786,-0.5984024703502655,-83.17532348632812,0.5130105912685394,0.35471032996097374,90.80584447000928,0.8658149708805722,0.8977338075637817,0.8367674350738525,0.737716794013977,0.7872421145439148,0.6080800294876099,0.8955907225608826
d2p1-train-md3050-A-00086,train,md3050,A,786,787,-0.5396526753902435,-89.829833984375,0.506980687379837,0.3580090603970744,91.65031946165105,0.7727311649194366,0.9058680534362793,0.8890509605407715,0.7401531934738159,0.8146020770072937,0.6316132545471191,0.8951089382171631
d2p1-train-md3050-A-00087,train,md3050,A,787,788,-0.7762411236763,-178.32477569580078,0.6067881658673286,0.35446325231824255,90.74259259347009,0.729641932001238,0.9107446670532227,0.8856663703918457,0.8083704113960266,0.8470183908939362,0.6823405623435974,0.9354375600814819
d2p1-train-md3050-A-00088,train,md3050,A,788,789,-0.6761804223060608,-118.24711608886719,0.5701138228178024,0.35606599887738266,91.15289571260996,0.942362555871715,0.9114142060279846,0.9016876816749573,0.7638139724731445,0.8327508270740509,0.6546300649642944,0.9214605093002319
d2p1-train-md3050-A-00089,train,md3050,A,789,790,-0.8756319060921669,-194.63101959228516,0.6301102191209793,0.37538626348907195,96.09888345320242,0.8399071506984768,0.9291547536849976,0.9026839733123779,0.882897138595581,0.8927905559539795,0.7796195149421692,0.9623113870620728
d2p1-train-md3050-A-00090,train,md3050,A,790,791,-0.8197289258241653,-140.99298858642578,0.5730958431959152,0.367063878202078,93.96835281973196,0.9233366370565644,0.9292932748794556,0.8892663717269897,0.8202968239784241,0.8547815978527069,0.6983060240745544,0.9516997933387756
d2p1-train-md3050-A-00091,train,md3050,A,791,792,-0.6484924256801605,-58.15753173828125,0.5286077260971069,0.355437372631765,90.99196739373184,1.0423371293506598,0.9144953489303589,0.8567526936531067,0.7991713881492615,0.8279620409011841,0.6362627744674683,0.9192115664482117
d2p1-train-md3050-A-00092,train,md3050,A,792,793,-0.5007397830486298,-56.39799499511719,0.40917375683784485,0.3542855543605087,90.69710191629022,1.12787202064522,0.9196228981018066,0.8773191571235657,0.8347069621086121,0.8560130596160889,0.6238435506820679,0.9269018173217773
d2p1-train-md3050-A-00093,train,md3050,A,793,794,-0.7524084895849228,-129.84812927246094,0.5635338425636292,0.36216316807371385,92.71377102687075,1.0462885137467461,0.9313737154006958,0.9028106927871704,0.780804455280304,0.8418075740337372,0.682594895362854,0.9248517751693726
d2p1-train-md3050-A-00094,train,md3050,A,794,795,-0.7360039055347443,-173.4366226196289,0.49917906522750854,0.3208715667042317,82.14312107628332,0.20937789939127158,0.9251682162284851,0.8665896654129028,0.8546723127365112,0.860630989074707,0.6241250038146973,0.9445589184761047
d2p1-train-md3050-A-00095,train,md3050,A,795,796,-0.5934469103813171,-133.46276092529297,0.4815860092639923,0.3147136165034861,80.56668582489245,0.29682025158179315,0.9282020926475525,0.8600718379020691,0.8718964457511902,0.8659841418266296,0.7842643857002258,0.9556386470794678
d2p1-train-md3050-A-00096,train,md3050,A,796,797,-0.7722372561693192,-188.2809295654297,0.5017615109682083,0.32220602036147233,82.48474121253692,0.2591102027164002,0.9263221621513367,0.9018540978431702,0.811903715133667,0.8568789064884186,0.6952829957008362,0.9378771781921387
d2p1-train-md3050-A-00097,train,md3050,A,797,798,-0.6926664710044861,-125.42739868164062,0.47551169991493225,0.35503237871685817,90.88828895151569,0.2945805817532815,0.9258944392204285,0.8800432682037354,0.808872640132904,0.8444579541683197,0.6893725395202637,0.943118691444397
d2p1-train-md3050-A-00098,train,md3050,A,798,799,-0.7045530378818512,-185.17090606689453,0.48568667471408844,0.24045864175959195,61.55741229045554,0.21408699955367333,0.9269468784332275,0.8030269145965576,0.8935176134109497,0.8482722640037537,0.6952570676803589,0.9234419465065002
d2p1-train-md3050-A-00099,train,md3050,A,799,800,-0.5894398093223572,-162.4594268798828,0.48582740128040314,0.3902946169383278,99.91542193621191,0.6134768613524146,0.9384686946868896,0.8400609493255615,0.8825806379318237,0.8613207936286926,0.7307793498039246,0.9577856659889221
d2p1-train-md3050-A-00100,train,md3050,A,800,801,-0.5101292431354523,-113.22807312011719,0.4681258350610733,0.39417517496334287,100.90884479061577,0.5799053701654825,0.9205023050308228,0.8731122016906738,0.8551740646362305,0.8641431331634521,0.6644535064697266,0.9417725801467896
d2p1-train-md3050-A-00101,train,md3050,A,801,802,-0.5942268073558807,-149.05127716064453,0.47797712683677673,0.4369550374250292,111.86048958080748,0.19380446957758668,0.918803334236145,0.8512691259384155,0.8884403705596924,0.869854748249054,0.6840825080871582,0.9417847990989685
d2p1-train-md3050-A-00102,train,md3050,A,802,803,-0.6708312928676605,-163.42063903808594,0.458384707570076,0.41248864108225464,105.59709211705719,0.6648925573280505,0.9220913052558899,0.8722274303436279,0.7845174074172974,0.8283724188804626,0.6528372168540955,0.9045828580856323
d2p1-train-md3050-A-00103,train,md3050,A,803,804,-0.6827053725719452,-173.42070770263672,0.39778977632522583,0.4466302052402169,114.33733254149553,0.40730772842133445,0.9231668710708618,0.8437067270278931,0.846895158290863,0.845300942659378,0.6891819834709167,0.9299596548080444
d2p1-train-md3050-A-00104,train,md3050,A,804,805,-0.6629980206489563,-119.49423217773438,0.44438691437244415,0.426322407241114,109.13853625372518,0.5328721746382669,0.9233488440513611,0.8462402820587158,0.8003911972045898,0.8233157396316528,0.6907140016555786,0.9171265959739685
d2p1-train-md3050-A-00105,train,md3050,A,805,806,-0.6588069796562195,-157.08990478515625,0.3983203172683716,0.4238906718751239,108.51601200003172,0.5458211860340954,0.9173233509063721,0.7984106540679932,0.7998185157775879,0.7991145849227905,0.6546951532363892,0.8953119516372681
d2p1-train-md3050-A-00106,train,md3050,A,806,807,-0.584172397851944,-16.241409301757812,0.44991569221019745,0.395007583214748,101.12194130297549,0.7604634586142327,0.8997689485549927,0.8484993577003479,0.7953966856002808,0.8219480216503143,0.672271192073822,0.8976362943649292
d2p1-train-md3050-A-00107,train,md3050,A,807,808,-0.7331316769123077,-27.50787353515625,0.4995194301009178,0.3965625276021107,101.52000706614034,0.6744256186999366,0.9085907936096191,0.8113746643066406,0.8148359060287476,0.8131052851676941,0.6741641759872437,0.8950583934783936
d2p1-train-md3050-A-00108,train,md3050,A,808,809,-0.9561101999133825,-194.75347518920898,0.7255240455269814,0.419128890062176,107.29699585591706,0.3833849410429716,0.8775922656059265,0.7872188687324524,0.7119432687759399,0.7495810687541962,0.6049336194992065,0.845441460609436
d2p1-train-md3050-A-00109,train,md3050,A,809,810,-0.9427975714206696,-175.46168518066406,0.712272621691227,0.3919811519574219,100.3471749011,0.736441585365688,0.9058983325958252,0.8233257532119751,0.7929322123527527,0.8081289827823639,0.6971359252929688,0.8976825475692749
d2p1-train-md3050-A-00110,train,md3050,A,810,811,-0.945235513150692,-149.70217895507812,0.747690312564373,0.3897730468981323,99.78190000592187,0.7936884592858302,0.8832024335861206,0.7898938655853271,0.7306510210037231,0.7602724432945251,0.6388245820999146,0.8464332818984985
d2p1-train-md3050-A-00111,train,md3050,A,811,812,-0.9613342816010118,-227.57133674621582,0.7628804817795753,0.3064726272963748,78.45699258787195,0.6712226512412632,0.9124559164047241,0.7921411991119385,0.82236647605896,0.8072538375854492,0.6811915636062622,0.8879373669624329
d2p1-train-md3050-A-00112,train,md3050,A,812,813,-0.9698734972625971,-194.42251586914062,0.781713530421257,0.46357028753495727,118.67399360894906,0.3320609236274984,0.9231705665588379,0.8822743892669678,0.8539850115776062,0.868129700422287,0.7505029439926147,0.937623143196106
d2p1-train-md3050-A-00113,train,md3050,A,813,814,-0.9626092594116926,-228.9602813720703,0.7718024104833603,0.36118202212609324,92.46259766427987,0.2049185071066672,0.9114269614219666,0.8574504852294922,0.7781966924667358,0.817823588848114,0.6594905853271484,0.917097806930542
d2p1-train-md3050-A-00114,train,md3050,A,814,815,-0.8258863538503647,-166.5531463623047,0.6061901524662971,0.45991630830155955,117.73857492519925,0.46464991983385534,0.9158958792686462,0.8627699017524719,0.7621071338653564,0.8124385178089142,0.6472007036209106,0.9050893783569336
d2p1-train-md3050-A-00115,train,md3050,A,815,816,-0.6334926784038544,-75.18418884277344,0.5721955597400665,0.46020541698846085,117.81258674904598,0.47103539777916004,0.9128002524375916,0.8540840744972229,0.7468780279159546,0.8004810512065887,0.6355472803115845,0.8992993831634521
d2p1-train-md3050-A-00116,train,md3050,A,816,817,-0.7039841115474701,-164.4049072265625,0.5787471234798431,0.46189597869585725,118.24537054613945,0.2965366329814725,0.9078749418258667,0.826035737991333,0.7819784879684448,0.8040071129798889,0.6509721279144287,0.9117138385772705
d2p1-train-md3050-A-00117,train,md3050,A,817,818,-0.6096239686012268,-173.93389129638672,0.548814095556736,0.4592201199144308,117.56035069809428,0.35036844080996277,0.9067342281341553,0.8241560459136963,0.8085623979568481,0.8163592219352722,0.6725112795829773,0.9154501557350159
d2p1-train-md3050-A-00118,train,md3050,A,818,819,-0.7779166102409363,-135.96112060546875,0.6189062595367432,0.4623274980214035,118.3558394934793,0.865604815297369,0.9093565940856934,0.850317656993866,0.8106992244720459,0.8305084407329559,0.6868094205856323,0.9112457633018494
d2p1-train-md3050-A-00119,train,md3050,A,819,820,-0.7170312702655792,-70.44682312011719,0.493713803589344,0.4584030778481919,117.35118792913713,1.0784416493213285,0.9043435454368591,0.8506515026092529,0.7658247947692871,0.80823814868927,0.6369082927703857,0.8941540718078613
d2p1-train-md3050-A-00120,train,md3050,A,820,821,-0.7146733701229095,-60.884521484375,0.5661192238330841,0.4533195669664378,116.04980914340808,0.8244923348970244,0.9097387194633484,0.8331815004348755,0.7944839000701904,0.813832700252533,0.6629166603088379,0.9062241315841675
d2p1-train-md3050-A-00121,train,md3050,A,821,822,-0.7612008899450302,-48.186767578125,0.5787146762013435,0.461127329386949,118.04859632305894,0.6763735195809164,0.9120296239852905,0.8184300661087036,0.8269568681716919,0.8226934671401978,0.6823735237121582,0.910658061504364
d2p1-train-md3050-A-00122,train,md3050,A,822,823,-0.812018871307373,-114.18583679199219,0.6333438977599144,0.45248385648652373,115.83586726055007,0.5344722992420826,0.9150645136833191,0.8494067192077637,0.8571056127548218,0.8532561659812927,0.7102497816085815,0.9299886226654053
d2p1-train-md3050-A-00123,train,md3050,A,823,824,-0.8174563944339752,-114.20399475097656,0.6493053510785103,0.44379829937060306,113.61236463887438,0.44123720272119277,0.9100569486618042,0.8365584015846252,0.852433443069458,0.8444959223270416,0.7142175436019897,0.9232567548751831
d2p1-train-md3050-A-00124,train,md3050,A,824,825,-0.8145241290330887,-167.8712387084961,0.6411487832665443,0.3834015800971829,98.15080450487882,0.46397148235872704,0.9248723983764648,0.8706179857254028,0.8377031087875366,0.8541605472564697,0.7220134139060974,0.9481640458106995
d2p1-train-md3050-A-00125,train,md3050,A,825,826,-0.7758758068084717,-170.50584411621094,0.6167369931936264,0.4263090755606049,109.13512334351485,0.3103058411561292,0.8932933807373047,0.8507689237594604,0.7768423557281494,0.8138056397438049,0.6601526737213135,0.8928316831588745
d2p1-train-md3050-A-00126,train,md3050,A,826,827,-0.578257143497467,-83.65348815917969,0.5735267400741577,0.4312026516745729,110.38787882869066,0.2183427915586204,0.9136988520622253,0.8327312469482422,0.8379526138305664,0.8353419303894043,0.6947658061981201,0.908088207244873
d2p1-train-md3050-A-00127,train,md3050,A,827,828,-0.7148982584476471,-195.8359603881836,0.6123379766941071,0.4293595788807655,109.91605219347596,0.20099770380725823,0.9134482145309448,0.86494380235672,0.8173516988754272,0.8411477506160736,0.6888592839241028,0.9252588152885437
d2p1-train-md3050-A-00128,train,md3050,A,828,829,-0.7026672959327698,-112.60758972167969,0.6499542817473412,0.42769221734693047,109.4892076408142,0.24359276579586545,0.921948254108429,0.8168543577194214,0.8519068360328674,0.8343805968761444,0.7006591558456421,0.9155874252319336
d2p1-train-md3050-B-00000,train,md3050,B,136,218,-0.5272373557090759,-222.36776733398438,0.5451578795909882,0.030824179208676535,7.890989877421193,0.3099289407498246,0.9689319729804993,0.6332260966300964,0.8578685522079468,0.7455473244190216,0.6103814840316772,0.7372972369194031
d2p1-train-md3050-B-00001,train,md3050,B,218,219,-0.5691286027431488,-208.8975715637207,0.6111957728862762,0.04481866814376617,11.47357904480414,0.2854105185199163,0.9736547470092773,0.6721220016479492,0.8664913773536682,0.7693066895008087,0.6280856132507324,0.7476494312286377
d2p1-train-md3050-B-00002,train,md3050,B,219,220,-0.6015236377716064,-220.39116287231445,0.6280705332756042,0.0622879863456735,15.945724504492416,0.2861268315079296,0.9735727906227112,0.6359856128692627,0.8463083505630493,0.741146981716156,0.6186907291412354,0.7340973019599915
d2p1-train-md3050-B-00003,train,md3050,B,220,221,-0.5798029005527496,-215.29644012451172,0.6240022480487823,0.04790749015772586,12.26431748037782,0.31562212456222466,0.9772862792015076,0.6559101343154907,0.8682301640510559,0.7620701491832733,0.5897479057312012,0.728952944278717
d2p1-train-md3050-B-00004,train,md3050,B,221,222,-0.5713881850242615,-215.14260482788086,0.6148996502161026,0.03717016683596224,9.515562710006334,0.1573990319628086,0.9720367193222046,0.6309549808502197,0.9478192329406738,0.7893871068954468,0.6083450317382812,0.7740265130996704
d2p1-train-md3050-B-00005,train,md3050,B,222,223,-0.5064409375190735,-209.6912841796875,0.6198409795761108,0.024466070307756264,6.263313998785604,0.2675679631128697,0.9738984107971191,0.6871998310089111,0.950715959072113,0.8189578950405121,0.6689052581787109,0.8207983374595642
d2p1-train-md3050-B-00006,train,md3050,B,223,224,-0.4994637072086334,-204.23771286010742,0.6186117976903915,0.02766921304942413,7.083318540652577,0.26449642813761576,0.9706220030784607,0.7089411616325378,0.9495158195495605,0.8292284905910492,0.6729797124862671,0.8337689638137817
d2p1-train-md3050-B-00007,train,md3050,B,224,225,-0.6059961318969727,-219.83043670654297,0.6380943953990936,0.04334506524433536,11.096336702549852,0.19451214144244452,0.9745241403579712,0.611656129360199,0.8483662009239197,0.7300111651420593,0.54262775182724,0.6917451024055481
d2p1-train-md3050-B-00008,train,md3050,B,225,226,-0.5193258225917816,-214.9661407470703,0.6330229490995407,0.032654363325203696,8.359517011252146,0.17639536547486065,0.9729313850402832,0.6520242094993591,0.9458404779434204,0.7989323437213898,0.5932599902153015,0.7782678008079529
d2p1-train-md3050-B-00009,train,md3050,B,226,227,-0.5287990868091583,-191.82291412353516,0.659363403916359,0.029555786552705767,7.566281357492676,0.22004353104201124,0.970262885093689,0.6285201907157898,0.8476665019989014,0.7380933463573456,0.5390628576278687,0.6929434537887573
d2p1-train-md3050-B-00010,train,md3050,B,227,228,-0.6544528305530548,-223.78247833251953,0.6626954823732376,0.05271470731890911,13.494965073640731,0.23598658173036663,0.9720202684402466,0.681969404220581,0.934208333492279,0.80808886885643,0.5941271781921387,0.7922077775001526
d2p1-train-md3050-B-00011,train,md3050,B,228,229,-0.6509422361850739,-212.8539695739746,0.6689018607139587,0.03898027921338413,9.978951478626337,0.14617769275719777,0.9696950912475586,0.6565285325050354,0.837450385093689,0.7469894587993622,0.554800271987915,0.7184619307518005
d2p1-train-md3050-B-00012,train,md3050,B,229,230,-0.5920733213424683,-201.54519653320312,0.6849466413259506,0.03492392515514745,8.940524839717748,0.1535770587743883,0.9716833233833313,0.6482746601104736,0.8624278903007507,0.7553512752056122,0.5540249943733215,0.7130432724952698
d2p1-train-md3050-B-00013,train,md3050,B,230,231,-0.6231492459774017,-211.98115921020508,0.6878943294286728,0.03770458114151221,9.652372772227126,0.1345180700348051,0.9710037112236023,0.6657116413116455,0.8847590684890747,0.7752353549003601,0.5582165718078613,0.7296225428581238
d2p1-train-md3050-B-00014,train,md3050,B,231,232,-0.5727088153362274,-202.05706405639648,0.6745549291372299,0.03086759070458284,7.902103220373207,0.13123831988966442,0.9701376557350159,0.6790769100189209,0.8350170850753784,0.7570469975471497,0.5668700337409973,0.734876811504364
d2p1-train-md3050-B-00015,train,md3050,B,232,233,-0.5492192208766937,-193.83595275878906,0.6689288318157196,0.03276633322377179,8.388181305285578,0.15024345461490923,0.9708092212677002,0.6399319171905518,0.824995756149292,0.7324638366699219,0.5399693250656128,0.7059101462364197
d2p1-train-md3050-B-00016,train,md3050,B,233,234,-0.5685177445411682,-196.1596450805664,0.691260427236557,0.028853986274299283,7.386620486220616,0.183250215336678,0.9716407060623169,0.6226474642753601,0.8242818117141724,0.7234646379947662,0.5425518155097961,0.7000077962875366
d2p1-train-md3050-B-00017,train,md3050,B,234,235,-0.5943509042263031,-194.14911270141602,0.6884441077709198,0.031034611588114727,7.94486056655737,0.23542718902956525,0.9711631536483765,0.6225504875183105,0.8657931089401245,0.7441717982292175,0.5477544069290161,0.707926332950592
d2p1-train-md3050-B-00018,train,md3050,B,235,236,-0.5439566373825073,-201.97064971923828,0.6737176477909088,0.032508339587097326,8.322134934296916,0.20570102566873488,0.9702154994010925,0.7601293325424194,0.9288909435272217,0.8445101380348206,0.6981751918792725,0.8565581440925598
d2p1-train-md3050-B-00019,train,md3050,B,236,237,-0.6353921294212341,-221.82890701293945,0.6740204840898514,0.03336171621917503,8.540599352108808,0.18428191587027218,0.9715912342071533,0.6154279112815857,0.834933876991272,0.7251808941364288,0.5547895431518555,0.7122607231140137
d2p1-train-md3050-B-00020,train,md3050,B,237,238,-0.6059512495994568,-211.53167724609375,0.6891572326421738,0.028790519430661736,7.370372974249404,0.2200926012571984,0.9719713926315308,0.634135901927948,0.8076107501983643,0.7208733260631561,0.5615413784980774,0.7086450457572937
d2p1-train-md3050-B-00021,train,md3050,B,238,239,-0.5987306237220764,-208.2320785522461,0.6869943141937256,0.023996647246596767,6.143141695128772,0.26043677741653626,0.9634658098220825,0.678017258644104,0.7672997713088989,0.7226585149765015,0.5894143581390381,0.7609252333641052
d2p1-train-md3050-B-00022,train,md3050,B,239,240,-0.6416793763637543,-211.59632873535156,0.6727316528558731,0.29392168493238663,75.24395134269098,0.6251384065063976,0.9617760181427002,0.6515507698059082,0.7655831575393677,0.7085669636726379,0.5598397850990295,0.7565738558769226
d2p1-train-md3050-B-00023,train,md3050,B,240,241,-0.6254067718982697,-214.05764389038086,0.6827265620231628,0.3507263306958975,89.78594065814976,0.8365299981329947,0.9744330048561096,0.6282119750976562,0.812195897102356,0.7202039361000061,0.5573133826255798,0.6984749436378479
d2p1-train-md3050-B-00024,train,md3050,B,241,242,-0.44258391857147217,-189.6327133178711,0.6513250023126602,0.30996939790344835,79.35216586328278,0.7924353916456055,0.9511899948120117,0.7428081631660461,0.8930062055587769,0.8179071843624115,0.6232319474220276,0.8083239793777466
d2p1-train-md3050-B-00025,train,md3050,B,242,243,-0.49890825152397156,-185.2055892944336,0.6689973473548889,0.3198830871178389,81.89007030216676,0.6671246364664192,0.9703536033630371,0.7085919976234436,0.9215811491012573,0.8150865733623505,0.6239360570907593,0.8305442333221436
d2p1-train-md3050-B-00026,train,md3050,B,243,308,-0.5493788123130798,-170.29364776611328,0.4704466164112091,0.1410429636071045,36.10699868341875,0.3570796212917319,0.8852951526641846,0.6928791999816895,0.7140777111053467,0.7034784555435181,0.5367108583450317,0.8272062540054321
d2p1-train-md3050-B-00027,train,md3050,B,308,309,-0.44274646043777466,-175.46461486816406,0.61993707716465,0.02392302797483058,6.124295161556629,0.27397565048339473,0.9678957462310791,0.6955854296684265,0.928634762763977,0.8121100962162018,0.6467467546463013,0.817812442779541
d2p1-train-md3050-B-00028,train,md3050,B,309,310,-0.50347900390625,-185.06324768066406,0.6119173467159271,0.022568990363662146,5.777661533097509,0.2306413443444726,0.9708129167556763,0.7977520227432251,0.9242963194847107,0.8610241711139679,0.7371205687522888,0.8902142643928528
d2p1-train-md3050-B-00029,train,md3050,B,310,311,-0.5083208978176117,-165.89407348632812,0.6290635913610458,0.007032786256549895,1.8003932816767731,0.11841447924486245,0.9630834460258484,0.7729776501655579,0.9269330501556396,0.8499553501605988,0.7347143888473511,0.868735134601593
d2p1-train-md3050-B-00030,train,md3050,B,311,312,-0.5050845742225647,-187.32869720458984,0.6451533883810043,0.016029949071566366,4.10366696232099,0.15271259539984544,0.9686225056648254,0.6492758989334106,0.9383658170700073,0.793820858001709,0.5927286148071289,0.7359574437141418
d2p1-train-md3050-B-00031,train,md3050,B,312,313,-0.543599009513855,-197.98212432861328,0.6383365392684937,0.042687736947043926,10.928060658443245,0.2310085784511708,0.9704185724258423,0.6222629547119141,0.9154835939407349,0.7688732743263245,0.5618811249732971,0.7585552930831909
d2p1-train-md3050-B-00032,train,md3050,B,313,314,-0.5868171751499176,-201.53881072998047,0.6254646629095078,0.028318969626360182,7.249656224348207,0.2112155574059274,0.9691933393478394,0.7333391308784485,0.9250407218933105,0.8291899263858795,0.662697434425354,0.8565500974655151
d2p1-train-md3050-B-00033,train,md3050,B,314,315,-0.5209592580795288,-172.17440032958984,0.6217966079711914,0.01986800524533181,5.086209342804944,0.20069021210315652,0.9679025411605835,0.5814077258110046,0.796139121055603,0.6887734234333038,0.5056172013282776,0.6533937454223633
d2p1-train-md3050-B-00034,train,md3050,B,315,316,-0.5324505269527435,-160.89960479736328,0.63429194688797,0.033667929833379615,8.618990037345181,0.18842381487173532,0.9655635356903076,0.6205862164497375,0.9377206563949585,0.779153436422348,0.5752597451210022,0.7513200044631958
d2p1-train-md3050-B-00035,train,md3050,B,316,367,-0.7081387937068939,-212.41636276245117,0.5408355891704559,0.019268060598810675,4.932623513295533,0.31540847254404164,0.9680766463279724,0.6231796741485596,0.9438122510910034,0.7834959626197815,0.602043628692627,0.7371371388435364
d2p1-train-md3050-B-00036,train,md3050,B,736,737,-0.6736851930618286,-217.0194320678711,0.5250048935413361,0.06640149606229448,16.998782991947387,0.24002229648997217,0.967890202999115,0.7734147310256958,0.9668874740600586,0.8701511025428772,0.7302985191345215,0.8683169484138489
d2p1-train-md3050-B-00037,train,md3050,B,737,738,-0.5510618686676025,-168.93145751953125,0.47037023305892944,0.5132205317457661,131.38445612691612,0.3394903255034575,0.9384880065917969,0.8201927542686462,0.8698631525039673,0.8450279533863068,0.7260885834693909,0.9136766791343689
d2p1-train-md3050-B-00038,train,md3050,B,738,739,-0.7036789655685425,-218.6062355041504,0.5472936034202576,0.26874125458076903,68.79776117267687,0.614316055226645,0.9566197395324707,0.7811170816421509,0.9055933356285095,0.8433552086353302,0.7052326202392578,0.9073052406311035
d2p1-train-md3050-B-00039,train,md3050,B,739,740,-0.5936422646045685,-207.82891082763672,0.5638708025217056,0.008648803911573848,2.214093801362905,0.07210329689692402,0.9594172835350037,0.8057975769042969,0.9273087978363037,0.8665531873703003,0.7226135730743408,0.9239223003387451
d2p1-train-md3050-B-00040,train,md3050,B,740,741,-0.6151503324508667,-181.98343658447266,0.5390682965517044,0.004206178630045568,1.0767817292916655,0.038274240956825474,0.9549369215965271,0.8534464240074158,0.884685754776001,0.8690660893917084,0.6788052320480347,0.9366507530212402
d2p1-train-md3050-B-00041,train,md3050,B,741,742,-0.5731395184993744,-182.93505096435547,0.5543738156557083,0.0024805094177815794,0.6350104109520843,0.03759748046316232,0.9679776430130005,0.7702080011367798,0.8778147101402283,0.824011355638504,0.676983118057251,0.91004878282547
d2p1-train-md3050-B-00042,train,md3050,B,742,743,-0.5596861243247986,-177.03639221191406,0.5666429549455643,0.002006934986611116,0.5137753565724457,0.11133398831982397,0.9465228319168091,0.7388083934783936,0.8847321271896362,0.8117702603340149,0.5935546159744263,0.8634401559829712
d2p1-train-md3050-B-00043,train,md3050,B,743,744,-0.5387525260448456,-182.9624786376953,0.5417918413877487,0.00968719127273295,2.4799209658196353,0.07816184965059327,0.9368678331375122,0.8034839630126953,0.8441137671470642,0.8237988650798798,0.586826741695404,0.8882349133491516
d2p1-train-md3050-B-00044,train,md3050,B,744,745,-0.6381756663322449,-207.09111785888672,0.5464363992214203,0.008721344300785566,2.2326641410011048,0.1237724548583391,0.9548347592353821,0.854644775390625,0.8558648824691772,0.8552548289299011,0.6820809841156006,0.924090564250946
d2p1-train-md3050-B-00045,train,md3050,B,745,746,-0.5941844284534454,-196.12619018554688,0.5365492701530457,0.010986398144664438,2.812517925034096,0.12578760115463017,0.965128481388092,0.7815410494804382,0.8644199967384338,0.822980523109436,0.680827260017395,0.9001701474189758
d2p1-train-md3050-B-00046,train,md3050,B,746,747,-0.630351334810257,-206.66879272460938,0.550181120634079,0.5127157958856274,131.25524374672062,0.5171242676628576,0.9338686466217041,0.7498500347137451,0.8238413333892822,0.7868456840515137,0.5914682149887085,0.8611723780632019
d2p1-train-md3050-B-00047,train,md3050,B,747,748,-0.6867827773094177,-199.79326248168945,0.5751215517520905,0.3576917795961657,91.56909557661842,0.7662343434776846,0.9661716222763062,0.6788864135742188,0.9010539650917053,0.789970189332962,0.5558760166168213,0.7606713771820068
d2p1-train-md3050-B-00048,train,md3050,B,748,749,-0.6519853472709656,-171.4431915283203,0.5543887466192245,0.3592718760329626,91.97360026443843,0.721357354867088,0.9329071044921875,0.7531524896621704,0.783260703086853,0.7682065963745117,0.5828326940536499,0.8896464705467224
d2p1-train-md3050-B-00049,train,md3050,B,749,750,-0.5716264247894287,-158.78089141845703,0.5577798634767532,0.3625390362625378,92.80999328320968,0.6085341904010454,0.9099276065826416,0.7146833539009094,0.7687190771102905,0.7417012155056,0.5374391078948975,0.8575121164321899
d2p1-train-md3050-B-00050,train,md3050,B,750,751,-0.44974350929260254,-152.5558624267578,0.5672005414962769,0.36085271745614605,92.37829566877339,0.6260996373747472,0.9237369298934937,0.6885970830917358,0.7721607089042664,0.7303788959980011,0.5322815775871277,0.7809211015701294
d2p1-train-md3050-B-00051,train,md3050,B,751,752,-0.49702078104019165,-114.21202087402344,0.46973758935928345,0.35999632379297597,92.15905889100185,0.7346541015789273,0.8983786702156067,0.6746481657028198,0.7426009774208069,0.7086245715618134,0.5172882080078125,0.7919014692306519
d2p1-train-md3050-B-00052,train,md3050,B,752,753,-0.581095427274704,-181.29436492919922,0.5235962420701981,0.45518969664675824,116.52856234157011,0.7607909610128406,0.9125418663024902,0.7633489966392517,0.8133342266082764,0.788341611623764,0.600135087966919,0.8594580888748169
d2p1-train-md3050-B-00053,train,md3050,B,753,754,-0.6827908456325531,-186.9100112915039,0.5465501248836517,0.3598801469669034,92.12931762352727,0.6511450020412115,0.9409189224243164,0.6762402057647705,0.8080536127090454,0.742146909236908,0.5472332239151001,0.7765786647796631
d2p1-train-md3050-B-00054,train,md3050,B,754,755,-0.5550121068954468,-129.64733123779297,0.5295463800430298,0.4242724009841033,108.61373465193044,0.06300283222301632,0.9157758951187134,0.6763830780982971,0.7039875984191895,0.6901853382587433,0.5217665433883667,0.7789404392242432
d2p1-train-md3050-B-00055,train,md3050,B,755,756,-0.5656463205814362,-167.2259979248047,0.48093658685684204,0.44040043388625283,112.74251107488072,0.6401974781554285,0.9209604263305664,0.7608344554901123,0.8164798617362976,0.788657158613205,0.562239408493042,0.800671398639679
d2p1-train-md3050-B-00056,train,md3050,B,756,757,-0.6456237137317657,-197.00221633911133,0.5073668211698532,0.4384281432241465,112.23760466538151,0.32807018250866166,0.9196106195449829,0.7463574409484863,0.8043341636657715,0.7753458023071289,0.5691455602645874,0.8590298891067505
d2p1-train-md3050-B-00057,train,md3050,B,757,758,-0.5894762873649597,-167.94754028320312,0.5076994597911835,0.4017292318566018,102.84268335529006,0.6230034835257425,0.925107479095459,0.6838782429695129,0.8045345544815063,0.7442063987255096,0.575127899646759,0.7787085175514221
d2p1-train-md3050-B-00058,train,md3050,B,758,759,-0.7777828276157379,-201.31395721435547,0.5689273178577423,0.4119675564694625,105.4636944561824,0.25519101998236987,0.929770827293396,0.6864840984344482,0.8144090175628662,0.7504465579986572,0.5494396090507507,0.7837543487548828
d2p1-train-md3050-B-00059,train,md3050,B,759,760,-0.5792518854141235,-193.67166900634766,0.5455638766288757,0.43270420746521376,110.77227711109472,0.3822800503277406,0.9257581233978271,0.7599184513092041,0.8505514860153198,0.805234968662262,0.5778338313102722,0.8064265847206116
d2p1-train-md3050-B-00060,train,md3050,B,760,761,-0.5824335515499115,-201.1753692626953,0.49286769330501556,0.4209064427386429,107.75204934109259,0.5712218235383519,0.9140560626983643,0.785437285900116,0.808066725730896,0.796752005815506,0.6409398317337036,0.8574701547622681
d2p1-train-md3050-B-00061,train,md3050,B,761,762,-0.6421456038951874,-143.86325073242188,0.4895811229944229,0.39242067802215785,100.45969357367241,0.8422077649144033,0.9055816531181335,0.7152928113937378,0.8094693422317505,0.7623810768127441,0.5802417397499084,0.8362656831741333
d2p1-train-md3050-B-00062,train,md3050,B,762,763,-0.7624385356903076,-177.1120376586914,0.5844133794307709,0.39524026204169166,101.18150708267306,0.6853969620343663,0.9187137484550476,0.6802080869674683,0.7977728247642517,0.73899045586586,0.5708715915679932,0.7874807119369507
d2p1-train-md3050-B-00063,train,md3050,B,763,764,-0.8453606888651848,-193.09502792358398,0.6300976127386093,0.39594220065272523,101.36120336709766,0.628166293775926,0.9358460307121277,0.7118582725524902,0.8226953148841858,0.767276793718338,0.5532093048095703,0.7999956607818604
d2p1-train-md3050-B-00064,train,md3050,B,764,765,-0.802469402551651,-155.67626953125,0.5965814888477325,0.35039153800198347,89.70023372850777,0.44313124046455693,0.8760291337966919,0.71724534034729,0.7129107713699341,0.7150780558586121,0.5296856760978699,0.8161519169807434
d2p1-train-md3050-B-00065,train,md3050,B,765,766,-0.7307429313659668,-37.721649169921875,0.5878096520900726,0.40655983387811523,104.0793174727975,0.8268234651111181,0.9009788036346436,0.7111205458641052,0.7574781179428101,0.7342993319034576,0.5325033664703369,0.8066980838775635
d2p1-train-md3050-B-00066,train,md3050,B,766,767,-0.674484372138977,-162.69156646728516,0.499425932765007,0.3635352089683039,93.0650134958858,0.11619836994530991,0.8954116106033325,0.7456246018409729,0.7716429829597473,0.7586337924003601,0.5559705495834351,0.8299503922462463
d2p1-train-md3050-B-00067,train,md3050,B,767,768,-0.6303901374340057,-151.45474243164062,0.5017387270927429,0.3718169348382094,95.1851353185816,0.6466710754232765,0.8869153261184692,0.7819026708602905,0.7332728505134583,0.7575877606868744,0.563764214515686,0.8545025587081909
d2p1-train-md3050-B-00068,train,md3050,B,768,769,-0.7259931564331055,-138.9490203857422,0.55879707634449,0.40483398778449137,103.63750087282979,0.7419433512383151,0.8730714321136475,0.7282056212425232,0.701425313949585,0.7148154675960541,0.5286383032798767,0.8472389578819275
d2p1-train-md3050-B-00069,train,md3050,B,769,770,-0.6097408533096313,-166.90160369873047,0.5272916108369827,0.4246920152692539,108.72115590892899,0.6658608646975152,0.8730411529541016,0.7035156488418579,0.7102353572845459,0.7068755030632019,0.5027665495872498,0.826604962348938
d2p1-train-md3050-B-00070,train,md3050,B,770,771,-0.4095997214317322,-54.903594970703125,0.4755275547504425,0.43139506065938604,110.43713552880283,0.9241776328971676,0.8946845531463623,0.7598835229873657,0.7556929588317871,0.7577882409095764,0.5069705247879028,0.849860668182373
d2p1-train-md3050-B-00071,train,md3050,B,771,772,-0.7984524220228195,-185.88906860351562,0.5572797656059265,0.4412902706065506,112.97030927527696,0.9281158443712964,0.8551885485649109,0.7488657832145691,0.6876279711723328,0.7182468771934509,0.47943568229675293,0.8031140565872192
d2p1-train-md3050-B-00072,train,md3050,B,772,773,-0.5409151315689087,-22.462234497070312,0.48720449209213257,0.4461892779458069,114.22445515412656,0.9536579401788705,0.8560093641281128,0.7053536176681519,0.742098867893219,0.7237262427806854,0.501162588596344,0.8009916543960571
d2p1-train-md3050-B-00073,train,md3050,B,773,774,-0.7865198105573654,-149.3131332397461,0.5908721089363098,0.4410795826454561,112.91637315723676,0.8379281318581178,0.8927451372146606,0.6934758424758911,0.7582392692565918,0.7258575558662415,0.5351170897483826,0.8264660239219666
d2p1-train-md3050-B-00074,train,md3050,B,774,775,-0.7367002815008163,-196.26962661743164,0.5293010026216507,0.45239325912108186,115.81267433499696,0.6343448642182472,0.8957552909851074,0.776046633720398,0.7349690198898315,0.7555078268051147,0.5361511707305908,0.8715569972991943
d2p1-train-md3050-B-00075,train,md3050,B,775,776,-0.8167382627725601,-185.77217864990234,0.6168832629919052,0.44966937799581225,115.11536076692794,0.5837696675828371,0.9061954021453857,0.8124798536300659,0.72836834192276,0.770424097776413,0.5659583806991577,0.8844377994537354
d2p1-train-md3050-B-00076,train,md3050,B,776,777,-0.7651195377111435,-176.05101776123047,0.5653060078620911,0.4774379559134998,122.22411671385595,0.34515905450637224,0.9155974388122559,0.7649089097976685,0.8012415170669556,0.783075213432312,0.569394588470459,0.8840912580490112
d2p1-train-md3050-B-00077,train,md3050,B,777,778,-0.5004331469535828,-63.16987609863281,0.4455748647451401,0.46243556454139517,118.38350452259716,0.535300455298087,0.8822475671768188,0.7617247700691223,0.6907431483268738,0.726233959197998,0.5097602605819702,0.8508418202400208
d2p1-train-md3050-B-00078,train,md3050,B,778,779,-0.5727317631244659,-59.16032409667969,0.47760431468486786,0.47465815590350835,121.51248791129814,0.7746686871962409,0.8828218579292297,0.7614878416061401,0.682610273361206,0.7220490574836731,0.5156828165054321,0.8402894139289856
d2p1-train-md3050-B-00079,train,md3050,B,779,780,-0.8184199780225754,-129.6441650390625,0.5762366056442261,0.4831262979751763,123.68033228164514,0.8222606556194906,0.920644998550415,0.7512717247009277,0.8396563529968262,0.795464038848877,0.5614908933639526,0.815674901008606
d2p1-train-md3050-B-00080,train,md3050,B,780,781,-0.44727492332458496,-18.83392333984375,0.47362154722213745,0.4750239743275174,121.60613742784446,0.8542562828548743,0.8970787525177002,0.7510948181152344,0.7886998653411865,0.7698973417282104,0.5699566006660461,0.8830499053001404
d2p1-train-md3050-B-00081,train,md3050,B,781,782,-0.5301497876644135,-61.88331604003906,0.5100194662809372,0.4691550634171515,120.10369623479079,0.8611494250134966,0.8833631873130798,0.7230678200721741,0.7551520466804504,0.7391099333763123,0.5448256731033325,0.8611041307449341
d2p1-train-md3050-B-00082,train,md3050,B,782,783,-0.6920691728591919,-142.18230438232422,0.5710451155900955,0.4946444617677249,126.62898221253758,0.868575576932467,0.9097448587417603,0.7552533149719238,0.8060183525085449,0.7806358337402344,0.5622503757476807,0.8757404088973999
d2p1-train-md3050-B-00083,train,md3050,B,783,784,-0.5184722542762756,-68.4205322265625,0.4480144530534744,0.5090584219651114,130.31895602306852,0.9689621850142309,0.9123928546905518,0.7670215964317322,0.8656057119369507,0.8163136541843414,0.5095044374465942,0.8999248743057251
d2p1-train-md3050-B-00084,train,md3050,B,784,785,-0.629240870475769,-72.09980773925781,0.44525718688964844,0.5090279111845266,130.3111452632388,0.8431688769427033,0.8998522162437439,0.7495971918106079,0.7350918054580688,0.7423444986343384,0.5281787514686584,0.8803728818893433
d2p1-train-md3050-B-00085,train,md3050,B,785,786,-0.5605425238609314,-44.52445983886719,0.47888757288455963,0.5141193369074148,131.6145502482982,0.8195148833972901,0.8955054879188538,0.7859997749328613,0.7348611354827881,0.7604304552078247,0.5385565757751465,0.8782374262809753
d2p1-train-md3050-B-00086,train,md3050,B,786,787,-0.5409337878227234,-42.74934387207031,0.4124458432197571,0.5212793965903801,133.44752552713732,0.9322749657394619,0.9232462644577026,0.8188177347183228,0.7953240871429443,0.8070709109306335,0.551753044128418,0.9063692092895508
d2p1-train-md3050-B-00087,train,md3050,B,787,788,-0.5538738369941711,-34.94819641113281,0.4377189427614212,0.5293097813382249,135.50330402258558,0.985567756982086,0.9102840423583984,0.7508370280265808,0.8042592406272888,0.7775481343269348,0.5226914882659912,0.8390460014343262
d2p1-train-md3050-B-00088,train,md3050,B,788,789,-0.6124207079410553,-38.43656921386719,0.44200804829597473,0.5411245461399643,138.52788381183086,0.9716747703876703,0.917647123336792,0.7268418073654175,0.8336590528488159,0.7802504301071167,0.5601178407669067,0.8413166403770447
d2p1-train-md3050-B-00089,train,md3050,B,789,790,-0.7696086764335632,-117.58012390136719,0.5153466314077377,0.5424781815199188,138.8744144690992,0.8051271993752027,0.9476591348648071,0.7301887273788452,0.8838422894477844,0.8070155084133148,0.6104812622070312,0.849770724773407
d2p1-train-md3050-B-00090,train,md3050,B,790,791,-0.7277753353118896,-123.66328430175781,0.5267439633607864,0.5656034831896063,144.7944916965392,0.8830842596451502,0.9150195717811584,0.7269284725189209,0.8464163541793823,0.7866724133491516,0.5583469271659851,0.8239147067070007
d2p1-train-md3050-B-00091,train,md3050,B,791,792,-0.6908977031707764,-109.51483154296875,0.41003283858299255,0.5649412023264259,144.62494779556502,0.9528646894483059,0.9224594831466675,0.7566229701042175,0.865077555179596,0.8108502626419067,0.5721282362937927,0.8316352963447571
d2p1-train-md3050-B-00092,train,md3050,B,792,793,-0.7736688852310181,-95.36883544921875,0.5324672162532806,0.5745051157319375,147.073309627376,0.9182313864514418,0.940658688545227,0.7354729175567627,0.876173734664917,0.8058233261108398,0.5516464710235596,0.8132431507110596
d2p1-train-md3050-B-00093,train,md3050,B,793,794,-0.7425698190927505,-186.66036987304688,0.5142296999692917,0.4061614925216009,103.97734208552983,0.9104914833862372,0.90606290102005,0.687089204788208,0.8448188304901123,0.7659540176391602,0.5758855938911438,0.7881796360015869
d2p1-train-md3050-B-00094,train,md3050,B,794,795,-0.8713656216859818,-174.33164978027344,0.6008442789316177,0.5771860162236536,147.75962015325533,0.8465180541408437,0.9353275299072266,0.7150534987449646,0.8739484548568726,0.7945009768009186,0.6379688382148743,0.8549812436103821
d2p1-train-md3050-B-00095,train,md3050,B,795,796,-0.8197892904281616,-112.70138549804688,0.5989557206630707,0.5765277042287298,147.59109228255483,0.875830424052054,0.9193990230560303,0.7804391980171204,0.8370593786239624,0.8087492883205414,0.6807318925857544,0.9047268033027649
d2p1-train-md3050-B-00096,train,md3050,B,796,797,-0.7446168661117554,-141.7530975341797,0.562889039516449,0.29335574887378135,75.09907171168803,0.26052352908968995,0.9428766369819641,0.6865226030349731,0.8659359812736511,0.7762292921543121,0.5679974555969238,0.7711014747619629
d2p1-train-md3050-B-00097,train,md3050,B,797,798,-0.8418468311429024,-145.6271743774414,0.6016913950443268,0.5512730273151452,141.12589499267716,0.5853660977496684,0.9206074476242065,0.7169462442398071,0.8113139867782593,0.7641301155090332,0.5545947551727295,0.7893935441970825
d2p1-train-md3050-B-00098,train,md3050,B,798,799,-0.698916494846344,-54.380950927734375,0.5706252306699753,0.5543431548218513,141.91184763439392,0.6179748274077256,0.9275385141372681,0.6409953236579895,0.8189618587493896,0.7299785912036896,0.5380834341049194,0.7697353363037109
d2p1-train-md3050-B-00099,train,md3050,B,799,800,-0.7418907731771469,-101.71888732910156,0.6110881567001343,0.5501144015540641,140.8292867978404,0.7469042947409035,0.9040751457214355,0.6940765976905823,0.7801246643066406,0.7371006309986115,0.556025505065918,0.7969774603843689
d2p1-train-md3050-B-00100,train,md3050,B,800,801,-0.694637268781662,-78.1168212890625,0.5419970899820328,0.548316697270869,140.36907450134245,0.7012342655159142,0.9586734771728516,0.6271699666976929,0.8937066793441772,0.7604383230209351,0.5458576679229736,0.7435255646705627
d2p1-train-md3050-B-00101,train,md3050,B,801,802,-0.7210778594017029,-147.7599639892578,0.5750720500946045,0.44669883692790774,114.35490225354438,0.6434406627940934,0.9628556966781616,0.6551378965377808,0.8846021890640259,0.7698700428009033,0.5842053890228271,0.8122835159301758
d2p1-train-md3050-B-00102,train,md3050,B,802,803,-0.8171699345111847,-187.5459976196289,0.6099165081977844,0.5304590202956067,135.7975091956753,0.6350519939228181,0.926662802696228,0.7070057988166809,0.8248177766799927,0.7659117877483368,0.5325584411621094,0.7843889594078064
d2p1-train-md3050-B-00103,train,md3050,B,803,804,-0.7362874448299408,-205.73828506469727,0.5611072778701782,0.39334731726736727,100.69691322044602,0.3720878346254352,0.9251018762588501,0.7444674968719482,0.83920818567276,0.7918378412723541,0.592575192451477,0.8500200510025024
d2p1-train-md3050-B-00104,train,md3050,B,804,805,-0.7809752076864243,-135.51742553710938,0.5856758803129196,0.5348789613358083,136.9290141019669,0.641680280209246,0.9608328342437744,0.5992341041564941,0.8947237730026245,0.7469789385795593,0.5253950953483582,0.7261148691177368
d2p1-train-md3050-B-00105,train,md3050,B,805,806,-0.7765021324157715,-197.43651580810547,0.6106385886669159,0.2571592136247347,65.83275868793208,0.8490295704479534,0.9566243886947632,0.5940507650375366,0.8604273796081543,0.7272390723228455,0.5095229744911194,0.7165082097053528
d2p1-train-md3050-B-00106,train,md3050,B,806,807,-0.8498854115605354,-211.0169792175293,0.6194864511489868,0.3252383999822197,83.26103039544824,0.3431233753563526,0.9655205011367798,0.6680364608764648,0.8707141876220703,0.7693753242492676,0.5382643938064575,0.7314984202384949
d2p1-train-md3050-B-00107,train,md3050,B,807,808,-0.6041002869606018,-28.206268310546875,0.5138711631298065,0.5439274963855736,139.24543907470684,0.7758032777769068,0.9459526538848877,0.7133362889289856,0.8376109600067139,0.7754736244678497,0.5352199077606201,0.7685376405715942
d2p1-train-md3050-B-00108,train,md3050,B,808,809,-0.8487560600042343,-208.79945373535156,0.6660012155771255,0.501074873939683,128.27516772855884,0.24767964844390503,0.9648188352584839,0.6900757551193237,0.8800441026687622,0.785059928894043,0.5430166721343994,0.7220764756202698
d2p1-train-md3050-B-00109,train,md3050,B,809,810,-0.7714831829071045,-148.29923248291016,0.6394423544406891,0.5204404287539764,133.23274976101797,0.4474423936235607,0.9502623677253723,0.7377122044563293,0.8265781998634338,0.7821452021598816,0.5626860857009888,0.7614494562149048
d2p1-train-md3050-B-00110,train,md3050,B,810,811,-0.8157459050416946,-209.70216751098633,0.633293092250824,0.5267231304296868,134.8411213899998,0.48154616987208343,0.9454885125160217,0.7697280645370483,0.8658649325370789,0.8177964985370636,0.613344669342041,0.8271939754486084
d2p1-train-md3050-B-00111,train,md3050,B,811,812,-0.8877405226230621,-194.75879287719727,0.6860052049160004,0.5047321649742028,129.21143423339592,0.30764966735261945,0.9556646943092346,0.630297064781189,0.8576141595840454,0.7439556121826172,0.5581503510475159,0.7333566546440125
d2p1-train-md3050-B-00112,train,md3050,B,812,813,-0.8466215431690216,-138.7386703491211,0.6152483969926834,0.5008099756320099,128.20735376179454,0.3944889628492797,0.9619386792182922,0.6924947500228882,0.8757292032241821,0.7841119766235352,0.5823854207992554,0.7519233226776123
d2p1-train-md3050-B-00113,train,md3050,B,813,814,-0.834971696138382,-151.60869598388672,0.6444528251886368,0.5118440509356248,131.03207703951995,0.5067020037169968,0.9695944786071777,0.7352520227432251,0.9254173040390015,0.8303346633911133,0.6896297931671143,0.8752849102020264
d2p1-train-md3050-B-00114,train,md3050,B,814,815,-0.8861984461545944,-200.97534942626953,0.6655198484659195,0.506368603948872,129.63036261091122,0.4504883572250552,0.9609663486480713,0.6891058683395386,0.9058057069778442,0.7974557876586914,0.6190533638000488,0.8148006796836853
d2p1-train-md3050-B-00115,train,md3050,B,815,816,-0.8080022931098938,-70.77279663085938,0.5986703038215637,0.5136029913281579,131.48236578000842,0.4259729579718129,0.968999445438385,0.6390376091003418,0.9420156478881836,0.7905266284942627,0.6074401140213013,0.7759820222854614
d2p1-train-md3050-B-00116,train,md3050,B,816,817,-0.8906326964497566,-214.2325210571289,0.650902196764946,0.24644791193215423,63.090665454631484,0.16740426252780127,0.9703867435455322,0.6958837509155273,0.9384245872497559,0.8171541690826416,0.6414382457733154,0.806591272354126
d2p1-train-md3050-B-00117,train,md3050,B,817,818,-0.8350478857755661,-209.41830444335938,0.6371430307626724,0.012853002456655186,3.2903686289037277,0.282536231491154,0.9667706489562988,0.6588727235794067,0.907565712928772,0.7832192182540894,0.5642462372779846,0.7158346772193909
d2p1-train-md3050-B-00118,train,md3050,B,818,819,-0.8533686026930809,-230.15517044067383,0.6196559071540833,0.06670131979317206,17.07553786705205,0.1944199269542211,0.9635323286056519,0.6550664305686951,0.8981105089187622,0.7765884697437286,0.5590171217918396,0.721007227897644
d2p1-train-md3050-B-00119,train,md3050,B,819,820,-0.8148216158151627,-173.6661605834961,0.6405484229326248,0.011666599864073857,2.9866495652029075,0.15597905472659632,0.9634632468223572,0.683801531791687,0.8883829712867737,0.7860922515392303,0.5571942925453186,0.7232953906059265
d2p1-train-md3050-B-00120,train,md3050,B,820,821,-0.7454604655504227,-186.3358612060547,0.6641729921102524,0.011861750442957718,3.036608113397176,0.11741462383280497,0.9650628566741943,0.6277440190315247,0.9066389203071594,0.767191469669342,0.5505387783050537,0.7047252655029297
d2p1-train-md3050-B-00121,train,md3050,B,821,822,-0.7188790440559387,-189.63642120361328,0.6308828145265579,0.010558844383311543,2.703064162127755,0.06641649242001006,0.9629068374633789,0.5962303876876831,0.9132390022277832,0.7547346949577332,0.5361226797103882,0.6883389949798584
d2p1-train-md3050-B-00122,train,md3050,B,822,823,-0.6398137807846069,-165.84635162353516,0.5741554945707321,0.16340614639693216,41.83197347761463,0.40028382833262505,0.93995600938797,0.6536228060722351,0.838830828666687,0.7462268173694611,0.5528730750083923,0.7397890686988831
d2p1-train-md3050-B-00123,train,md3050,B,823,824,-0.8103089779615402,-209.58621215820312,0.6263236999511719,0.011998372838989252,3.0715834467812484,0.09339912553893863,0.9566628932952881,0.5839299559593201,0.9134570360183716,0.7486934959888458,0.5438860654830933,0.6927379965782166
d2p1-train-md3050-B-00124,train,md3050,B,824,825,-0.7140439003705978,-193.93187713623047,0.6143298894166946,0.013878312121498738,3.552847903103677,0.054163861914630115,0.9594175219535828,0.5930584669113159,0.8999293446540833,0.7464939057826996,0.5517728924751282,0.7031022310256958
d2p1-train-md3050-B-00125,train,md3050,B,825,826,-0.7663118988275528,-224.4065818786621,0.567632257938385,0.14257289870701867,36.49866206899678,0.2791737739236237,0.9682997465133667,0.5904476642608643,0.9267710447311401,0.7586093544960022,0.5510684251785278,0.6923649311065674
d2p1-train-md3050-B-00126,train,md3050,B,826,827,-0.7411345541477203,-178.5688247680664,0.586019366979599,0.011580366860460652,2.964573916277927,0.0383307201510681,0.9586008191108704,0.6209280490875244,0.9062516689300537,0.7635898590087891,0.5479409098625183,0.702907383441925
d2p1-train-md3050-B-00127,train,md3050,B,827,828,-0.7454983741044998,-182.83509063720703,0.5812927335500717,0.011819789564434888,3.0258661284953314,0.04057277031704537,0.9585908651351929,0.7478514909744263,0.9198546409606934,0.8338530659675598,0.5427952408790588,0.7323298454284668
d2p1-train-md3050-B-00128,train,md3050,B,828,829,-0.8126754313707352,-159.04715728759766,0.6136303842067719,0.008399113141818243,2.15017296430547,0.030610814321064814,0.960120439529419,0.6104251146316528,0.9167296886444092,0.763577401638031,0.5567727088928223,0.7036718130111694
d2p1-train-md3050-C-00000,train,md3050,C,136,218,-0.4463551640510559,-189.08777618408203,0.241557776927948,0.4611453037567728,118.05319776173384,0.11899702571609558,0.9582640528678894,0.8016449213027954,0.8885878324508667,0.845116376876831,0.7485605478286743,0.932087242603302
d2p1-train-md3050-C-00001,train,md3050,C,218,219,-0.5286454558372498,-179.75469207763672,0.4385843873023987,0.4605787477423672,117.908159422046,0.12739651979382638,0.9683581590652466,0.7420368194580078,0.754319429397583,0.7481781244277954,0.6639220118522644,0.830308735370636
d2p1-train-md3050-C-00002,train,md3050,C,219,220,-0.4633839726448059,-168.48816680908203,0.43884772062301636,0.4530348096139651,115.97691126117506,0.18828756197564928,0.9646457433700562,0.7384827136993408,0.762623131275177,0.7505529224872589,0.6667291522026062,0.8439846634864807
d2p1-train-md3050-C-00003,train,md3050,C,220,221,-0.28388023376464844,-131.87139129638672,0.3872781991958618,0.4457980280084272,114.12429517015737,0.22324064637471697,0.962812066078186,0.78105229139328,0.8327680826187134,0.8069101870059967,0.6892260313034058,0.8868709206581116
d2p1-train-md3050-C-00004,train,md3050,C,221,222,-0.45529571175575256,-150.27452850341797,0.4479953646659851,0.4506569567350272,115.36818092416696,0.23714262152828725,0.9713460803031921,0.7587588429450989,0.8159173727035522,0.7873381078243256,0.6908433437347412,0.8282285332679749
d2p1-train-md3050-C-00005,train,md3050,C,222,223,-0.3928578495979309,-107.22470092773438,0.44238772988319397,0.4571518307234244,117.03086866519665,0.3717592589840988,0.9710278511047363,0.7755042314529419,0.8199604749679565,0.7977323532104492,0.6943626403808594,0.8387988805770874
d2p1-train-md3050-C-00006,train,md3050,C,223,224,-0.5570312738418579,-152.7004165649414,0.4597669541835785,0.45958373398253854,117.65343589952987,0.3212557836783465,0.9777780771255493,0.7798033952713013,0.8691677451133728,0.824485570192337,0.6961534023284912,0.8427897095680237
d2p1-train-md3050-C-00007,train,md3050,C,224,225,-0.5419013202190399,-187.9482192993164,0.39746662974357605,0.45642669731201974,116.84523451187705,0.3459011693326637,0.9647892713546753,0.7896751165390015,0.8566099405288696,0.8231425285339355,0.7244058847427368,0.8773989677429199
d2p1-train-md3050-C-00008,train,md3050,C,225,226,-0.5404552817344666,-152.97706604003906,0.4281657338142395,0.4482679274830064,114.75658943564964,0.42087813493982507,0.9697833061218262,0.7275221943855286,0.7666581869125366,0.7470901906490326,0.6735539436340332,0.8333288431167603
d2p1-train-md3050-C-00009,train,md3050,C,226,227,-0.5715608894824982,-159.37049865722656,0.44156941771507263,0.45977122930096015,117.7014347010458,0.3364875476290212,0.9668421149253845,0.7528801560401917,0.8265339136123657,0.7897070348262787,0.6904519200325012,0.8434871435165405
d2p1-train-md3050-C-00010,train,md3050,C,227,228,-0.6617768406867981,-199.20305252075195,0.42978188395500183,0.4437873685227975,113.60956634183616,0.4685703135158118,0.9548219442367554,0.7790207862854004,0.8150036334991455,0.797012209892273,0.6982884407043457,0.8691858053207397
d2p1-train-md3050-C-00011,train,md3050,C,228,229,-0.5576178729534149,-145.99634552001953,0.41934558749198914,0.43565564477850865,111.52784506329822,0.6431478825833175,0.9544737339019775,0.810171365737915,0.8329142332077026,0.8215427994728088,0.7163786888122559,0.8935975432395935
d2p1-train-md3050-C-00012,train,md3050,C,229,230,-0.620589405298233,-200.73540115356445,0.40721121430397034,0.4403250085360999,112.72320218524158,0.4122778966981744,0.9546327590942383,0.7728241086006165,0.8170700669288635,0.79494708776474,0.7021316885948181,0.8739956021308899
d2p1-train-md3050-C-00013,train,md3050,C,230,231,-0.6317028701305389,-174.2752227783203,0.4356248378753662,0.43990078410529754,112.61460073095617,0.37172785483868054,0.9714076519012451,0.7300572395324707,0.8107795715332031,0.7704184055328369,0.6519043445587158,0.8165785670280457
d2p1-train-md3050-C-00014,train,md3050,C,231,232,-0.6561573445796967,-194.45942306518555,0.4440292418003082,0.3160310306421417,80.90394384438828,0.12448713713177303,0.9618645906448364,0.7343882322311401,0.8260985016822815,0.7802433669567108,0.682867169380188,0.8367262482643127
d2p1-train-md3050-C-00015,train,md3050,C,232,233,-0.6995448768138885,-194.02959442138672,0.45567014813423157,0.03521865379086269,9.015975370460849,0.30544356993251426,0.9712679386138916,0.7133686542510986,0.7970529198646545,0.7552107870578766,0.6416829228401184,0.8133999109268188
d2p1-train-md3050-C-00016,train,md3050,C,233,234,-0.6571143865585327,-203.75936126708984,0.46745651960372925,0.039354168322215756,10.074667090487234,0.3291647348351747,0.9719382524490356,0.7172407507896423,0.7823081016540527,0.7497744262218475,0.6554256677627563,0.8160091042518616
d2p1-train-md3050-C-00017,train,md3050,C,234,235,-0.6677707731723785,-200.2159652709961,0.428928017616272,0.348469475645741,89.2081857653097,0.2984149627363511,0.9570797681808472,0.7414318919181824,0.814094066619873,0.7777629792690277,0.6580603122711182,0.8758728504180908
d2p1-train-md3050-C-00018,train,md3050,C,235,236,-0.68259696662426,-215.37780380249023,0.45325297117233276,0.3373951061943549,86.37314718575486,0.1673272878937539,0.9583381414413452,0.7797835469245911,0.8288766145706177,0.8043300807476044,0.6887302398681641,0.87183678150177
d2p1-train-md3050-C-00019,train,md3050,C,236,237,-0.6277350783348083,-193.8379020690918,0.40940436720848083,0.3952051580845636,101.17252046964828,0.08119883884900685,0.9682444334030151,0.7276690602302551,0.800868809223175,0.7642689347267151,0.6526552438735962,0.807617723941803
d2p1-train-md3050-C-00020,train,md3050,C,237,238,-0.4892127811908722,-191.46693801879883,0.3832119107246399,0.3898616653942297,99.8045863409228,0.1434997788106598,0.9629328846931458,0.7209866046905518,0.7980070114135742,0.759496808052063,0.6554123759269714,0.806198239326477
d2p1-train-md3050-C-00021,train,md3050,C,238,239,-0.6059911847114563,-181.4782485961914,0.39868196845054626,0.3937620217638715,100.8030775715511,0.35961188690924106,0.9754824638366699,0.7443482875823975,0.8663035035133362,0.8053258955478668,0.6708617806434631,0.8381057381629944
d2p1-train-md3050-C-00022,train,md3050,C,239,240,-0.43239519000053406,-162.8356475830078,0.34152886271476746,0.4042988086984632,103.50049502680658,0.21439029749830488,0.962056577205658,0.8031846284866333,0.8309950232505798,0.8170898258686066,0.6959339380264282,0.8745370507240295
d2p1-train-md3050-C-00023,train,md3050,C,240,241,-0.38827210664749146,-142.82062530517578,0.2825591266155243,0.41554899103090726,106.38054170391226,0.3023104462263885,0.9491517543792725,0.8050922751426697,0.8281013369560242,0.8165968060493469,0.6966286897659302,0.8816657066345215
d2p1-train-md3050-C-00024,train,md3050,C,241,242,-0.49103906750679016,-174.4488067626953,0.3630126416683197,0.42559003244098703,108.95104830489268,0.14236571702838272,0.9559604525566101,0.7542673945426941,0.7855780124664307,0.7699227035045624,0.6697521805763245,0.8418306112289429
d2p1-train-md3050-C-00025,train,md3050,C,242,243,-0.4364335238933563,-180.07687377929688,0.3064832389354706,0.444249148268014,113.72778195661158,0.1502027574541015,0.9618241786956787,0.7664555907249451,0.8047927021980286,0.7856241464614868,0.6816456317901611,0.8560963273048401
d2p1-train-md3050-C-00026,train,md3050,C,243,308,-0.49876922369003296,-166.11618041992188,0.2137385606765747,0.21618077722654913,55.34227896999658,0.18972589805414763,0.9587173461914062,0.8302165269851685,0.8367319703102112,0.8334742486476898,0.7074447870254517,0.9489248991012573
d2p1-train-md3050-C-00027,train,md3050,C,308,309,-0.5083347260951996,-179.22252655029297,0.4114912748336792,0.06086872150628016,15.58239270560772,0.5027196224753658,0.957715630531311,0.700352668762207,0.9068355560302734,0.8035941123962402,0.6744985580444336,0.8206853866577148
d2p1-train-md3050-C-00028,train,md3050,C,309,310,-0.6398778259754181,-203.32464218139648,0.3904137909412384,0.05205624149706307,13.326397823248145,0.4244318438789075,0.9733710289001465,0.6806032061576843,0.84535813331604,0.7629806697368622,0.6388170719146729,0.807470440864563
d2p1-train-md3050-C-00029,train,md3050,C,310,311,-0.6551854312419891,-199.81296920776367,0.4569648802280426,0.05510996952116806,14.108152197419024,0.4135411615715854,0.959679901599884,0.7514660358428955,0.8470571637153625,0.799261599779129,0.6621973514556885,0.8650782704353333
d2p1-train-md3050-C-00030,train,md3050,C,311,312,-0.49840468168258667,-183.81476593017578,0.41958433389663696,0.04060512067385369,10.394910892506545,0.3723065692952607,0.9569345116615295,0.6990531086921692,0.8724340796470642,0.7857435941696167,0.6618636846542358,0.820598840713501
d2p1-train-md3050-C-00031,train,md3050,C,312,313,-0.4241487979888916,-170.15550231933594,0.38591259717941284,0.04593931188466409,11.760463842474007,0.3950782762487854,0.9525578022003174,0.6886557340621948,0.9089128971099854,0.7987843155860901,0.6711097955703735,0.8064130544662476
d2p1-train-md3050-C-00032,train,md3050,C,313,314,-0.44873878359794617,-184.3467140197754,0.37492507696151733,0.0513096547028727,13.135271603935411,0.3942213332540699,0.9550092220306396,0.7004995346069336,0.9245390892028809,0.8125193119049072,0.6855617761611938,0.8205891251564026
d2p1-train-md3050-C-00033,train,md3050,C,314,315,-0.4461294114589691,-159.31007385253906,0.3793826103210449,0.04085281980288723,10.45832186953913,0.3310368769383125,0.940873384475708,0.6927265524864197,0.7905402183532715,0.7416333854198456,0.6383761167526245,0.7782865762710571
d2p1-train-md3050-C-00034,train,md3050,C,315,316,-0.3423917293548584,-158.26223754882812,0.361030250787735,0.03937606671173273,10.080273078203579,0.33485730314469725,0.9578986167907715,0.6337422132492065,0.82745361328125,0.7305979132652283,0.6125996112823486,0.7291932106018066
d2p1-train-md3050-C-00035,train,md3050,C,316,367,-0.531472235918045,-176.8816680908203,0.27285051345825195,0.2793930617204232,71.52462380042834,0.26995005284614704,0.9664137363433838,0.7848398685455322,0.8341019153594971,0.8094708919525146,0.6847791075706482,0.9111419916152954
d2p1-train-md3050-C-00036,train,md3050,C,736,737,-0.6192196756601334,-201.65137672424316,0.27858203649520874,0.041963094437358205,10.7425521759637,0.3483565906460592,0.9698306322097778,0.7026464343070984,0.8268563747406006,0.7647514045238495,0.6556812524795532,0.8469644784927368
d2p1-train-md3050-C-00037,train,md3050,C,737,738,-0.5473767817020416,-191.09423446655273,0.2815660238265991,0.0422318497565619,10.811353537679846,0.35180584146367155,0.9707242250442505,0.7063181400299072,0.8023974895477295,0.7543578147888184,0.6532003879547119,0.8406935930252075
d2p1-train-md3050-C-00038,train,md3050,C,738,739,-0.5785766243934631,-199.0009365081787,0.2850881814956665,0.2902728106635252,74.30983952986246,0.141208452845061,0.9733138084411621,0.7234299182891846,0.8248234987258911,0.7741267085075378,0.6632269620895386,0.8470681309700012
d2p1-train-md3050-C-00039,train,md3050,C,739,740,-0.5571247339248657,-194.12396049499512,0.2886427640914917,0.03335224302734818,8.538174215001135,0.3633572864482444,0.977645993232727,0.7621859312057495,0.8582426309585571,0.8102142810821533,0.6807436943054199,0.8657646179199219
d2p1-train-md3050-C-00040,train,md3050,C,740,741,-0.5378987491130829,-191.10155868530273,0.31572961807250977,0.04769841773212248,12.210794939423355,0.40316475481532865,0.9738361835479736,0.7193137407302856,0.8491171598434448,0.7842154502868652,0.6711887121200562,0.8419515490531921
d2p1-train-md3050-C-00041,train,md3050,C,741,742,-0.49922189116477966,-185.90804290771484,0.2328321933746338,0.2991901960269615,76.59269018290215,0.4118630348284453,0.9773433208465576,0.7604653835296631,0.8480948209762573,0.8042801022529602,0.6829109787940979,0.9056028723716736
d2p1-train-md3050-C-00042,train,md3050,C,742,743,-0.39463773369789124,-137.6332778930664,0.17371904850006104,0.37619471040580826,96.30584586388692,0.2756094122939782,0.9722174406051636,0.7868137359619141,0.8656258583068848,0.8262197971343994,0.6948399543762207,0.9254122376441956
d2p1-train-md3050-C-00043,train,md3050,C,743,744,-0.5769717842340469,-199.72036743164062,0.26049214601516724,0.37377317301715834,95.68593229239254,0.35380189999439127,0.9726661443710327,0.7430382370948792,0.8222168684005737,0.7826275527477264,0.6549535989761353,0.8845769762992859
d2p1-train-md3050-C-00044,train,md3050,C,744,745,-0.5888998359441757,-203.7164134979248,0.22465533018112183,0.2746585012768643,70.31257632687726,0.2433850428886925,0.9717252254486084,0.7418283224105835,0.8441247940063477,0.7929765582084656,0.6724305152893066,0.8700477480888367
d2p1-train-md3050-C-00045,train,md3050,C,745,746,-0.4926472306251526,-160.04864501953125,0.16331398487091064,0.3384902686722439,86.65350878009444,0.35982386390685295,0.9590860605239868,0.7633192539215088,0.8225531578063965,0.7929362058639526,0.6738957166671753,0.9192176461219788
d2p1-train-md3050-C-00046,train,md3050,C,746,747,-0.5628261268138885,-196.60361671447754,0.22483468055725098,0.3269046342366657,83.68758636458642,0.18914755953404333,0.9711005687713623,0.7462567687034607,0.8489928245544434,0.797624796628952,0.6727795004844666,0.8744856715202332
d2p1-train-md3050-C-00047,train,md3050,C,747,748,-0.5820696651935577,-203.3537940979004,0.30134421586990356,0.3729888806527072,95.48515344709304,0.18016820831425706,0.9728108644485474,0.7492475509643555,0.8141671419143677,0.7817073464393616,0.6518648862838745,0.8937675356864929
d2p1-train-md3050-C-00048,train,md3050,C,748,749,-0.48797607421875,-188.8703384399414,0.26065027713775635,0.28102649005745145,71.94278145470757,0.19481761466866632,0.9604902863502502,0.7992455959320068,0.8089910745620728,0.8041183352470398,0.6764681935310364,0.8929393291473389
d2p1-train-md3050-C-00049,train,md3050,C,749,750,-0.46487927436828613,-171.16059112548828,0.2419397234916687,0.40212753146770785,102.94464805573321,0.31944645726341314,0.9621596336364746,0.7992416620254517,0.801357626914978,0.8002996444702148,0.6610939502716064,0.9079309701919556
d2p1-train-md3050-C-00050,train,md3050,C,750,751,-0.5300339758396149,-182.9326629638672,0.2456865906715393,0.289685506404641,74.1594896395881,0.06245607679326888,0.9473056793212891,0.7800841331481934,0.7649616003036499,0.7725228667259216,0.6503728628158569,0.8979213833808899
d2p1-train-md3050-C-00051,train,md3050,C,751,752,-0.4756617546081543,-178.35545349121094,0.24848181009292603,0.2968806020981704,76.00143413713162,0.11604227010010248,0.950058102607727,0.7796659469604492,0.7954952716827393,0.7875806093215942,0.6680561304092407,0.8907268047332764
d2p1-train-md3050-C-00052,train,md3050,C,752,753,-0.4643714427947998,-166.1685028076172,0.220084547996521,0.3623959227436651,92.77335622237827,0.2714246835556747,0.9529373645782471,0.8035093545913696,0.8405472636222839,0.8220283091068268,0.6704459190368652,0.8883046507835388
d2p1-train-md3050-C-00053,train,md3050,C,753,754,-0.4817799925804138,-178.9417381286621,0.2201216220855713,0.3015237922640018,77.19009081958446,0.12074641602082728,0.950749397277832,0.7881590127944946,0.7918171286582947,0.7899880707263947,0.6662055253982544,0.8816679120063782
d2p1-train-md3050-C-00054,train,md3050,C,754,755,-0.5413554906845093,-184.81153869628906,0.2474117875099182,0.3486043607627289,89.2427163552586,0.28459480519793634,0.9551752805709839,0.798484206199646,0.818172812461853,0.8083285093307495,0.6769729852676392,0.8927990198135376
d2p1-train-md3050-C-00055,train,md3050,C,755,756,-0.546589732170105,-184.21818923950195,0.2585115432739258,0.3620620035964055,92.68787292067981,0.3633441927637561,0.9377249479293823,0.7535948753356934,0.7529027462005615,0.7532488107681274,0.6342083215713501,0.8604677319526672
d2p1-train-md3050-C-00056,train,md3050,C,756,757,-0.5721270889043808,-192.6772518157959,0.2816948890686035,0.363326018061225,93.0114606236736,0.3577322974977414,0.9420032501220703,0.7462769746780396,0.7869360446929932,0.7666065096855164,0.6431781053543091,0.8805086016654968
d2p1-train-md3050-C-00057,train,md3050,C,757,758,-0.44419071078300476,-170.3250732421875,0.2550966739654541,0.3630895471481019,92.95092406991408,0.29664653969565546,0.948222815990448,0.7591371536254883,0.7875721454620361,0.7733546495437622,0.661492645740509,0.8848146200180054
d2p1-train-md3050-C-00058,train,md3050,C,758,759,-0.3327961564064026,-146.68467712402344,0.2351180911064148,0.3487916876621833,89.29067204151893,0.1954612396196291,0.9471263885498047,0.769699215888977,0.7758713960647583,0.7727853059768677,0.6582555770874023,0.8857982158660889
d2p1-train-md3050-C-00059,train,md3050,C,759,760,-0.48870381712913513,-176.738037109375,0.258924663066864,0.37083189513241943,94.93296515389937,0.3777997775237961,0.9561336040496826,0.7751998901367188,0.7871110439300537,0.7811554670333862,0.6669367551803589,0.8748729228973389
d2p1-train-md3050-C-00060,train,md3050,C,760,761,-0.5809082090854645,-200.7432861328125,0.31324613094329834,0.378045825125975,96.7797312322496,0.343033003000076,0.965402364730835,0.7573640942573547,0.8267987370491028,0.7920814156532288,0.673938512802124,0.8778971433639526
d2p1-train-md3050-C-00061,train,md3050,C,761,762,-0.6283030062913895,-206.60067749023438,0.3334779143333435,0.34271684158761234,87.73551144642876,0.24701482478392148,0.9700305461883545,0.7582780718803406,0.8189646601676941,0.7886213660240173,0.6647765636444092,0.8586257696151733
d2p1-train-md3050-C-00062,train,md3050,C,762,763,-0.574604943394661,-197.47740936279297,0.3044683337211609,0.3793361823587332,97.1100626838357,0.3591711141495904,0.9560075998306274,0.770614504814148,0.7810322046279907,0.7758233547210693,0.6593023538589478,0.8758023977279663
d2p1-train-md3050-C-00063,train,md3050,C,763,764,-0.47481000423431396,-171.11405181884766,0.26052939891815186,0.4917344465099448,125.88401830654587,0.2676692613170021,0.9548381567001343,0.7640939950942993,0.785420298576355,0.7747571468353271,0.6760090589523315,0.8791202306747437
d2p1-train-md3050-C-00064,train,md3050,C,764,765,-0.6140416413545609,-203.50562858581543,0.3141389489173889,0.2998191195307463,76.75369459987105,0.12023545207530678,0.9645337462425232,0.7752953767776489,0.8016042709350586,0.7884498238563538,0.6810022592544556,0.8924974203109741
d2p1-train-md3050-C-00065,train,md3050,C,765,766,-0.4708937406539917,-180.03489303588867,0.26155686378479004,0.3409325734972981,87.27873881530832,0.13574386513519004,0.9524233341217041,0.7890627384185791,0.8164429664611816,0.8027528524398804,0.6874539852142334,0.8862375020980835
d2p1-train-md3050-C-00066,train,md3050,C,766,767,-0.5573260933160782,-196.7221336364746,0.2979276180267334,0.3520801860432074,90.1325276270611,0.1748504956107786,0.9664736986160278,0.7648690938949585,0.811947226524353,0.7884081602096558,0.6827515959739685,0.8685755729675293
d2p1-train-md3050-C-00067,train,md3050,C,767,768,-0.5055130124092102,-175.6001853942871,0.29178714752197266,0.3875702364402929,99.21798052871499,0.42245115892371193,0.9630022048950195,0.7663853764533997,0.8080761432647705,0.7872307598590851,0.6838113069534302,0.8590866923332214
d2p1-train-md3050-C-00068,train,md3050,C,768,769,-0.5294082760810852,-172.06744384765625,0.3280579447746277,0.37913070509925534,97.05746050540937,0.25740054610291274,0.9761298298835754,0.7532446384429932,0.8493947982788086,0.8013197183609009,0.6882047653198242,0.853139340877533
d2p1-train-md3050-C-00069,train,md3050,C,769,770,-0.5763415992259979,-192.1645278930664,0.3182879686355591,0.4067975759823836,104.1401794514902,0.4937721406381844,0.9803979396820068,0.781328558921814,0.8625377416610718,0.8219331502914429,0.7025347352027893,0.8848146796226501
d2p1-train-md3050-C-00070,train,md3050,C,770,771,-0.5597450137138367,-191.96242904663086,0.30209940671920776,0.4126921058923901,105.64917910845186,0.3291855820564355,0.9773489832878113,0.8036047220230103,0.8397294282913208,0.8216670751571655,0.710311770439148,0.8920044302940369
d2p1-train-md3050-C-00071,train,md3050,C,771,772,-0.5465085208415985,-194.9051856994629,0.2912721037864685,0.4009930675111424,102.65422528285245,0.3057009423237311,0.9758080840110779,0.795619010925293,0.8110812306404114,0.8033501207828522,0.6947526335716248,0.9013463854789734
d2p1-train-md3050-C-00072,train,md3050,C,772,773,-0.5089530050754547,-177.78016662597656,0.2936757206916809,0.3826701718796648,97.96356400119419,0.23584435079955246,0.9685968160629272,0.7986108064651489,0.8058919310569763,0.8022513687610626,0.6943812370300293,0.9157493114471436
d2p1-train-md3050-C-00073,train,md3050,C,773,774,-0.57828688621521,-164.96608352661133,0.31768345832824707,0.3915551100545955,100.23810817397644,0.3369921835549824,0.9636963605880737,0.7659908533096313,0.7995010018348694,0.7827459275722504,0.6827701330184937,0.8743160367012024
d2p1-train-md3050-C-00074,train,md3050,C,774,775,-0.658625990152359,-202.3421630859375,0.334958553314209,0.39260163338578924,100.50601814676205,0.30224411082446834,0.9709546566009521,0.779359757900238,0.8034632802009583,0.7914115190505981,0.6977660655975342,0.8938437104225159
d2p1-train-md3050-C-00075,train,md3050,C,775,776,-0.5533139556646347,-174.53570556640625,0.25357961654663086,0.36283084652862235,92.88469671132732,0.008123282227555761,0.9536595940589905,0.8034613132476807,0.8013019561767578,0.8023816347122192,0.7055516242980957,0.9065374135971069
d2p1-train-md3050-C-00076,train,md3050,C,776,777,-0.539383664727211,-182.35969161987305,0.26860296726226807,0.43957157745485237,112.5303238284422,0.30162504951800173,0.9685424566268921,0.7881702184677124,0.827959418296814,0.8080648183822632,0.7041255235671997,0.8999550342559814
d2p1-train-md3050-C-00077,train,md3050,C,777,778,-0.5276909172534943,-169.69638061523438,0.26186031103134155,0.4397422868003628,112.57402542089288,0.27465364243020035,0.9642744064331055,0.7834151387214661,0.8280346393585205,0.8057248890399933,0.7050004601478577,0.8781344294548035
d2p1-train-md3050-C-00078,train,md3050,C,778,779,-0.5776567608118057,-189.80071640014648,0.27970218658447266,0.4395084461963246,112.5141622262591,0.28049978980610457,0.9696849584579468,0.795600414276123,0.8267502784729004,0.8111753463745117,0.7244511842727661,0.9072689414024353
d2p1-train-md3050-C-00079,train,md3050,C,779,780,-0.48931485414505005,-150.57315063476562,0.21018320322036743,0.234193084754077,59.95342969704371,0.13599846133205715,0.9611929655075073,0.8561729788780212,0.836583137512207,0.8463780581951141,0.7160482406616211,0.9220027923583984
d2p1-train-md3050-C-00080,train,md3050,C,780,781,-0.4990605413913727,-180.1164321899414,0.2611541152000427,0.40483721848132936,103.63832793122032,0.17520967830929438,0.9558824896812439,0.8419755697250366,0.8516900539398193,0.846832811832428,0.7593660950660706,0.9310755133628845
d2p1-train-md3050-C-00081,train,md3050,C,781,782,-0.5529685318470001,-184.82514572143555,0.2557622194290161,0.33294822355037573,85.23474522889619,0.2823170187981985,0.9622488617897034,0.8012763261795044,0.8270904421806335,0.814183384180069,0.7308403253555298,0.9028353691101074
d2p1-train-md3050-C-00082,train,md3050,C,782,783,-0.5796169489622116,-183.4449119567871,0.2803897261619568,0.45325417585605743,116.0330690191507,0.09057710847143183,0.9756344556808472,0.8038461208343506,0.8515905141830444,0.8277183175086975,0.7376524209976196,0.9080913066864014
d2p1-train-md3050-C-00083,train,md3050,C,783,784,-0.5158689320087433,-173.02835083007812,0.2729220986366272,0.41915088425255953,107.30262636865524,0.3769041456998038,0.9564367532730103,0.8066394329071045,0.8160638809204102,0.8113516569137573,0.7248982191085815,0.9111465811729431
d2p1-train-md3050-C-00084,train,md3050,C,784,785,-0.594889760017395,-192.30685997009277,0.2947653532028198,0.4123540227922121,105.5626298348063,0.4145633791240668,0.9569942355155945,0.8431276082992554,0.8349880576133728,0.8390578329563141,0.7138004899024963,0.9183673858642578
d2p1-train-md3050-C-00085,train,md3050,C,785,786,-0.6566767394542694,-203.41454696655273,0.29322129487991333,0.4657240479101928,119.22535626500935,0.1542643293851723,0.9669451713562012,0.7907791137695312,0.808151125907898,0.7994651198387146,0.7024435997009277,0.8958545327186584
d2p1-train-md3050-C-00086,train,md3050,C,786,787,-0.5784809738397598,-188.49485397338867,0.29466962814331055,0.4747525343188306,121.53664878562063,0.033504477331053696,0.9623762369155884,0.7732863426208496,0.7991365194320679,0.7862114310264587,0.6875962018966675,0.8849467039108276
d2p1-train-md3050-C-00087,train,md3050,C,787,788,-0.5788270831108093,-190.25241470336914,0.28679800033569336,0.41693717342593173,106.73591639703852,0.0868942780294206,0.9607948064804077,0.7777624130249023,0.8028314113616943,0.7902969121932983,0.7006349563598633,0.880655825138092
d2p1-train-md3050-C-00088,train,md3050,C,788,789,-0.6590086668729782,-203.8235321044922,0.3161051869392395,0.3203327464789371,82.0051830986079,0.3980305263392864,0.971332311630249,0.8044479489326477,0.8243527412414551,0.8144003450870514,0.7141251564025879,0.9087655544281006
d2p1-train-md3050-C-00089,train,md3050,C,789,790,-0.6037680059671402,-193.35987854003906,0.2788756489753723,0.3180225742263582,81.4137790019477,0.34447828333592306,0.9577286839485168,0.8278951644897461,0.8220641613006592,0.8249796628952026,0.7197923064231873,0.9281361699104309
d2p1-train-md3050-C-00090,train,md3050,C,790,791,-0.5678922235965729,-168.30384063720703,0.2663170099258423,0.3422824815753518,87.62431528329006,0.3224966452946787,0.9474722146987915,0.806656002998352,0.8061907887458801,0.8064233958721161,0.6962368488311768,0.9154586791992188
d2p1-train-md3050-C-00091,train,md3050,C,791,792,-0.579875111579895,-186.69234466552734,0.2288993000984192,0.38359792613149707,98.20106908966325,0.11037198293664655,0.9413438439369202,0.8520530462265015,0.8281108736991882,0.8400819599628448,0.6981160044670105,0.9157642722129822
d2p1-train-md3050-C-00092,train,md3050,C,792,793,-0.5438793748617172,-175.44717025756836,0.26847773790359497,0.4364952917039346,111.74279467620725,0.1137889350335233,0.9545702934265137,0.7997974157333374,0.8092464804649353,0.8045219480991364,0.7062605023384094,0.9032719731330872
d2p1-train-md3050-C-00093,train,md3050,C,793,794,-0.4847046136856079,-173.05724716186523,0.26628750562667847,0.43997395115229626,112.63333149498784,0.14871784795574328,0.953561007976532,0.8010404109954834,0.8041158318519592,0.8025781214237213,0.6934145092964172,0.9094284772872925
d2p1-train-md3050-C-00094,train,md3050,C,794,795,-0.5547708719968796,-186.48537826538086,0.31216973066329956,0.4699175470646795,120.29889204855795,0.003991856203215465,0.9598955512046814,0.7985525131225586,0.8182572722434998,0.8084048926830292,0.7133501768112183,0.9092583060264587
d2p1-train-md3050-C-00095,train,md3050,C,795,796,-0.6258421391248703,-196.3561134338379,0.3124626874923706,0.38363551935769097,98.21069295556889,0.21387764425200206,0.9472894668579102,0.8267406821250916,0.8136773109436035,0.8202089965343475,0.6944302320480347,0.9156138300895691
d2p1-train-md3050-C-00096,train,md3050,C,796,797,-0.555674284696579,-182.36349487304688,0.3126612901687622,0.38557491734054883,98.7071788391805,0.21727875782770228,0.956730306148529,0.8163051605224609,0.817470371723175,0.816887766122818,0.7180337905883789,0.9106235504150391
d2p1-train-md3050-C-00097,train,md3050,C,797,798,-0.4503336548805237,-163.31296157836914,0.2745981216430664,0.3980956032811569,101.91247443997617,0.2729365062128618,0.9462765455245972,0.8209884166717529,0.8120907545089722,0.8165395855903625,0.7055306434631348,0.909244179725647
d2p1-train-md3050-C-00098,train,md3050,C,798,799,-0.5703824311494827,-193.70540618896484,0.3362748622894287,0.47464518884018725,121.50916834308794,0.11621520891573213,0.9654538631439209,0.8001740574836731,0.8181289434432983,0.8091515004634857,0.7139534950256348,0.9074828624725342
d2p1-train-md3050-C-00099,train,md3050,C,799,800,-0.43445295095443726,-155.6070098876953,0.2944057583808899,0.46196773611052583,118.26374044429461,0.22916409022880802,0.9733200669288635,0.8135131597518921,0.8341823220252991,0.8238477408885956,0.7118583917617798,0.8964953422546387
d2p1-train-md3050-C-00100,train,md3050,C,800,801,-0.4110873341560364,-145.8424835205078,0.323353111743927,0.47311499038526783,121.11743753862856,0.18567492142439285,0.9723368883132935,0.8028162717819214,0.8320682048797607,0.8174422383308411,0.7176896929740906,0.8931835889816284
d2p1-train-md3050-C-00101,train,md3050,C,801,802,-0.47357499599456787,-159.99839782714844,0.32295453548431396,0.3747253408017517,95.92968724524843,0.6220800942521709,0.9642477035522461,0.7825278043746948,0.8035229444503784,0.7930253744125366,0.7047708034515381,0.9011664986610413
d2p1-train-md3050-C-00102,train,md3050,C,802,803,-0.42129766941070557,-144.536865234375,0.2758128046989441,0.46542901512174967,119.14982787116791,0.15696552647014772,0.9636633992195129,0.8005152940750122,0.8240196108818054,0.8122674524784088,0.718248724937439,0.8970909714698792
d2p1-train-md3050-C-00103,train,md3050,C,803,804,-0.35003310441970825,-131.98551177978516,0.28167927265167236,0.36588473317627407,93.66649169312616,0.588004420305239,0.9571054577827454,0.799007773399353,0.7928894758224487,0.7959486246109009,0.7017935514450073,0.8975757360458374
d2p1-train-md3050-C-00104,train,md3050,C,804,805,-0.2742156982421875,-105.15300750732422,0.3002534508705139,0.364235399070759,93.24426216211431,0.5534062015493084,0.9545843601226807,0.8185402154922485,0.80985426902771,0.8141972422599792,0.7178636789321899,0.9112424850463867
d2p1-train-md3050-C-00105,train,md3050,C,805,806,-0.42835327982902527,-158.141357421875,0.2836951017379761,0.35544637482886443,90.9942719561893,0.5077728206313634,0.9479907751083374,0.7953827381134033,0.7924355268478394,0.7939091324806213,0.6808931827545166,0.8864465951919556
d2p1-train-md3050-C-00106,train,md3050,C,806,807,-0.38154250383377075,-145.93292999267578,0.3194504976272583,0.3711491645679554,95.01418612939658,0.5516523198602928,0.9510035514831543,0.785893440246582,0.8122851252555847,0.7990892827510834,0.6847192049026489,0.9036266803741455
d2p1-train-md3050-C-00107,train,md3050,C,807,808,-0.5372228622436523,-182.41719818115234,0.302984356880188,0.3635421420494581,93.06678836466128,0.3102507233940336,0.9653099775314331,0.7951329946517944,0.8304811120033264,0.8128070533275604,0.7049787044525146,0.8978296518325806
d2p1-train-md3050-C-00108,train,md3050,C,808,809,-0.319083571434021,-109.70623397827148,0.2828197479248047,0.3814590424281216,97.65351486159913,0.37005891856552864,0.9523071050643921,0.798119306564331,0.7882455587387085,0.7931824326515198,0.7093991041183472,0.8969816565513611
d2p1-train-md3050-C-00109,train,md3050,C,809,810,-0.4246770739555359,-169.74513244628906,0.2796056866645813,0.354074736521399,90.64313254947814,0.15352146070027442,0.9542636871337891,0.7740973234176636,0.7921490669250488,0.7831231951713562,0.7009385824203491,0.9048056602478027
d2p1-train-md3050-C-00110,train,md3050,C,810,811,-0.47825029492378235,-179.36783981323242,0.27645307779312134,0.3426668305249413,87.72270861438497,0.2391634779851012,0.9527863264083862,0.7661564350128174,0.7826893925666809,0.7744229137897491,0.6666213274002075,0.8892701268196106
d2p1-train-md3050-C-00111,train,md3050,C,811,812,-0.3851252496242523,-164.48285293579102,0.22775864601135254,0.33714972158271117,86.31032872517406,0.25406515028925303,0.955213189125061,0.7876057028770447,0.8045233488082886,0.7960645258426666,0.7003583312034607,0.9059013724327087
d2p1-train-md3050-C-00112,train,md3050,C,812,813,-0.41713032126426697,-175.47103881835938,0.29649174213409424,0.2793080044753469,71.50284914568881,0.15042016700465846,0.9450977444648743,0.8012734651565552,0.7982381582260132,0.7997558116912842,0.7083879709243774,0.9101660847663879
d2p1-train-md3050-C-00113,train,md3050,C,813,814,-0.40540027618408203,-178.00590896606445,0.2623845338821411,0.3494563377636976,89.46082246750659,0.36755071902080905,0.9371910095214844,0.8062573671340942,0.8075541853904724,0.8069057762622833,0.7142156362533569,0.9148152470588684
d2p1-train-md3050-C-00114,train,md3050,C,814,815,-0.31799328327178955,-150.9829864501953,0.23235291242599487,0.334045937414032,85.51575997799219,0.33960521831590496,0.9519957900047302,0.8235824704170227,0.8148960471153259,0.8192392587661743,0.7215100526809692,0.9202036261558533
d2p1-train-md3050-C-00115,train,md3050,C,815,816,-0.45951446890830994,-186.10557556152344,0.27618926763534546,0.33800998310584185,86.53055567509551,0.2471581769072307,0.9529455900192261,0.8218185901641846,0.8127323389053345,0.8172754645347595,0.7112463712692261,0.9082707762718201
d2p1-train-md3050-C-00116,train,md3050,C,816,817,-0.41032344102859497,-176.32795333862305,0.276398241519928,0.3352866859636432,85.83339160669266,0.28750674387910313,0.9549368023872375,0.8003029823303223,0.8112237453460693,0.8057633638381958,0.712440013885498,0.9016185402870178
d2p1-train-md3050-C-00117,train,md3050,C,817,818,-0.4415861666202545,-164.85103225708008,0.2571960687637329,0.3343993071474522,85.60622262974776,0.2743499709693149,0.9348092675209045,0.790205717086792,0.7800642251968384,0.7851349711418152,0.6828234195709229,0.9009402394294739
d2p1-train-md3050-C-00118,train,md3050,C,818,819,-0.40716782212257385,-160.11169815063477,0.2613722085952759,0.3338183109208901,85.45748759574786,0.30125345488940214,0.9403669834136963,0.811931312084198,0.8191874027252197,0.8155593574047089,0.7066012024879456,0.9217846393585205
d2p1-train-md3050-C-00119,train,md3050,C,819,820,-0.25696808099746704,-115.54366302490234,0.17726415395736694,0.29273784808075975,74.9408891086745,0.08837395704684176,0.9397748112678528,0.8174560070037842,0.8230003118515015,0.8202281594276428,0.700825572013855,0.9246250987052917
d2p1-train-md3050-C-00120,train,md3050,C,820,821,-0.2639327645301819,-119.26466369628906,0.20775139331817627,0.29297595313257535,75.00184400193929,0.10328085368635989,0.9421994090080261,0.8391270041465759,0.8382846117019653,0.8387058079242706,0.7121143937110901,0.9354259371757507
d2p1-train-md3050-C-00121,train,md3050,C,821,822,-0.34949791431427,-151.83871459960938,0.24615168571472168,0.2954662044044826,75.63934832754755,0.097958941402779,0.9445475935935974,0.8148322701454163,0.7992848753929138,0.807058572769165,0.6997077465057373,0.9146963357925415
d2p1-train-md3050-C-00122,train,md3050,C,822,823,-0.5115557909011841,-181.53103256225586,0.26701730489730835,0.28390586095222825,72.67990040377043,0.18101973778065314,0.9434609413146973,0.8242976665496826,0.8152562379837036,0.8197769522666931,0.7037370204925537,0.9241154193878174
d2p1-train-md3050-C-00123,train,md3050,C,823,824,-0.4933023154735565,-173.8343048095703,0.2575529217720032,0.31234449007881654,79.96018946017703,0.2678939004648812,0.9521828293800354,0.8122211694717407,0.7983688712120056,0.8052950203418732,0.6942304372787476,0.9250977635383606
d2p1-train-md3050-C-00124,train,md3050,C,824,825,-0.45780715346336365,-166.0020637512207,0.253159761428833,0.32587144926012124,83.42309101059104,0.3855936418048784,0.9495021104812622,0.8283507227897644,0.8232756853103638,0.8258132040500641,0.6972167491912842,0.924999475479126
d2p1-train-md3050-C-00125,train,md3050,C,825,826,-0.3829074203968048,-155.15894317626953,0.2059192657470703,0.3130101506228243,80.13059855944302,0.24205466491842104,0.9534604549407959,0.7913413047790527,0.8102409243583679,0.8007911145687103,0.6891360282897949,0.9183022379875183
d2p1-train-md3050-C-00126,train,md3050,C,826,827,-0.35560914874076843,-159.27648544311523,0.25511932373046875,0.3761533045881588,96.29524597456866,0.6231200311589815,0.9336204528808594,0.7749017477035522,0.7706798315048218,0.772790789604187,0.6464311480522156,0.8956146240234375
d2p1-train-md3050-C-00127,train,md3050,C,827,828,-0.29353564977645874,-98.21455955505371,0.258622944355011,0.3367572793887438,86.20986352351841,0.3935622325655405,0.9498631954193115,0.8030455112457275,0.8013266324996948,0.8021860718727112,0.7139135599136353,0.9177377820014954
d2p1-train-md3050-C-00128,train,md3050,C,828,829,-0.16054010391235352,-51.55708312988281,0.23233211040496826,0.3485640185556744,89.23238875025265,0.5208515433031113,0.9336519241333008,0.7664271593093872,0.7638326287269592,0.7651298940181732,0.6643010377883911,0.8777658343315125
d2p1-train-md3051-A-00000,train,md3051,A,6,7,-0.6087271273136139,-193.63782501220703,0.30912595987319946,0.3508909488359292,89.82808290199787,0.3619280482946769,0.9321025013923645,0.7768623232841492,0.7980667352676392,0.7874645292758942,0.6687513589859009,0.8899825811386108
d2p1-train-md3051-A-00001,train,md3051,A,23,24,-0.3310237228870392,-91.84493255615234,0.22893059253692627,0.38810242129813693,99.35421985232306,0.16374194119380084,0.9521097540855408,0.7872954607009888,0.8842360973358154,0.8357657790184021,0.7161674499511719,0.87714684009552
d2p1-train-md3051-A-00002,train,md3051,A,36,37,-0.5244253575801849,-178.6462631225586,0.21989083290100098,0.36602778184548146,93.70311215244325,0.17711393406380563,0.9604758024215698,0.7926307916641235,0.8883179426193237,0.8404743671417236,0.6973618268966675,0.870823860168457
d2p1-train-md3051-A-00003,train,md3051,A,48,49,-0.4253998100757599,-162.7001609802246,0.19194114208221436,0.4318749647930547,110.559990987022,0.24508976906354674,0.9244153499603271,0.8103964328765869,0.7958223819732666,0.8031094074249268,0.6958504915237427,0.8984878659248352
d2p1-train-md3051-A-00004,train,md3051,A,71,72,-0.3352396488189697,-67.5193862915039,0.2309328317642212,0.3817712667643769,97.73344429168048,0.47370095248950483,0.9499367475509644,0.7915196418762207,0.8717944622039795,0.8316570520401001,0.6818858981132507,0.893390953540802
d2p1-train-md3051-A-00005,train,md3051,A,83,89,-0.35182005167007446,-115.88160705566406,0.28387385606765747,0.1824203588972286,46.69961187769052,0.5874084998453066,0.9487605094909668,0.7705296277999878,0.8804671168327332,0.8254983723163605,0.6739822030067444,0.8459314107894897
d2p1-train-md3051-A-00006,train,md3051,A,105,106,-0.5478573143482208,-176.3053741455078,0.2959822416305542,0.046471857418944884,11.89679549924989,0.3002000459110691,0.9525738954544067,0.7576134204864502,0.8399204015731812,0.7987669110298157,0.660879373550415,0.8458573818206787
d2p1-train-md3051-A-00007,train,md3051,A,117,118,-0.4699372351169586,-135.14833068847656,0.2177048921585083,0.48881957631767836,125.13781153732566,0.41301850797326123,0.9504401683807373,0.8041207790374756,0.8537137508392334,0.8289172649383545,0.6718629002571106,0.8780425786972046
d2p1-train-md3051-A-00008,train,md3051,A,130,131,-0.4057449400424957,-130.87744140625,0.262271523475647,0.42096169974029835,107.76619513351638,0.08498566221626891,0.9431501030921936,0.7667131423950195,0.870197057723999,0.8184551000595093,0.6995247602462769,0.8722892999649048
d2p1-train-md3051-A-00009,train,md3051,A,142,143,-0.4058384299278259,-106.4039306640625,0.12992924451828003,0.4336496761088695,111.0143170838706,0.5161231299346318,0.9448322653770447,0.8385822772979736,0.8310158252716064,0.83479905128479,0.7003011703491211,0.9349908232688904
d2p1-train-md3051-A-00010,train,md3051,A,160,161,-0.4849272668361664,-146.51769256591797,0.2812907099723816,0.4024948736470058,103.03868765363349,0.1400889423797157,0.9475569128990173,0.830986499786377,0.8570041656494141,0.8439953327178955,0.6993632912635803,0.9201115369796753
d2p1-train-md3051-A-00011,train,md3051,A,173,174,-0.2849504053592682,-93.50086212158203,0.2084539532661438,0.39652492271696543,101.51038021554315,0.19325524427284485,0.9337798357009888,0.8020452260971069,0.8436423540115356,0.8228437900543213,0.6882505416870117,0.9125800132751465
d2p1-train-md3051-A-00012,train,md3051,A,185,190,-0.1441134214401245,-70.43217468261719,0.14582449197769165,0.32725029505574266,83.77607553427012,0.26933840694609623,0.9431516528129578,0.8178364634513855,0.8438356518745422,0.8308360576629639,0.6969147324562073,0.9272576570510864
d2p1-train-md3051-A-00013,train,md3051,A,202,203,-0.5026182532310486,-177.93509101867676,0.27365463972091675,0.3316125877678502,84.89282246856965,0.09914087156299152,0.9686276912689209,0.7829031944274902,0.8660751581192017,0.824489176273346,0.7250120043754578,0.902681827545166
d2p1-train-md3051-A-00014,train,md3051,A,214,215,-0.31437647342681885,-120.8096694946289,0.10019129514694214,0.3230159841882588,82.69209195219425,0.23933611444691738,0.9446709156036377,0.8235689401626587,0.87945955991745,0.8515142500400543,0.7173982858657837,0.9233636856079102
d2p1-train-md3051-A-00015,train,md3051,A,227,228,-0.31872329115867615,-133.2891082763672,0.17255836725234985,0.26742366397534617,68.46045797768862,0.36118398697331844,0.9588025808334351,0.7866271138191223,0.8578197360038757,0.822223424911499,0.6684575080871582,0.891778290271759
d2p1-train-md3051-A-00016,train,md3051,A,239,240,-0.2498127520084381,-108.74755859375,0.14997291564941406,0.4435768545118672,113.555674755038,0.4357350130895112,0.9348937273025513,0.7863892316818237,0.7935408353805542,0.789965033531189,0.6550731658935547,0.8839708566665649
d2p1-train-md3051-A-00017,train,md3051,A,252,253,-0.23335784673690796,-49.57923889160156,0.04984891414642334,0.3489716259617897,89.33673624621817,0.20233507090095215,0.9294426441192627,0.8582814931869507,0.8857432007789612,0.8720123469829559,0.7230380773544312,0.9396202564239502
d2p1-train-md3051-A-00018,train,md3051,A,264,265,-0.5248882174491882,-173.21924591064453,0.1916271448135376,0.37309075204518927,95.51123252356845,0.2704688589048099,0.9531209468841553,0.7677514553070068,0.8394430875778198,0.8035972714424133,0.6610375642776489,0.8949923515319824
d2p1-train-md3051-A-00019,train,md3051,A,282,283,-0.3211212456226349,-150.8534049987793,0.2657816410064697,0.013823388488163387,3.538787452969827,0.2042080828177592,0.9040486812591553,0.7198149561882019,0.823600172996521,0.7717075645923615,0.6440914273262024,0.8094522953033447
d2p1-train-md3051-A-00020,train,md3051,A,294,301,-0.2871025502681732,-128.97736358642578,0.22748351097106934,0.010755933923089376,2.7535190843108803,0.3271585668353638,0.9305890202522278,0.6983959674835205,0.8575341105461121,0.7779650390148163,0.6256704330444336,0.8193789124488831
d2p1-train-md3051-A-00021,train,md3051,A,313,314,-0.4816122055053711,-175.41566848754883,0.2388402223587036,0.05194095875399256,13.296885441022095,0.3885067786371315,0.9405456781387329,0.7717445492744446,0.8655568361282349,0.8186506927013397,0.6841780543327332,0.883953332901001
d2p1-train-md3051-A-00022,train,md3051,A,325,326,-0.3954150676727295,-159.13002395629883,0.22870761156082153,0.34472300295278024,88.24908875591174,0.05049650013029916,0.9580421447753906,0.7036347389221191,0.8547713756561279,0.7792030572891235,0.6431773900985718,0.8117991089820862
d2p1-train-md3051-A-00023,train,md3051,A,338,339,-0.5630711168050766,-160.76125717163086,0.2816498875617981,0.37556157517161676,96.14376324393389,0.11613922718780174,0.9449827671051025,0.803418755531311,0.8662806749343872,0.8348497152328491,0.676260232925415,0.8676542043685913
d2p1-train-md3051-A-00024,train,md3051,A,350,351,-0.584764301776886,-192.0033950805664,0.29946625232696533,0.01902464842264353,4.8703099961967435,0.4408589730402066,0.9476951360702515,0.7630178928375244,0.8164513111114502,0.7897346019744873,0.658090353012085,0.877328634262085
d2p1-train-md3051-A-00025,train,md3051,A,368,369,-0.25116026401519775,-131.36221313476562,0.24888944625854492,0.03289084519095081,8.420056368883408,0.2931779515200052,0.9454140067100525,0.7092167139053345,0.8935514688491821,0.8013840913772583,0.6667912602424622,0.8216056823730469
d2p1-train-md3051-A-00026,train,md3051,A,414,415,-0.45673295855522156,-150.96609115600586,0.18454015254974365,0.401797017892982,102.86003658060339,0.09500350058253121,0.930550217628479,0.8231208324432373,0.8160178661346436,0.8195693492889404,0.6620796322822571,0.9002653360366821
d2p1-train-md3051-A-00027,train,md3051,A,427,428,-0.4995057284832001,-158.52510261535645,0.2508535385131836,0.426048624674896,109.06844791677338,0.06347154525077624,0.9473282098770142,0.6966682076454163,0.8554161787033081,0.7760421931743622,0.6405201554298401,0.7986330986022949
d2p1-train-md3051-A-00028,train,md3051,A,477,478,-0.3061821758747101,-143.90346908569336,0.20735949277877808,0.4197980836611415,107.46830941725223,0.4459761979846387,0.9669526815414429,0.7450464963912964,0.8586570024490356,0.801851749420166,0.6495252251625061,0.8415036797523499
d2p1-train-md3051-A-00029,train,md3051,A,489,490,-0.3541523218154907,-128.16511917114258,0.23841720819473267,0.2829711132310676,72.4406049871533,0.21574878230949268,0.9216957092285156,0.751126229763031,0.835181474685669,0.79315385222435,0.6718444228172302,0.8506596684455872
d2p1-train-md3051-A-00030,train,md3051,A,502,503,-0.20878523588180542,-113.20123291015625,0.217354416847229,0.23828327735026558,61.00051900166799,0.5722245803227081,0.9210056066513062,0.7895112037658691,0.8221375942230225,0.8058243989944458,0.6843678951263428,0.8888629078865051
d2p1-train-md3051-A-00031,train,md3051,A,514,515,-0.27743861079216003,-118.61090469360352,0.2259349226951599,0.27357294217700384,70.03467319731298,0.2938294586396554,0.9621795415878296,0.7562832832336426,0.8880255818367004,0.8221544325351715,0.674191415309906,0.824204683303833
d2p1-train-md3051-A-00032,train,md3051,A,527,528,-0.48757927119731903,-159.47735595703125,0.2636006474494934,0.3801566393451532,97.32009967235922,0.03591008586944912,0.9626930952072144,0.7360193729400635,0.8931999802589417,0.8146096765995026,0.6806129217147827,0.8226156234741211
d2p1-train-md3051-A-00033,train,md3051,A,544,545,-0.5086561888456345,-167.84292602539062,0.269122838973999,0.45499816810579397,116.47953103508326,0.0913061169551499,0.9555677175521851,0.760898768901825,0.8826775550842285,0.8217881619930267,0.712144136428833,0.8640051484107971
d2p1-train-md3051-A-00034,train,md3051,A,557,558,-0.4888914078474045,-157.00652694702148,0.228318452835083,0.34339604472303836,87.90938744909782,0.047384859824887875,0.9621565937995911,0.8180100321769714,0.8962904214859009,0.8571502268314362,0.7264095544815063,0.8876822590827942
d2p1-train-md3051-A-00035,train,md3051,A,569,570,-0.3361503779888153,-79.80467987060547,0.1487857699394226,0.2439119835560692,62.44146779035371,0.22501746769823316,0.9191147685050964,0.8405485153198242,0.8291773796081543,0.8348629474639893,0.7237114310264587,0.9073031544685364
d2p1-train-md3051-A-00036,train,md3051,A,582,583,-0.30595487356185913,-87.55110168457031,0.1367706060409546,0.2112776488224588,54.087078098549455,0.38039552730086656,0.9511780142784119,0.8407585024833679,0.8707927465438843,0.8557756245136261,0.7088645696640015,0.9287931323051453
d2p1-train-md3051-A-00037,train,md3051,A,594,595,-0.450546994805336,-104.2060604095459,0.15141236782073975,0.20289454735635015,51.94100412322564,0.3119238155083947,0.966041088104248,0.7898381948471069,0.8971473574638367,0.8434927761554718,0.7096652984619141,0.8610877394676208
d2p1-train-md3051-B-00000,train,md3051,B,6,7,-0.2968079447746277,-72.15777206420898,0.12395632266998291,0.39256171601189765,100.4957992990458,0.31336567026874973,0.9420782327651978,0.8556427955627441,0.8509078025817871,0.8532752990722656,0.7705919742584229,0.9325123429298401
d2p1-train-md3051-B-00001,train,md3051,B,23,24,-0.22542735934257507,-61.837646484375,0.13052964210510254,0.3418741522461296,87.51978297500918,0.2043619463804634,0.9438831806182861,0.865269124507904,0.8756285309791565,0.8704488277435303,0.7599537372589111,0.940565288066864
d2p1-train-md3051-B-00002,train,md3051,B,36,37,-0.2921731173992157,-66.54912567138672,0.11950182914733887,0.3572720308136293,91.4616398882891,0.12876405214328915,0.9478323459625244,0.8458650708198547,0.8427349328994751,0.8443000018596649,0.7536342144012451,0.9436255097389221
d2p1-train-md3051-B-00003,train,md3051,B,48,49,-0.1886189877986908,-43.127479553222656,0.10848140716552734,0.4435400663941577,113.54625699690438,0.0765982110464027,0.9511361122131348,0.8667666912078857,0.8533002138137817,0.8600334525108337,0.8013911247253418,0.9495590329170227
d2p1-train-md3051-B-00004,train,md3051,B,71,72,-0.33062733709812164,-87.92979621887207,0.17423099279403687,0.01554191409179257,3.978730007498898,0.26836013621953064,0.9508785605430603,0.8416560888290405,0.8809928894042969,0.8613244891166687,0.7740628123283386,0.8949506878852844
d2p1-train-md3051-B-00005,train,md3051,B,83,89,-0.3402444124221802,-69.94672775268555,0.12128555774688721,0.24772319797654016,63.41713868199428,0.2088123699873788,0.9580245614051819,0.8680124282836914,0.8796652555465698,0.8738388419151306,0.7972701191902161,0.9479235410690308
d2p1-train-md3051-B-00006,train,md3051,B,105,106,-0.44690489768981934,-110.24605178833008,0.20354169607162476,0.03770269047852519,9.651888762502448,0.5880948463118533,0.9495490193367004,0.8471896648406982,0.9015123844146729,0.8743510246276855,0.7555012702941895,0.9075110554695129
d2p1-train-md3051-B-00007,train,md3051,B,117,118,-0.3968023657798767,-98.54167366027832,0.17862802743911743,0.3001072689928633,76.827460862173,0.46288179144202013,0.9695760011672974,0.8265496492385864,0.8917173147201538,0.8591334819793701,0.754173755645752,0.8821980953216553
d2p1-train-md3051-B-00008,train,md3051,B,130,131,-0.347073033452034,-69.26993751525879,0.17272567749023438,0.1193941558531654,30.564903898410343,0.3169488165021781,0.9639582633972168,0.7954355478286743,0.821810245513916,0.8086228966712952,0.7340902090072632,0.894983172416687
d2p1-train-md3051-B-00009,train,md3051,B,142,143,-0.25984707474708557,-79.55297470092773,0.0640115737915039,0.4138377611964678,105.94246686629576,0.26860201353156427,0.952927827835083,0.841167151927948,0.8583881258964539,0.8497776389122009,0.7840091586112976,0.9300751686096191
d2p1-train-md3051-B-00010,train,md3051,B,160,161,-0.2682054936885834,-116.44597625732422,0.1020917296409607,0.4048134341365693,103.63223913896174,0.2748057182598521,0.9431686401367188,0.8638522028923035,0.8328361511230469,0.8483441770076752,0.7611023783683777,0.9141649007797241
d2p1-train-md3051-B-00011,train,md3051,B,173,174,-0.2484675645828247,-73.72182846069336,0.04893368482589722,0.43498609770234237,111.35644101179965,0.24825095665143476,0.9183903932571411,0.850062370300293,0.859673023223877,0.854867696762085,0.7449779510498047,0.9147114753723145
d2p1-train-md3051-B-00012,train,md3051,B,185,190,-0.29962193965911865,-106.10710525512695,0.09093761444091797,0.37340905666019725,95.5927185050105,0.3338459177133461,0.951210618019104,0.8687166571617126,0.847529411315918,0.8581230342388153,0.767673134803772,0.9400094747543335
d2p1-train-md3051-B-00013,train,md3051,B,202,203,-0.25089168548583984,-88.09734725952148,0.0981946587562561,0.3497463952497464,89.53507718393507,0.2480513712682084,0.9435465335845947,0.8317211866378784,0.8262138366699219,0.8289675116539001,0.7498868703842163,0.9209173321723938
d2p1-train-md3051-B-00014,train,md3051,B,214,215,-0.1537683606147766,-39.949913024902344,0.06006908416748047,0.30435395997182657,77.9146137527876,0.3444012735767562,0.9430615305900574,0.8692551255226135,0.8847637176513672,0.8770094215869904,0.7635213136672974,0.9502827525138855
d2p1-train-md3051-B-00015,train,md3051,B,227,228,-0.0658867359161377,7.685844421386719,0.07366520166397095,0.271847502074242,69.59296053100596,0.4777390942294965,0.9118403196334839,0.8413886427879333,0.8517661094665527,0.846577376127243,0.7414829134941101,0.9048933386802673
d2p1-train-md3051-B-00016,train,md3051,B,239,240,-0.10252338647842407,-1.4059600830078125,0.07455533742904663,0.27991744100998667,71.65886489855659,0.4938907578515809,0.953375518321991,0.8620796203613281,0.8813440203666687,0.8717118203639984,0.7646645903587341,0.9292014241218567
d2p1-train-md3051-B-00017,train,md3051,B,252,253,0.0223844051361084,22.70812225341797,0.004800736904144287,0.28768824687365063,73.64819119965456,0.36863934110088137,0.9517995119094849,0.8953887820243835,0.8917304277420044,0.893559604883194,0.7772239446640015,0.9602957963943481
d2p1-train-md3051-B-00018,train,md3051,B,264,265,0.0602494478225708,54.926612854003906,-0.005735516548156738,0.34837359758394193,89.18364098148913,0.1593377927884655,0.9336461424827576,0.8925114870071411,0.9058512449264526,0.8991813659667969,0.7810543775558472,0.9685743451118469
d2p1-train-md3051-B-00019,train,md3051,B,282,283,-0.1271997094154358,-22.946197509765625,0.0026533007621765137,0.3556609598064429,91.04920571044939,0.4760395595730227,0.9361000061035156,0.8666576147079468,0.8797053694725037,0.8731814920902252,0.7534591555595398,0.9231978058815002
d2p1-train-md3051-B-00020,train,md3051,B,294,301,0.02443632483482361,7.800956726074219,0.04633098840713501,0.35656094268368427,91.27960132702317,0.15079933697835618,0.9489246606826782,0.8376842737197876,0.8594008088111877,0.8485425412654877,0.7482132911682129,0.9128383994102478
d2p1-train-md3051-B-00021,train,md3051,B,313,314,0.011397898197174072,31.821701049804688,0.08927440643310547,0.43265114147923533,110.75869221868425,0.37421403595442626,0.9498687982559204,0.8159765005111694,0.8755290508270264,0.8457527756690979,0.7238119840621948,0.9029287695884705
d2p1-train-md3051-B-00022,train,md3051,B,325,326,-0.33608534932136536,-103.69018173217773,0.12011045217514038,0.41952884206422436,107.39938356844144,0.24863254669247803,0.9498522877693176,0.8541086316108704,0.8589192628860474,0.8565139472484589,0.7642049193382263,0.9258553385734558
d2p1-train-md3051-B-00023,train,md3051,B,338,339,-0.20668455958366394,-47.21006393432617,0.1514161229133606,0.3661894699083979,93.74450429654986,0.12427625623299457,0.9560580849647522,0.8376034498214722,0.8346598148345947,0.8361316323280334,0.7514091730117798,0.8923142552375793
d2p1-train-md3051-B-00024,train,md3051,B,350,351,-0.1467001736164093,-48.953819274902344,0.013833940029144287,0.3385278246906614,86.66312312080932,0.19735918367316185,0.937328577041626,0.8678900003433228,0.8631777167320251,0.865533858537674,0.7746813297271729,0.9511588215827942
d2p1-train-md3051-B-00025,train,md3051,B,368,369,-0.18857941031455994,-57.49783897399902,0.10014557838439941,0.24121902352194716,61.75207002161847,0.4475793832159793,0.9389430284500122,0.7979418039321899,0.8352394104003906,0.8165906071662903,0.6861764192581177,0.8671757578849792
d2p1-train-md3051-B-00026,train,md3051,B,414,415,-0.27426721155643463,-50.838191986083984,0.0885053277015686,0.37734981474492413,96.60155257470058,0.1611406938009299,0.9544774889945984,0.868483304977417,0.8683581352233887,0.8684207201004028,0.7694901823997498,0.9517690539360046
d2p1-train-md3051-B-00027,train,md3051,B,427,428,-0.15410849452018738,-46.88105392456055,0.17687809467315674,0.016411179565361006,4.2012619687324175,0.22906604585897458,0.9521284103393555,0.784284234046936,0.8268399238586426,0.8055620789527893,0.697067379951477,0.8781040906906128
d2p1-train-md3051-B-00028,train,md3051,B,477,478,-0.10719695687294006,-26.006885528564453,0.07738363742828369,0.2053889348766983,52.57956732843476,0.16566696642253081,0.9554941654205322,0.8900340795516968,0.8761361837387085,0.8830851316452026,0.818371593952179,0.9314504265785217
d2p1-train-md3051-B-00029,train,md3051,B,489,490,-0.30777639150619507,-68.98951816558838,0.14345526695251465,0.04458035168763136,11.412570032033628,0.36932711670028917,0.9707521200180054,0.8205606937408447,0.8295922875404358,0.8250764906406403,0.7421261072158813,0.8725830316543579
d2p1-train-md3051-B-00030,train,md3051,B,502,503,-0.08436843752861023,-38.997074127197266,0.11853665113449097,0.43305126629707946,110.86112417205234,0.05898868842045865,0.962200939655304,0.8215439915657043,0.8573529720306396,0.839448481798172,0.7169961929321289,0.8985989093780518
d2p1-train-md3051-B-00031,train,md3051,B,514,515,0.04186210036277771,16.115447998046875,0.06329280138015747,0.32173166327075653,82.36330579731367,0.11371739564581661,0.928735613822937,0.8540638089179993,0.8333577513694763,0.8437107801437378,0.7234325408935547,0.9153077602386475
d2p1-train-md3051-B-00032,train,md3051,B,527,528,-0.2829839587211609,-54.64654350280762,0.17743974924087524,0.3413779842189025,87.39276396003903,0.4030973453022637,0.980387806892395,0.7997391819953918,0.8639996647834778,0.8318694233894348,0.7408447861671448,0.8306261301040649
d2p1-train-md3051-B-00033,train,md3051,B,544,545,-0.049484312534332275,-34.97846984863281,0.1529204249382019,0.3625588682971393,92.81507028406766,0.2103082674819053,0.9709781408309937,0.8506564497947693,0.8874946236610413,0.8690755367279053,0.7637792825698853,0.9133920669555664
d2p1-train-md3051-B-00034,train,md3051,B,557,558,-0.0752943754196167,-34.585262298583984,0.13408154249191284,0.2019445662228483,51.69780895304916,0.42125668478655065,0.9340721368789673,0.8425878286361694,0.8638726472854614,0.8532302379608154,0.7757794260978699,0.9210087656974792
d2p1-train-md3051-B-00035,train,md3051,B,569,570,-0.1786394715309143,-59.19139862060547,0.09402543306350708,0.3247743170464129,83.1422251638817,0.5266300047598811,0.9555073976516724,0.8115032315254211,0.8629904985427856,0.8372468650341034,0.7223052978515625,0.887959897518158
d2p1-train-md3051-B-00036,train,md3051,B,582,583,-0.1436654031276703,-66.57289123535156,0.17047297954559326,0.14114692237777615,36.133612128710695,0.36311197629756675,0.9662035703659058,0.7744218707084656,0.8643649220466614,0.8193933963775635,0.6791855096817017,0.7907315492630005
d2p1-train-md3051-B-00037,train,md3051,B,594,595,-0.11684799194335938,-42.11595153808594,0.12651830911636353,0.13389542053117484,34.27722765598076,0.5854765488066426,0.9467594623565674,0.8101469278335571,0.8517253994941711,0.8309361636638641,0.7203702926635742,0.8550785779953003
d2p1-train-md3051-C-00000,train,md3051,C,4,5,-0.6309377551078796,-211.44992637634277,0.3458002209663391,0.3395440998097685,86.92328955130074,0.30405531095835403,0.9457114338874817,0.7429819107055664,0.8144805431365967,0.7787312269210815,0.6296578049659729,0.8393405675888062
d2p1-train-md3051-C-00001,train,md3051,C,17,18,-0.3057519197463989,-155.80123138427734,0.23350465297698975,0.32297124594901694,82.68063896294834,0.517496815425575,0.9339733123779297,0.7824932336807251,0.8460536003112793,0.8142734169960022,0.6937540769577026,0.900374174118042
d2p1-train-md3051-C-00002,train,md3051,C,26,27,-0.5706681311130524,-186.00800704956055,0.37491676211357117,0.3750388396964904,96.00994296230154,0.6108670912075727,0.926532506942749,0.742798388004303,0.8236557245254517,0.7832270562648773,0.6484525203704834,0.8499959111213684
d2p1-train-md3051-C-00003,train,md3051,C,34,35,-0.5119109153747559,-185.45152282714844,0.29592281579971313,0.32353897382570085,82.82597729937942,0.4674399058674011,0.9069815874099731,0.7371731996536255,0.7469524145126343,0.7420628070831299,0.6297168731689453,0.8615554571151733
d2p1-train-md3051-C-00004,train,md3051,C,43,44,-0.34595489501953125,-146.5367431640625,0.2521328330039978,0.3593342358337699,91.98956437344509,0.5028509199809651,0.921509325504303,0.7804648876190186,0.814140796661377,0.7973028421401978,0.6458336710929871,0.9033573865890503
d2p1-train-md3051-C-00005,train,md3051,C,51,52,-0.594347670674324,-189.47434616088867,0.3100448250770569,0.4359885489320453,111.6130685266036,0.30894432830985524,0.9121420383453369,0.7612900733947754,0.7842385768890381,0.7727643251419067,0.641531229019165,0.8525305390357971
d2p1-train-md3051-C-00006,train,md3051,C,70,71,-0.5867650657892227,-205.33924293518066,0.37027931213378906,0.3620390723024672,92.6820025094316,0.8040024655305658,0.9399784207344055,0.7601577639579773,0.8049875497817993,0.7825726568698883,0.672196090221405,0.8874024152755737
d2p1-train-md3051-C-00007,train,md3051,C,78,79,-0.3319412171840668,-158.21743774414062,0.2916654348373413,0.4369692620581548,111.86413108688762,0.36719600290512505,0.9588950276374817,0.788373589515686,0.8472667932510376,0.8178201913833618,0.6824657320976257,0.8868486285209656
d2p1-train-md3051-C-00008,train,md3051,C,91,92,-0.6079705953598022,-216.91350746154785,0.30547040700912476,0.2426596476324905,62.12086979391757,0.5844776577313829,0.9398753643035889,0.6492784023284912,0.7081282138824463,0.6787033081054688,0.5937697887420654,0.7866783142089844
d2p1-train-md3051-C-00009,train,md3051,C,104,105,-0.3648471534252167,-167.4483413696289,0.24183619022369385,0.3573590738840125,91.4839229143072,0.595746271131349,0.93791663646698,0.724258542060852,0.753179669380188,0.73871910572052,0.6277379989624023,0.7942814826965332
d2p1-train-md3051-C-00010,train,md3051,C,112,113,-0.3460760712623596,-161.9365997314453,0.18569818139076233,0.3490649361391363,89.3606236516189,0.30555830928071387,0.9398276805877686,0.752494215965271,0.7990003824234009,0.7757472991943359,0.6303213834762573,0.8642874360084534
d2p1-train-md3051-C-00011,train,md3051,C,121,122,-0.5337682664394379,-200.77490615844727,0.2758907079696655,0.3565758939539662,91.28342885221535,0.579367142849744,0.9208619594573975,0.6860216856002808,0.7781113982200623,0.7320665419101715,0.627028226852417,0.8330293297767639
d2p1-train-md3051-C-00012,train,md3051,C,129,130,-0.34005114436149597,-155.36044311523438,0.24515068531036377,0.45003790316559367,115.20970321039198,0.6147285348068061,0.9153639078140259,0.7872715592384338,0.7801378965377808,0.7837047278881073,0.6783521175384521,0.9104450345039368
d2p1-train-md3051-C-00013,train,md3051,C,138,139,-0.3787577748298645,-171.77488327026367,0.20220643281936646,0.33917775196081645,86.82950450196901,0.12267250121084206,0.9220707416534424,0.7846730351448059,0.7928122878074646,0.7887426614761353,0.6708305478096008,0.9058144688606262
d2p1-train-md3051-C-00014,train,md3051,C,146,147,-0.3950231969356537,-195.15114974975586,0.2901391386985779,0.3855366971544004,98.69739447152651,0.45430652641969793,0.9550552368164062,0.7619642019271851,0.9052078723907471,0.8335860371589661,0.659317135810852,0.8490188121795654
d2p1-train-md3051-C-00015,train,md3051,C,161,162,-0.3925938010215759,-183.85168838500977,0.3552376627922058,0.27769637395080565,71.09027173140625,0.49165778697657486,0.9493861794471741,0.8008238077163696,0.8120001554489136,0.8064119815826416,0.6876785755157471,0.8908286690711975
d2p1-train-md3051-C-00016,train,md3051,C,169,170,-0.572845458984375,-223.10176277160645,0.38694748282432556,0.26687928742549183,68.32109758092591,0.32238752147253974,0.9240760803222656,0.7833186984062195,0.8050630688667297,0.7941908836364746,0.6704398989677429,0.8711992502212524
d2p1-train-md3051-C-00017,train,md3051,C,178,179,-0.3143470883369446,-157.74520111083984,0.3444128632545471,0.3940045559123252,100.86516631355525,0.1695403959248126,0.9072918891906738,0.7373659610748291,0.7278000116348267,0.7325829863548279,0.6425646543502808,0.8634191155433655
d2p1-train-md3051-C-00018,train,md3051,C,190,191,-0.5079541504383087,-144.61168670654297,0.32158225774765015,0.40531896320273986,103.7616545799014,0.1586855351463616,0.9338086843490601,0.7687686681747437,0.8501386642456055,0.8094536662101746,0.575585126876831,0.814220666885376
d2p1-train-md3051-C-00019,train,md3051,C,199,200,-0.37738266587257385,-61.22576904296875,0.2248639464378357,0.3776861053803555,96.68764297737101,0.1681146937944379,0.9259285926818848,0.7931360006332397,0.7869696617126465,0.7900528311729431,0.6209849119186401,0.8966627717018127
d2p1-train-md3051-C-00020,train,md3051,C,207,208,-0.1985296607017517,-72.84490966796875,0.17761826515197754,0.2788762492800389,71.39231981568996,0.3014209824965617,0.9337223768234253,0.8230233192443848,0.8201103210449219,0.8215668201446533,0.6497294902801514,0.9226990938186646
d2p1-train-md3051-C-00021,train,md3051,C,215,216,-0.3351331353187561,-142.94855499267578,0.2280476689338684,0.22240405049228076,56.935436926023876,0.16917448084496955,0.937792181968689,0.7878220677375793,0.7914826273918152,0.7896523475646973,0.6593241691589355,0.9166399240493774
d2p1-train-md3051-C-00022,train,md3051,C,224,225,-0.29148632287979126,-125.0572280883789,0.16470199823379517,0.22934132394777385,58.711378930630104,0.45612849969414104,0.9377485513687134,0.8137602806091309,0.8447893857955933,0.8292748332023621,0.6728515625,0.9335730075836182
d2p1-train-md3051-C-00023,train,md3051,C,232,233,-0.23187148571014404,-85.04386901855469,0.23287445306777954,0.30059833156377097,76.95317288032537,0.3820487923319523,0.9298180341720581,0.7873232960700989,0.8140684962272644,0.8006958961486816,0.6207164525985718,0.9029502272605896
d2p1-train-md3051-C-00024,train,md3051,C,241,242,-0.2925143241882324,-112.30033874511719,0.1936267614364624,0.4146222264851804,106.14328998020618,0.2307397471624899,0.9025768041610718,0.8353400826454163,0.8479750752449036,0.8416575789451599,0.6747779846191406,0.9235196113586426
d2p1-train-md3051-C-00025,train,md3051,C,249,250,-0.4097726345062256,-187.50159454345703,0.3621600866317749,0.022270137517077085,5.701155204371734,0.23295276053231967,0.954761266708374,0.6538649797439575,0.7969874143600464,0.725426197052002,0.6324264407157898,0.792491614818573
d2p1-train-md3051-C-00026,train,md3051,C,258,259,-0.37821123003959656,-193.2950210571289,0.390062540769577,0.04982021464082411,12.753974948050972,0.15891166237857415,0.9495042562484741,0.6665307879447937,0.7585397362709045,0.7125352621078491,0.5990245938301086,0.7870001196861267
d2p1-train-md3051-C-00027,train,md3051,C,266,267,-0.5536499917507172,-221.9373893737793,0.4706984758377075,0.075266475194922,19.26821764990003,0.3738012719690853,0.9599200487136841,0.5876355767250061,0.6865242719650269,0.6370799243450165,0.5407984256744385,0.7187308669090271
d2p1-train-md3051-C-00028,train,md3051,C,275,281,-0.5497383624315262,-213.58774757385254,0.3977643847465515,0.24314845133039578,62.24600354058132,0.4010127818059742,0.9540419578552246,0.5539258718490601,0.6830607652664185,0.6184933185577393,0.5113667249679565,0.6552731990814209
d2p1-train-md3051-C-00029,train,md3051,C,288,289,-0.549054354429245,-206.35165405273438,0.44699570536613464,0.3166437829053258,81.0608084237634,0.18093575214496144,0.9687687754631042,0.5804887413978577,0.7021796703338623,0.64133420586586,0.5649216771125793,0.6907265782356262
d2p1-train-md3051-C-00030,train,md3051,C,303,304,-0.4734199345111847,-213.75839042663574,0.43512651324272156,0.02125078756034581,5.440201615448528,0.3554561948060563,0.9496057629585266,0.6047831177711487,0.8270600438117981,0.7159215807914734,0.5814094543457031,0.7187040448188782
d2p1-train-md3051-C-00031,train,md3051,C,311,312,-0.5105234086513519,-187.1969871520996,0.39625582098960876,0.3791458259812593,97.06133145120238,0.6612624508639794,0.9291815757751465,0.7190704345703125,0.7152503132820129,0.7171603739261627,0.5985078811645508,0.83308345079422
d2p1-train-md3051-C-00032,train,md3051,C,320,321,-0.6002546101808548,-212.83771514892578,0.3805900812149048,0.024079770694030816,6.164421297671889,0.2938619882733412,0.9410587549209595,0.6371004581451416,0.7163810729980469,0.6767407655715942,0.5943712592124939,0.7585843801498413
d2p1-train-md3051-C-00033,train,md3051,C,328,329,-0.36105772852897644,-178.15346908569336,0.37245774269104004,0.025385979669357923,6.498810795355628,0.2445039331459225,0.9435845017433167,0.6633726358413696,0.7262119054794312,0.6947922706604004,0.601942241191864,0.7574471235275269
d2p1-train-md3051-C-00034,train,md3051,C,337,338,-0.3265032470226288,-182.36466598510742,0.3776382803916931,0.006748633618353763,1.7276502062985633,0.25103018480792716,0.9377349615097046,0.6658654808998108,0.7089956998825073,0.6874305903911591,0.6034917831420898,0.7500144839286804
d2p1-train-md3051-C-00035,train,md3051,C,345,346,-0.4938108026981354,-201.94091606140137,0.35366392135620117,0.0418868882131679,10.723043382570982,0.31265184334188856,0.9421539306640625,0.6718526482582092,0.7065419554710388,0.689197301864624,0.606190025806427,0.7776673436164856
d2p1-train-md3051-C-00036,train,md3051,C,353,354,-0.5400822460651398,-199.57193756103516,0.43320631980895996,0.3776827459116726,96.68678295338819,0.3795560159005832,0.9069888591766357,0.6406722068786621,0.6121524572372437,0.6264123320579529,0.5505993366241455,0.7825928330421448
d2p1-train-md3051-C-00037,train,md3051,C,367,368,-0.46517089009284973,-196.41031646728516,0.46096277236938477,0.025123219176099405,6.431544109081448,0.4550316787842499,0.957931399345398,0.5687854886054993,0.7080657482147217,0.6384256184101105,0.5501767992973328,0.697607696056366
d2p1-train-md3051-C-00038,train,md3051,C,397,410,-0.35804513096809387,-151.04031372070312,0.20880556106567383,0.4443897142596817,113.76376685047852,0.33298295442750153,0.9419491291046143,0.7157840132713318,0.8574284315109253,0.7866062223911285,0.6370797753334045,0.8526413440704346
d2p1-train-md3051-C-00039,train,md3051,C,418,419,-0.5285229682922363,-213.47878456115723,0.4198344051837921,0.028994694257174065,7.422641729836561,0.20440727630244074,0.9535695910453796,0.6472519040107727,0.7940489053726196,0.7206504046916962,0.59751296043396,0.778795599937439
d2p1-train-md3051-C-00040,train,md3051,C,426,427,-0.36051851511001587,-198.61964797973633,0.44219914078712463,0.05275090489792417,13.504231653868587,0.2384434108455645,0.9488523006439209,0.6394099593162537,0.7947072982788086,0.7170586287975311,0.6193610429763794,0.735312283039093
d2p1-train-md3051-C-00041,train,md3051,C,473,474,-0.3717065751552582,-171.632568359375,0.3095420300960541,0.32676470156946796,83.6517636017838,0.21754652337936364,0.930289089679718,0.7785481214523315,0.7855263948440552,0.7820372581481934,0.6265804767608643,0.8453870415687561
d2p1-train-md3051-C-00042,train,md3051,C,481,482,-0.461412638425827,-193.5533561706543,0.29031604528427124,0.3208242863328012,82.1310173011971,0.23046676329061586,0.9156431555747986,0.7964873909950256,0.8170366883277893,0.8067620396614075,0.6631465554237366,0.9041150808334351
d2p1-train-md3051-C-00043,train,md3051,C,490,491,-0.5267637968063354,-202.39835357666016,0.4329126477241516,0.45551223891429593,116.61113316205976,0.10731841597802834,0.9499413967132568,0.7182319164276123,0.8090726733207703,0.7636522948741913,0.641096293926239,0.817243754863739
d2p1-train-md3051-C-00044,train,md3051,C,498,499,-0.5358201861381531,-204.1825408935547,0.42671242356300354,0.3114718225878233,79.73678658248276,0.27508741286383886,0.9516831636428833,0.7474486827850342,0.8160796165466309,0.7817641496658325,0.6383854150772095,0.8423945903778076
d2p1-train-md3051-C-00045,train,md3051,C,507,508,-0.45105570554733276,-187.87514877319336,0.3757288455963135,0.45987173308791274,117.72716367050566,0.054035903372013167,0.9527187943458557,0.7591702938079834,0.8443119525909424,0.8017411231994629,0.6317988634109497,0.833099901676178
d2p1-train-md3051-C-00046,train,md3051,C,515,516,-0.3615826964378357,-178.22207641601562,0.4280795156955719,0.2652204985741421,67.89644763498038,0.47375597729576896,0.9522457122802734,0.7198120355606079,0.7691230773925781,0.744467556476593,0.6348147988319397,0.8157011270523071
d2p1-train-md3051-C-00047,train,md3051,C,524,525,-0.7174478098750114,-220.65320587158203,0.45947301387786865,0.3152564660512825,80.70565530912832,0.6231716228079598,0.8871331214904785,0.7331550717353821,0.7667405605316162,0.7499478161334991,0.6297292113304138,0.833763837814331
d2p1-train-md3051-C-00048,train,md3051,C,537,538,-0.5414700210094452,-217.61145210266113,0.4587963819503784,0.3777599898627604,96.70655740486666,0.3892817799675718,0.9684117436408997,0.7082765102386475,0.7831416130065918,0.7457090616226196,0.6132394075393677,0.7995542883872986
d2p1-train-md3051-C-00049,train,md3051,C,545,546,-0.5057467520236969,-193.73333740234375,0.33854299783706665,0.3346705100258645,85.67565056662131,0.24821099012491016,0.9039924740791321,0.7250161170959473,0.7445136308670044,0.7347648739814758,0.614213228225708,0.8591879606246948
d2p1-train-md3051-C-00050,train,md3051,C,554,555,-0.48678815364837646,-127.81883239746094,0.2490796446800232,0.35360076085471215,90.52179477880631,0.5995674631187056,0.9112834930419922,0.753636360168457,0.7684205770492554,0.7610284686088562,0.6155463457107544,0.9005314111709595
d2p1-train-md3051-C-00051,train,md3051,C,562,563,-0.6072498559951782,-203.89495849609375,0.2967042922973633,0.27140762159365095,69.48035112797464,0.3187820853517221,0.919187068939209,0.7825794219970703,0.7305102944374084,0.7565448582172394,0.5921546816825867,0.8829150199890137
d2p1-train-md3051-C-00052,train,md3051,C,571,572,-0.5669960677623749,-199.27345657348633,0.38354626297950745,0.3781968019479459,96.81838129867415,0.4509190177466267,0.9620566368103027,0.791418194770813,0.8505235910415649,0.820970892906189,0.6760905385017395,0.8636865615844727
d2p1-train-md3051-C-00053,train,md3051,C,579,580,-0.5079380720853806,-187.82927894592285,0.36453837156295776,0.26736116590003306,68.44445847040846,0.2770054203955904,0.9494901895523071,0.7145131230354309,0.8836272358894348,0.7990701794624329,0.6632871627807617,0.8300529718399048
d2p1-train-md3051-C-00054,train,md3051,C,588,589,-0.5246598422527313,-210.16566276550293,0.41353461146354675,0.042490307308108724,10.877518670875833,0.33520930158432416,0.9615054130554199,0.720879316329956,0.8706921339035034,0.7957857251167297,0.6607481837272644,0.8440015316009521
d2p1-train-md3051-C-00055,train,md3051,C,596,597,-0.39325711131095886,-173.93695831298828,0.3657216429710388,0.2976048877947686,76.18685127546077,0.2523981385271472,0.9602406620979309,0.6929024457931519,0.8957948684692383,0.7943486571311951,0.6281905174255371,0.8119524717330933
d2p1-train-md3054-B-00000,train,md3054,B,43,44,-0.23061376810073853,-79.65675354003906,0.18484187126159668,0.3783518976577549,96.85808580038525,0.2971822761407239,0.9045820832252502,0.763155460357666,0.7563016414642334,0.7597285509109497,0.6474438309669495,0.8616800904273987
d2p1-train-md3054-B-00001,train,md3054,B,119,120,-0.2322281002998352,-83.33135032653809,0.20695221424102783,0.3484253809639467,89.19689752677036,0.09283248739024808,0.9540700912475586,0.7515527009963989,0.8710833787918091,0.811318039894104,0.6892107725143433,0.8580387830734253
d2p1-train-md3054-B-00002,train,md3054,B,190,191,-0.07977274060249329,-25.94970703125,0.07527166604995728,0.37188421425138124,95.2023588483536,0.4124006590952752,0.9334370493888855,0.8048779964447021,0.8735486268997192,0.8392133116722107,0.7193437814712524,0.9013025164604187
d2p1-train-md3054-B-00003,train,md3054,B,262,263,-0.24723759293556213,-40.69079303741455,0.15694981813430786,0.033038324710351556,8.457811125849998,0.23142916531175306,0.9734758138656616,0.6873677968978882,0.9468538761138916,0.8171108365058899,0.6600380539894104,0.8180651068687439
d2p1-train-md3054-B-00004,train,md3054,B,333,334,-0.06845203042030334,-25.52092742919922,0.1467340588569641,0.34756359621677707,88.97628063149493,0.2673412920568585,0.9527504444122314,0.796957790851593,0.9016872644424438,0.8493225276470184,0.7160830497741699,0.8859666585922241
d2p1-train-md3054-B-00005,train,md3054,B,405,406,-0.09320920705795288,-33.75296592712402,0.19444572925567627,0.01621681554299172,4.15150477900588,0.23138420855900943,0.959246039390564,0.7233916521072388,0.8757600784301758,0.7995758652687073,0.669086217880249,0.8332632184028625
d2p1-train-md3054-B-00006,train,md3054,B,476,477,-0.3608337342739105,-115.53289222717285,0.2546335458755493,0.2860935742794817,73.23995501554731,0.1466439449419502,0.961998462677002,0.7313409447669983,0.8954572677612305,0.8133991062641144,0.6784505248069763,0.8255718350410461
d2p1-train-md3054-B-00007,train,md3054,B,548,549,-0.3487370014190674,-89.81781768798828,0.2658529281616211,0.3428572078716586,87.7714452151446,0.4094340164605639,0.9672343134880066,0.728103756904602,0.9219142198562622,0.8250089883804321,0.6834012269973755,0.8436305522918701
d2p1-train-md3054-C-00000,train,md3054,C,83,84,-0.4625921845436096,-196.5149154663086,0.2888185381889343,0.2766964720314962,70.83429684006303,0.45791108241552,0.9358904957771301,0.6874634623527527,0.7278257608413696,0.7076446115970612,0.5533485412597656,0.799588680267334
d2p1-train-md3054-C-00001,train,md3054,C,226,227,-0.46654799580574036,-197.54026126861572,0.4074254631996155,0.2894587104624159,74.10142987837847,0.05620442352021643,0.935679018497467,0.7861531972885132,0.8739790320396423,0.8300661146640778,0.7300460338592529,0.8731595873832703
d2p1-train-md3054-C-00002,train,md3054,C,369,370,-0.20074737071990967,-132.76229095458984,0.2770562171936035,0.3539666776115407,90.61546946855442,0.4276528361991759,0.9207846522331238,0.7888975143432617,0.9078464508056641,0.8483719825744629,0.7090411186218262,0.8811711072921753
d2p1-train-md3054-C-00003,train,md3054,C,512,513,-0.5548145174980164,-230.9077272415161,0.45986106991767883,0.24150748198521088,61.825915388213986,0.31632375533991375,0.9543284177780151,0.7284806370735168,0.9177194833755493,0.8231000602245331,0.684662938117981,0.8402380347251892
d2p1-train-md3060-A-00000,train,md3060,A,4,5,-0.2086350917816162,-85.0306167602539,0.18124628067016602,0.24064790239792838,61.605863013869666,0.6103718517496669,0.9543304443359375,0.742631196975708,0.7858299016952515,0.7642305493354797,0.6561220288276672,0.8510216474533081
d2p1-train-md3060-A-00001,train,md3060,A,12,13,-0.3172198534011841,-133.04424667358398,0.21536874771118164,0.03656521660340101,9.360695450470658,0.25107698056813,0.9538177251815796,0.7332183122634888,0.8174653053283691,0.775341808795929,0.6784452795982361,0.8262117505073547
d2p1-train-md3060-A-00002,train,md3060,A,21,22,-0.23469185829162598,-104.28668975830078,0.24703234434127808,0.033246780506415226,8.511175809642298,0.2999376233707115,0.9323768019676208,0.7319525480270386,0.8422797918319702,0.7871161699295044,0.6787168979644775,0.8191238045692444
d2p1-train-md3060-A-00003,train,md3060,A,30,31,-0.2784807085990906,-120.43542098999023,0.20899617671966553,0.023607402238095848,6.043494972952537,0.29504740810820895,0.9499666690826416,0.7259600758552551,0.8121342658996582,0.7690471708774567,0.6521384716033936,0.8282121419906616
d2p1-train-md3060-A-00004,train,md3060,A,38,39,-0.2897319197654724,-126.86003875732422,0.19630837440490723,0.1607658917067184,41.15606827691991,0.5106309996449302,0.9623277187347412,0.8057944774627686,0.847675085067749,0.8267347812652588,0.6920468807220459,0.8489551544189453
d2p1-train-md3060-A-00005,train,md3060,A,47,48,-0.26551371812820435,-110.844970703125,0.18553006649017334,0.14404436799444914,36.87535820657898,0.2657544138341128,0.9659126996994019,0.7761547565460205,0.8383252024650574,0.8072399795055389,0.7198218703269958,0.8654955625534058
d2p1-train-md3060-A-00006,train,md3060,A,56,57,-0.16042369604110718,-96.07357025146484,0.1512378454208374,0.33579905482084565,85.96455803413649,0.16076444026171952,0.9247888326644897,0.7869277000427246,0.7954812049865723,0.7912044525146484,0.6900255680084229,0.9003141522407532
d2p1-train-md3060-A-00007,train,md3060,A,64,65,-0.11887305974960327,-61.76856231689453,0.1558694839477539,0.30354360296064814,77.70716235792592,0.09203383608249198,0.9290797710418701,0.8111519813537598,0.8314352035522461,0.8212935924530029,0.6975932717323303,0.8956248760223389
d2p1-train-md3060-A-00008,train,md3060,A,73,74,-0.015633225440979004,-9.139762878417969,0.07164525985717773,0.25723989033439404,65.85341192560487,0.09090026426560849,0.9341108798980713,0.8340509533882141,0.8501732349395752,0.8421120941638947,0.7237065434455872,0.9075632095336914
d2p1-train-md3060-A-00009,train,md3060,A,81,82,-0.4949018955230713,-140.42979431152344,0.2056494951248169,0.2861781664547235,73.26161061240921,0.12718305791597612,0.9408106207847595,0.7933194041252136,0.8335210084915161,0.8134202063083649,0.7001201510429382,0.8826466202735901
d2p1-train-md3060-A-00010,train,md3060,A,90,91,-0.33531883358955383,-83.3671646118164,0.1608981490135193,0.3081988551375452,78.89890691521157,0.07110897240601036,0.940428614616394,0.8101245760917664,0.8377557396888733,0.8239401578903198,0.7278450727462769,0.9025846123695374
d2p1-train-md3060-A-00011,train,md3060,A,99,100,-0.2479947805404663,-71.97669982910156,0.1251729130744934,0.36099078031887105,92.41363976163099,0.07533081828224578,0.9287571907043457,0.8030308485031128,0.8363010287284851,0.819665938615799,0.73024582862854,0.9095760583877563
d2p1-train-md3060-A-00012,train,md3060,A,107,108,-0.2594667375087738,-60.690589904785156,0.15214389562606812,0.3667862695611232,93.89728500764754,0.03266646357174606,0.9324267506599426,0.7549631595611572,0.8136111497879028,0.78428715467453,0.6969420909881592,0.8660769462585449
d2p1-train-md3060-A-00013,train,md3060,A,116,117,-0.3158523440361023,-90.89628601074219,0.12276220321655273,0.4034902990357112,103.29351655314207,0.3955360559151995,0.9383170008659363,0.7827817797660828,0.7785893678665161,0.7806855738162994,0.6750791668891907,0.8945361971855164
d2p1-train-md3060-A-00014,train,md3060,A,125,126,-0.18072724342346191,-109.34713745117188,0.07355213165283203,0.3300480724582112,84.49230654930207,0.36403617079641054,0.9349194765090942,0.8280715346336365,0.8252649903297424,0.8266682624816895,0.6720317006111145,0.9326809644699097
d2p1-train-md3060-A-00015,train,md3060,A,133,134,-0.24208444356918335,-111.14808654785156,0.1277260184288025,0.30404983756337817,77.83675841622481,0.27076525134407436,0.9081226587295532,0.800086259841919,0.7916158437728882,0.7958510518074036,0.6724867820739746,0.9058674573898315
d2p1-train-md3060-A-00016,train,md3060,A,175,176,-0.06624603271484375,-31.366222381591797,0.08544206619262695,0.14217794639617612,36.39755427742109,0.4837740905400425,0.9496893882751465,0.838927149772644,0.8910397887229919,0.864983469247818,0.7103760838508606,0.8841907978057861
d2p1-train-md3060-A-00017,train,md3060,A,183,184,-0.3642103374004364,-145.45704650878906,0.2204471230506897,0.3841220933247549,98.33525589113725,0.3268521911824681,0.8938711285591125,0.7579085826873779,0.7487679123878479,0.7533382475376129,0.6696082353591919,0.860664963722229
d2p1-train-md3060-A-00018,train,md3060,A,192,193,-0.4291117489337921,-147.66818237304688,0.2902642488479614,0.42519472232166633,108.84984891434658,0.30119694914750966,0.9273724555969238,0.7571747899055481,0.7924932837486267,0.7748340368270874,0.6628497838973999,0.8635907769203186
d2p1-train-md3060-A-00019,train,md3060,A,201,202,-0.47104331851005554,-176.45340538024902,0.3055002689361572,0.33660042378966315,86.16970849015377,0.30714230733220016,0.9523904323577881,0.6966845989227295,0.788178563117981,0.7424315810203552,0.638074517250061,0.7817361354827881
d2p1-train-md3060-A-00020,train,md3060,A,209,210,-0.5617256611585617,-186.76253128051758,0.3136032223701477,0.3747929014184487,95.94698276312286,0.3539266252923099,0.9548937082290649,0.675950825214386,0.8176132440567017,0.7467820346355438,0.6456503868103027,0.7692326903343201
d2p1-train-md3060-A-00021,train,md3060,A,218,219,-0.5145657062530518,-191.66570281982422,0.3420370817184448,0.08717711802840486,22.317342215271644,0.5080030802780007,0.9527126550674438,0.6650450229644775,0.8349381685256958,0.7499915957450867,0.6277639865875244,0.779338002204895
d2p1-train-md3060-A-00022,train,md3060,A,227,228,-0.43541404604911804,-168.57629013061523,0.2889646887779236,0.1331878902243688,34.096099897438414,0.42221978490322487,0.9485325813293457,0.6304938197135925,0.8097866177558899,0.7201402187347412,0.6020311117172241,0.7599710822105408
d2p1-train-md3060-A-00023,train,md3060,A,235,236,-0.61539626121521,-186.33050155639648,0.30242425203323364,0.44982392981585734,115.15492603285948,0.9430488237551138,0.9662943482398987,0.744388222694397,0.7916355729103088,0.7680118978023529,0.6273508071899414,0.8613694310188293
d2p1-train-md3060-A-00024,train,md3060,A,244,245,-0.605124905705452,-165.78536796569824,0.3021512031555176,0.37189987728327445,95.20636858451826,0.39370604856778935,0.9622660875320435,0.7881953716278076,0.8423266410827637,0.8152610063552856,0.6829570531845093,0.8744436502456665
d2p1-train-md3060-A-00025,train,md3060,A,252,253,-0.35642319917678833,-133.67268753051758,0.22196805477142334,0.38254027187984146,97.93030960123941,0.6804869518317692,0.9583613276481628,0.8022006750106812,0.8074755072593689,0.804838091135025,0.7116693258285522,0.9085007905960083
d2p1-train-md3060-A-00026,train,md3060,A,261,262,-0.07376676797866821,-10.146858215332031,0.2099781036376953,0.31818300856601794,81.4548501929006,0.6836403802077223,0.9713785648345947,0.8201169967651367,0.8520632386207581,0.8360901176929474,0.6624782681465149,0.9204609990119934
d2p1-train-md3060-A-00027,train,md3060,A,270,330,-0.07152831554412842,-27.42627716064453,0.14111864566802979,0.2580998742401934,66.07356780548952,0.4686587199466108,0.9787276983261108,0.8474538922309875,0.8981341123580933,0.8727940022945404,0.7697938084602356,0.9393655061721802
d2p1-train-md3060-A-00028,train,md3060,A,337,338,-0.33721885085105896,-86.97915840148926,0.15138691663742065,0.033641245284332606,8.612158792789147,0.2614773549516318,0.9548786878585815,0.866885244846344,0.8886424899101257,0.8777638673782349,0.7558690309524536,0.9281341433525085
d2p1-train-md3060-A-00029,train,md3060,A,346,347,-0.22818100452423096,-101.7629165649414,0.19332879781723022,0.4114550845921755,105.33250165559693,0.310191136738334,0.9557660222053528,0.8171771764755249,0.8408747911453247,0.8290259838104248,0.7370544672012329,0.9022862911224365
d2p1-train-md3060-A-00030,train,md3060,A,355,356,-0.2380923330783844,-131.8806610107422,0.21294617652893066,0.3452391246950541,88.38121592193384,0.2693470972050134,0.9421404600143433,0.8014533519744873,0.8320707678794861,0.8167620599269867,0.6874772906303406,0.8911741971969604
d2p1-train-md3060-A-00031,train,md3060,A,363,364,-0.4944109171628952,-152.46467208862305,0.20883917808532715,0.3807042642326159,97.46029164354967,0.13964089797846935,0.9091598987579346,0.8235867023468018,0.7918257713317871,0.8077062368392944,0.7153403759002686,0.8820482492446899
d2p1-train-md3060-A-00032,train,md3060,A,372,373,-0.4244121313095093,-153.08897018432617,0.19274073839187622,0.3723709184965006,95.32695513510416,0.230017836733291,0.9498587846755981,0.83217453956604,0.8411678075790405,0.8366711735725403,0.715911328792572,0.9189500212669373
d2p1-train-md3060-A-00033,train,md3060,A,381,382,-0.2974618971347809,-108.8983268737793,0.19640839099884033,0.43084036225448613,110.29513273714845,0.588669955217917,0.9505271315574646,0.804004430770874,0.8135764598846436,0.8087904453277588,0.6804730892181396,0.9025073647499084
d2p1-train-md3060-A-00034,train,md3060,A,389,390,-0.3753921687602997,-126.8629035949707,0.1903998851776123,0.43680107475814295,111.8210751380846,0.5937983277429129,0.9627274870872498,0.8070084452629089,0.8420306444168091,0.824519544839859,0.7434343099594116,0.8785369396209717
d2p1-train-md3060-A-00035,train,md3060,A,398,399,-0.155086487531662,-61.4163703918457,0.14691394567489624,0.10776492175979939,27.587819970508644,0.4262180813724913,0.9601075649261475,0.8022680878639221,0.8803654909133911,0.8413167893886566,0.6986151933670044,0.8349121809005737
d2p1-train-md3060-A-00036,train,md3060,A,406,407,-0.15566003322601318,-66.88758850097656,0.22952163219451904,0.4507315805682694,115.38728462547697,0.813076578800533,0.9509420990943909,0.7341634631156921,0.8012468218803406,0.7677051424980164,0.6358523368835449,0.8254676461219788
d2p1-train-md3060-A-00037,train,md3060,A,415,416,-0.3273046612739563,-140.7432861328125,0.23133528232574463,0.44712732117600534,114.46459422105737,0.6232925910845524,0.9609459638595581,0.8045744299888611,0.8742709159851074,0.8394226729869843,0.7214418649673462,0.9062554240226746
d2p1-train-md3060-A-00038,train,md3060,A,424,425,-0.42580074071884155,-168.373779296875,0.22279757261276245,0.5037660256602114,128.96410256901413,0.37390222972489123,0.9621260166168213,0.8211787939071655,0.8559375405311584,0.838558167219162,0.6732912063598633,0.8971760869026184
d2p1-train-md3060-A-00039,train,md3060,A,432,433,-0.2369883954524994,-106.27013397216797,0.23066729307174683,0.4645210139117416,118.91737956140585,0.4993746461698808,0.9577786326408386,0.7824057936668396,0.8192403316497803,0.8008230626583099,0.6704550385475159,0.8826792240142822
d2p1-train-md3060-A-00040,train,md3060,A,441,442,-0.2074981927871704,-109.72492218017578,0.16835755109786987,0.5066324164001316,129.69789859843368,0.6487133464946588,0.9272902011871338,0.7885561585426331,0.77113938331604,0.7798477709293365,0.6451669931411743,0.879546582698822
d2p1-train-md3060-A-00041,train,md3060,A,450,451,-0.3131384253501892,-116.31217956542969,0.1808943748474121,0.3718466680615942,95.19274702376812,0.4113899238076316,0.9646737575531006,0.7825772166252136,0.8548169136047363,0.818697065114975,0.7033277750015259,0.8977289795875549
d2p1-train-md3060-A-00042,train,md3060,A,458,459,-0.32566508650779724,-137.9337387084961,0.15699785947799683,0.36699401735647236,93.95046844325692,0.20316440213106524,0.954811692237854,0.8210436105728149,0.8510834574699402,0.8360635340213776,0.7203068733215332,0.8956019878387451
d2p1-train-md3060-A-00043,train,md3060,A,467,468,-0.2585352063179016,-92.25077056884766,0.18134015798568726,0.3244902197375262,83.0694962528067,0.7248654743783285,0.9426281452178955,0.7955125570297241,0.8140895366668701,0.8048010468482971,0.6846146583557129,0.8707521557807922
d2p1-train-md3060-A-00044,train,md3060,A,475,476,-0.17667344212532043,-97.46465301513672,0.22911447286605835,0.27425906565323893,70.21032080722917,0.7301347575498001,0.964446485042572,0.7998239398002625,0.8621147871017456,0.830969363451004,0.7069829702377319,0.8832245469093323
d2p1-train-md3060-A-00045,train,md3060,A,484,485,-0.4942365735769272,-161.07866859436035,0.2553768754005432,0.27577502239916424,70.59840573418604,0.5710564998001366,0.9593397378921509,0.7300225496292114,0.8458763957023621,0.7879494726657867,0.685482382774353,0.8150643706321716
d2p1-train-md3060-A-00046,train,md3060,A,493,494,-0.16708579659461975,-45.71685028076172,0.24721622467041016,0.26411403253355015,67.61319232858884,0.36724351467457306,0.9493944048881531,0.8055320978164673,0.858245849609375,0.8318889737129211,0.7452709674835205,0.9223049283027649
d2p1-train-md3060-A-00047,train,md3060,A,501,502,-0.4128264784812927,-144.01612854003906,0.24777263402938843,0.3735096609546679,95.61847320439499,0.26922168338959224,0.9569276571273804,0.7569791078567505,0.8813607692718506,0.8191699385643005,0.7180618643760681,0.8615754246711731
d2p1-train-md3060-A-00048,train,md3060,A,510,511,-0.37314367294311523,-129.7355499267578,0.2455039620399475,0.30916219162611247,79.14552105628479,0.24615243854144786,0.9648520946502686,0.7336688041687012,0.8519582748413086,0.7928135395050049,0.669948399066925,0.8604931235313416
d2p1-train-md3060-A-00049,train,md3060,A,519,520,-0.29744231700897217,-151.22710037231445,0.22889983654022217,0.3782135740757751,96.82267496339843,0.4888481964678344,0.9699258804321289,0.763707160949707,0.8842791318893433,0.8239931464195251,0.7212411165237427,0.8700723648071289
d2p1-train-md3060-A-00050,train,md3060,A,527,528,-0.3816734850406647,-161.60779190063477,0.21738487482070923,0.35508296330799477,90.90123860684666,0.3171523571584946,0.9646615982055664,0.8147974014282227,0.851313054561615,0.8330552279949188,0.7035444974899292,0.9056472778320312
d2p1-train-md3060-A-00051,train,md3060,A,536,537,-0.6142579913139343,-193.50946807861328,0.24518418312072754,0.27694100096163204,70.8968962461778,0.153644604426733,0.965718150138855,0.8482544422149658,0.8921021223068237,0.8701782822608948,0.7611712217330933,0.9367960095405579
d2p1-train-md3060-A-00052,train,md3060,A,544,545,-0.3979179859161377,-136.53802108764648,0.22360914945602417,0.4396098364854635,112.54011814027865,0.2894855135691571,0.960809051990509,0.845672607421875,0.8716635704040527,0.8586680889129639,0.7531294822692871,0.9362884163856506
d2p1-train-md3060-A-00053,train,md3060,A,553,554,-0.3470636010169983,-109.9920425415039,0.27311229705810547,0.46207702504305403,118.29171841102183,0.10709315170717054,0.9634543657302856,0.8287044763565063,0.8592143058776855,0.843959391117096,0.7389044761657715,0.9291775822639465
d2p1-train-md3060-A-00054,train,md3060,A,562,563,-0.11208406090736389,-31.652175903320312,0.12842333316802979,0.39694078533935867,101.61684104687582,0.5366327078745288,0.9495311379432678,0.8005410432815552,0.8338918685913086,0.8172164559364319,0.6672878265380859,0.8898848295211792
d2p1-train-md3060-A-00055,train,md3060,A,570,571,-0.39378389716148376,-135.24750518798828,0.21651846170425415,0.37078362430989714,94.92060782333367,0.34866932862983335,0.9368011951446533,0.7971481084823608,0.8260411024093628,0.8115946054458618,0.7108492851257324,0.9042822122573853
d2p1-train-md3060-A-00056,train,md3060,A,579,580,-0.30892959237098694,-125.73520278930664,0.19192785024642944,0.3634649247065445,93.0470207248754,0.2346243774007649,0.9375404715538025,0.8013231754302979,0.7901730537414551,0.7957481145858765,0.6727509498596191,0.9009560346603394
d2p1-train-md3060-A-00057,train,md3060,A,588,589,-0.3520090579986572,-123.53257369995117,0.20030349493026733,0.2976031105451212,76.18639629955102,0.5687843219619284,0.9536117315292358,0.8392511010169983,0.8467075824737549,0.8429793417453766,0.6812000274658203,0.933911144733429
d2p1-train-md3060-A-00058,train,md3060,A,596,597,-0.23380404710769653,-85.31158828735352,0.17479020357131958,0.21032662325430834,53.843615553102936,0.7305899447291115,0.9694033265113831,0.8144935369491577,0.8627455830574036,0.8386195600032806,0.7356095910072327,0.8970227241516113
d2p1-train-md3060-C-00000,train,md3060,C,3,4,-0.5549556016921997,-207.94089889526367,0.406863808631897,0.4573768570487019,117.08847540446769,0.375791609746112,0.902187168598175,0.6512961387634277,0.6605154275894165,0.6559057831764221,0.5480307340621948,0.8242170810699463
d2p1-train-md3060-C-00001,train,md3060,C,10,11,-0.4799763560295105,-174.77289581298828,0.4996185898780823,0.3831420684613936,98.08436952611676,0.284406418466983,0.952968955039978,0.6556368470191956,0.7626492977142334,0.7091430723667145,0.5921958684921265,0.7803317308425903
d2p1-train-md3060-C-00002,train,md3060,C,17,18,-0.6950419098138809,-201.63315200805664,0.5200694501399994,0.44799544487483495,114.68683388795775,0.990974700895829,0.9396748542785645,0.7170781493186951,0.801351010799408,0.7592145800590515,0.62302166223526,0.82757967710495
d2p1-train-md3060-C-00003,train,md3060,C,25,26,-0.6618484854698181,-182.38957977294922,0.4722055494785309,0.46176945861410984,118.21298140521212,0.5729430850137402,0.9097850918769836,0.6461315155029297,0.7295759916305542,0.6878537535667419,0.5616569519042969,0.7785772681236267
d2p1-train-md3060-C-00004,train,md3060,C,32,33,-0.7536894977092743,-173.32420349121094,0.5353859663009644,0.45712517104176603,117.0240437866921,0.7573720087507243,0.902762770652771,0.6746230721473694,0.7413926720619202,0.7080078721046448,0.5821388363838196,0.8146572113037109
d2p1-train-md3060-C-00005,train,md3060,C,39,40,-0.48185640573501587,-144.73343658447266,0.4134404957294464,0.4900023938369866,125.44061282226858,0.7370052874830243,0.9078993797302246,0.6716201305389404,0.7512292861938477,0.711424708366394,0.5831640958786011,0.8194223046302795
d2p1-train-md3060-C-00006,train,md3060,C,46,47,-0.48181530833244324,-178.11762237548828,0.3844417333602905,0.47317848090645453,121.13369111205236,0.5932299533770355,0.9130191802978516,0.6814874410629272,0.7328514456748962,0.7071694433689117,0.5622608661651611,0.839946448802948
d2p1-train-md3060-C-00007,train,md3060,C,53,54,-0.5560230910778046,-176.3440170288086,0.3769852817058563,0.4894625894513256,125.30242289953935,0.7615834253497707,0.9374919533729553,0.6740823984146118,0.769085168838501,0.7215837836265564,0.5955703258514404,0.8148686289787292
d2p1-train-md3060-C-00008,train,md3060,C,60,61,-0.25681620836257935,-150.9872589111328,0.4378025233745575,0.3152395341860312,80.70132075162398,0.22538797047232143,0.9432812929153442,0.6983842253684998,0.7780687808990479,0.7382265031337738,0.5981234908103943,0.8257849812507629
d2p1-train-md3060-C-00009,train,md3060,C,68,69,-0.30053967237472534,-131.8858642578125,0.43549221754074097,0.3191628447204399,81.70568824843261,0.18632493153335575,0.9361687302589417,0.7170963287353516,0.7584641575813293,0.7377802431583405,0.6013563871383667,0.852783739566803
d2p1-train-md3060-C-00010,train,md3060,C,75,76,-0.583969384431839,-196.8963737487793,0.47970080375671387,0.35484579667507105,90.84052394881819,0.17406932854886292,0.9390565752983093,0.6812683343887329,0.8051357269287109,0.7432020306587219,0.6141977310180664,0.7954670786857605
d2p1-train-md3060-C-00011,train,md3060,C,82,83,-0.43882912397384644,-153.9896697998047,0.43330278992652893,0.4035199015603886,103.30109479945948,0.20023934340876912,0.9365675449371338,0.7286250591278076,0.7583577632904053,0.7434914112091064,0.6154142618179321,0.8528860211372375
d2p1-train-md3060-C-00012,train,md3060,C,89,90,-0.4773736298084259,-173.97376251220703,0.4436218738555908,0.11491249458735901,29.417598614363907,0.5859892323690068,0.9230589866638184,0.7524780035018921,0.8092848062515259,0.780881404876709,0.6489046812057495,0.8881006240844727
d2p1-train-md3060-C-00013,train,md3060,C,96,97,-0.7442008256912231,-218.1559181213379,0.5671608150005341,0.44297956882259004,113.40276961858305,0.4199335523460177,0.9392068386077881,0.677321195602417,0.7109150886535645,0.6941181421279907,0.5885569453239441,0.7867012023925781
d2p1-train-md3060-C-00014,train,md3060,C,103,104,-0.6353515684604645,-222.21487617492676,0.5300508439540863,0.15242493860743903,39.02078428350439,0.3385522108208646,0.9408080577850342,0.6681782007217407,0.7340835332870483,0.7011308670043945,0.5832679867744446,0.7507126331329346
d2p1-train-md3060-C-00015,train,md3060,C,111,112,-0.44597765803337097,-134.32343292236328,0.5038425326347351,0.4880421116695929,124.93878058741578,0.18513664654153122,0.9533655643463135,0.7015277147293091,0.7805888652801514,0.7410582900047302,0.6302593946456909,0.82525235414505
d2p1-train-md3060-C-00016,train,md3060,C,118,119,-0.3841702938079834,-156.8783416748047,0.3055252432823181,0.40005879917893866,102.4150525898083,0.17209483830990369,0.9342122077941895,0.7445571422576904,0.7567583322525024,0.7506577372550964,0.6101728081703186,0.8787879943847656
d2p1-train-md3060-C-00017,train,md3060,C,125,126,-0.24507951736450195,-106.9128646850586,0.26853546500205994,0.31943056709609013,81.77422517659907,0.15695430097250906,0.9165782928466797,0.7466862201690674,0.7550236582756042,0.7508549392223358,0.604913592338562,0.8778586983680725
d2p1-train-md3060-C-00018,train,md3060,C,132,133,-0.20908445119857788,-74.93278503417969,0.2562779188156128,0.27934471939352207,71.51224816474165,0.08923291593311372,0.9292519092559814,0.7239726185798645,0.7387294769287109,0.7313510477542877,0.6096667051315308,0.8658835887908936
d2p1-train-md3060-C-00019,train,md3060,C,139,173,-0.2801758050918579,-44.588226318359375,0.22444093227386475,0.44948781909319974,115.06888168785913,0.3372424056338864,0.9656859040260315,0.8077899217605591,0.8534553050994873,0.8306226134300232,0.7134826183319092,0.8994635939598083
d2p1-train-md3060-C-00020,train,md3060,C,179,180,-0.7159626930952072,-212.17539024353027,0.3986993730068207,0.1819680061959668,46.583809586167504,0.38367473289388376,0.965252161026001,0.7404110431671143,0.8001811504364014,0.7702960968017578,0.6601316332817078,0.827263355255127
d2p1-train-md3060-C-00021,train,md3060,C,187,188,-0.3859666883945465,-142.318359375,0.3841632008552551,0.2223035017395163,56.90969644531617,0.39842023816056094,0.9620175957679749,0.7215951085090637,0.8196932077407837,0.7706441581249237,0.6481480002403259,0.8182095885276794
d2p1-train-md3060-C-00022,train,md3060,C,194,195,-0.44160908460617065,-198.76759338378906,0.4557383060455322,0.18531275018753376,47.440064048008644,0.39246643003188153,0.9670979976654053,0.7202627658843994,0.8555230498313904,0.7878929078578949,0.644409716129303,0.8058581948280334
d2p1-train-md3060-C-00023,train,md3060,C,201,202,-0.6050042510032654,-222.4840145111084,0.47006961703300476,0.33905911640650344,86.79913380006488,0.15474633563062426,0.9711233377456665,0.73663330078125,0.8586056232452393,0.7976194620132446,0.6426073908805847,0.795344889163971
d2p1-train-md3060-C-00024,train,md3060,C,208,209,-0.427170068025589,-194.88793563842773,0.4965519309043884,0.040236042828956695,10.300426964212914,0.3070039094585412,0.9635123014450073,0.708256721496582,0.9056943655014038,0.8069755434989929,0.6686971783638,0.8113438487052917
d2p1-train-md3060-C-00025,train,md3060,C,215,216,-0.6481160223484039,-208.3201904296875,0.5250523388385773,0.04052054100711366,10.373258497821096,0.4182823046664784,0.9543799757957458,0.6148116588592529,0.9081068634986877,0.7614592611789703,0.6010528802871704,0.7237562537193298
d2p1-train-md3060-C-00026,train,md3060,C,222,223,-0.48701825737953186,-203.64208984375,0.4685065448284149,0.2581320058243708,66.08179349103892,0.30898973975403615,0.9576685428619385,0.732562780380249,0.8647051453590393,0.7986339628696442,0.668563723564148,0.8186728358268738
d2p1-train-md3060-C-00027,train,md3060,C,230,231,-0.43305137753486633,-181.0168914794922,0.3669992685317993,0.4600261671431509,117.76669878864664,0.3144538256486284,0.9774825572967529,0.7514374256134033,0.8706262111663818,0.8110318183898926,0.6953458189964294,0.8358116745948792
d2p1-train-md3060-C-00028,train,md3060,C,237,238,-0.4368482530117035,-204.15062713623047,0.3056628406047821,0.37330099798565225,95.56505548432698,0.27745779523123776,0.9698269367218018,0.822137713432312,0.8607494831085205,0.8414435982704163,0.7506051063537598,0.9234474897384644
d2p1-train-md3060-C-00029,train,md3060,C,244,245,-0.4220675826072693,-179.0541763305664,0.40701931715011597,0.3197612600936525,81.85888258397505,0.4721224038885666,0.9727873802185059,0.7310926914215088,0.8399721384048462,0.7855324149131775,0.6754958033561707,0.8760818839073181
d2p1-train-md3060-C-00030,train,md3060,C,251,252,-0.5976763963699341,-194.93335342407227,0.4218120276927948,0.47458728543392453,121.49434507108468,0.37744779973565723,0.9541056156158447,0.7964614629745483,0.8586580753326416,0.827559769153595,0.6873072385787964,0.8913068175315857
d2p1-train-md3060-C-00031,train,md3060,C,258,259,-0.41804778575897217,-174.24943161010742,0.3653741776943207,0.30739596726560736,78.69336761999548,0.3127772737586069,0.9763826131820679,0.7669588923454285,0.8654071092605591,0.8161830008029938,0.6918396949768066,0.8809864521026611
d2p1-train-md3060-C-00032,train,md3060,C,265,266,-0.3666583299636841,-157.03802490234375,0.3931463062763214,0.4039228989684249,103.40426213591678,0.6727143614225429,0.9590263366699219,0.7788529992103577,0.8355475664138794,0.8072002828121185,0.6889991164207458,0.9094197750091553
d2p1-train-md3060-C-00033,train,md3060,C,332,333,-0.6735973209142685,-220.18033981323242,0.5459224581718445,0.050137400833428866,12.83517461335779,0.23722679579201142,0.9696393013000488,0.7081925868988037,0.8274909257888794,0.7678417563438416,0.6700693964958191,0.7944270372390747
d2p1-train-md3060-C-00034,train,md3060,C,339,340,-0.3260728120803833,-150.34005737304688,0.5069603323936462,0.049307886108611365,12.62281884380451,0.2230431423530152,0.9603787660598755,0.6984193325042725,0.7838536500930786,0.7411364912986755,0.6768519878387451,0.813987135887146
d2p1-train-md3060-C-00035,train,md3060,C,346,347,-0.22409427165985107,-131.15908813476562,0.47422879934310913,0.03313430191540313,8.482381290343202,0.22772791922763483,0.9580804109573364,0.6961265206336975,0.7987784147262573,0.7474524676799774,0.6714579463005066,0.8083958625793457
d2p1-train-md3060-C-00036,train,md3060,C,353,354,-0.2677503824234009,-133.12386322021484,0.35847917199134827,0.04555975168367404,11.663296431020553,0.2489314096037031,0.9356065988540649,0.7185864448547363,0.8230897188186646,0.7708380818367004,0.6798479557037354,0.8186786770820618
d2p1-train-md3060-C-00037,train,md3060,C,360,361,-0.1434198021888733,-92.12400817871094,0.32613223791122437,0.03391677773019007,8.682695098928658,0.21712949040621848,0.9492859840393066,0.7209433913230896,0.8431305289268494,0.7820369601249695,0.6776947975158691,0.8287865519523621
d2p1-train-md3060-C-00038,train,md3060,C,368,369,-0.131658136844635,-92.31576538085938,0.4383011758327484,0.018809780806166784,4.815303886378697,0.18433496580117792,0.9603818655014038,0.7197872400283813,0.8680877685546875,0.7939375042915344,0.6897247433662415,0.825367271900177
d2p1-train-md3060-C-00039,train,md3060,C,375,376,-0.4830699861049652,-171.66585540771484,0.3634782135486603,0.39179549442259237,100.29964657218365,0.7027645211425999,0.9643830060958862,0.7591882944107056,0.8630630373954773,0.8111256659030914,0.7325960397720337,0.8373587131500244
d2p1-train-md3060-C-00040,train,md3060,C,382,383,-0.3848024010658264,-165.517822265625,0.35657748579978943,0.3928271681506573,100.56375504656828,0.6675724680067375,0.9694046974182129,0.7671779990196228,0.8522416353225708,0.8097098171710968,0.6901795268058777,0.8845894932746887
d2p1-train-md3060-C-00041,train,md3060,C,389,390,-0.2732497453689575,-124.64329528808594,0.27560916543006897,0.36423844876589856,93.24504288407003,0.7711572205589979,0.961584210395813,0.7677031755447388,0.8230170011520386,0.7953600883483887,0.6763765811920166,0.8725489377975464
d2p1-train-md3060-C-00042,train,md3060,C,396,397,-0.3605828583240509,-170.96978378295898,0.3074423670768738,0.35270050770547395,90.29132997260133,0.5833922441007673,0.9690748453140259,0.8109678626060486,0.8574048280715942,0.8341863453388214,0.7054970264434814,0.9037697315216064
d2p1-train-md3060-C-00043,train,md3060,C,403,404,-0.16806691884994507,-67.68197631835938,0.27884441614151,0.4148774277075251,106.20862149312643,0.8147369770219851,0.9665123224258423,0.76469886302948,0.8423260450363159,0.803512454032898,0.6849725246429443,0.8781642317771912
d2p1-train-md3060-C-00044,train,md3060,C,411,412,-0.48462072014808655,-156.96712493896484,0.4347441494464874,0.3740570527895881,95.75860551413456,0.23582987445488096,0.9743896722793579,0.7382268905639648,0.9169100522994995,0.8275684714317322,0.6988629102706909,0.8222123384475708
d2p1-train-md3060-C-00045,train,md3060,C,418,419,-0.3818856477737427,-170.36737823486328,0.27217987179756165,0.3732457021912415,95.55089976095782,0.24785319710432624,0.9658536911010742,0.8203079104423523,0.872114896774292,0.8462114036083221,0.7421414852142334,0.8998197913169861
d2p1-train-md3060-C-00046,train,md3060,C,425,426,-0.30653780698776245,-157.47754669189453,0.31952717900276184,0.40640308410426906,104.03918953069288,0.2648191431612009,0.9576512575149536,0.7776603698730469,0.8365600109100342,0.8071101903915405,0.7027673721313477,0.8529871106147766
d2p1-train-md3060-C-00047,train,md3060,C,432,433,-0.46370142698287964,-170.6336669921875,0.47413307428359985,0.24562671349229212,62.88043865402678,0.8071486177230527,0.9552486538887024,0.699180006980896,0.8429490923881531,0.7710645496845245,0.6647144556045532,0.8013349771499634
d2p1-train-md3060-C-00048,train,md3060,C,439,440,-0.34589385986328125,-154.2993927001953,0.2767940163612366,0.41316857187320216,105.77115439953975,0.15127714300765116,0.9542756080627441,0.7910640239715576,0.8473141193389893,0.8191890716552734,0.705237865447998,0.8828728199005127
d2p1-train-md3060-C-00049,train,md3060,C,446,447,-0.576439768075943,-190.5119857788086,0.3525412082672119,0.28873672252407073,73.91660096616211,0.26333246021463647,0.9497209787368774,0.7502232789993286,0.8203661441802979,0.7852947115898132,0.6586798429489136,0.8356916308403015
d2p1-train-md3060-C-00050,train,md3060,C,454,455,-0.6900241672992706,-198.5450897216797,0.4630706012248993,0.3221882037611718,82.48018016285998,0.23083537382370967,0.9623600244522095,0.7368431091308594,0.7839207649230957,0.7603819370269775,0.6622787714004517,0.8557972311973572
d2p1-train-md3060-C-00051,train,md3060,C,461,462,-0.6110392808914185,-209.20251846313477,0.3849697709083557,0.3042902166665236,77.89829546663005,0.2300647861510763,0.9650169014930725,0.7821319103240967,0.8408860564231873,0.811508983373642,0.6943950057029724,0.8839734792709351
d2p1-train-md3060-C-00052,train,md3060,C,468,469,-0.6822358071804047,-210.68350982666016,0.5077040493488312,0.29286929227422875,74.97453882220256,0.1692402943815975,0.9546008110046387,0.722845196723938,0.8029630780220032,0.7629041373729706,0.6583051681518555,0.8377329111099243
d2p1-train-md3060-C-00053,train,md3060,C,475,476,-0.4363977313041687,-149.99227905273438,0.5186631083488464,0.3764866811029734,96.38059036236119,0.3157646920221056,0.9716551899909973,0.7463051080703735,0.8567901253700256,0.8015476167201996,0.6940500140190125,0.8692271709442139
d2p1-train-md3060-C-00054,train,md3060,C,482,483,-0.6041291058063507,-205.54150009155273,0.5193139016628265,0.3180285601044781,81.4153113867464,0.1945926240628884,0.9729660153388977,0.7585200071334839,0.8660666346549988,0.8122933208942413,0.708777666091919,0.8755267262458801
d2p1-train-md3060-C-00055,train,md3060,C,489,490,-0.5998015403747559,-210.19976043701172,0.4402286410331726,0.3223537167126046,82.52255147842678,0.08680975577876504,0.9672986268997192,0.7499067783355713,0.8473119735717773,0.7986093759536743,0.6956660151481628,0.8572483062744141
d2p1-train-md3060-C-00056,train,md3060,C,497,498,-0.4270048141479492,-177.20423126220703,0.4379301965236664,0.35305163351502417,90.38121817984619,0.12559122471807618,0.968604564666748,0.7799727916717529,0.8377503156661987,0.8088615536689758,0.7016044855117798,0.8767532706260681
d2p1-train-md3060-C-00057,train,md3060,C,504,505,-0.6426159739494324,-175.76509857177734,0.4714958369731903,0.3826891194431486,97.96841457744604,0.41164953081542166,0.9727687239646912,0.751412034034729,0.8847815990447998,0.8180968165397644,0.7042865753173828,0.8634777069091797
d2p1-train-md3060-C-00058,train,md3060,C,511,512,-0.6632201969623566,-170.4257049560547,0.4929719865322113,0.3515157707898081,89.98803732219088,0.23936417220197953,0.9648796319961548,0.728591799736023,0.9009041786193848,0.8147479891777039,0.6901578903198242,0.8331092596054077
d2p1-train-md3060-C-00059,train,md3060,C,518,519,-0.3577834963798523,-104.14875793457031,0.1675126850605011,0.5074629136574119,129.91050589629745,0.815147851373828,0.9601290225982666,0.7900595664978027,0.8910931348800659,0.8405763506889343,0.6763983964920044,0.8752730488777161
d2p1-train-md3060-C-00060,train,md3060,C,525,526,-0.47053420543670654,-178.5708236694336,0.21112143993377686,0.502085791496968,128.5339626232238,0.83623261776296,0.9194884300231934,0.6957826614379883,0.83184814453125,0.7638154029846191,0.5863020420074463,0.8336039781570435
d2p1-train-md3060-C-00061,train,md3060,C,532,533,-0.4530704617500305,-157.44808959960938,0.3005964457988739,0.48577858636907884,124.35931811048418,0.9952847703845737,0.9227298498153687,0.7419562339782715,0.7619494199752808,0.7519528269767761,0.604189395904541,0.8675321340560913
d2p1-train-md3060-C-00062,train,md3060,C,540,541,-0.46489474177360535,-112.60084533691406,0.37030231952667236,0.44956028537119164,115.08743305502506,0.9896839264121171,0.9179688096046448,0.7193500995635986,0.7166731357574463,0.7180116176605225,0.5789786577224731,0.8416609764099121
d2p1-train-md3060-C-00063,train,md3060,C,547,548,-0.31601935625076294,-59.779205322265625,0.2631017863750458,0.42738965263177847,109.41175107373529,1.026060019581902,0.947425365447998,0.7069368958473206,0.8153573870658875,0.761147141456604,0.6075502634048462,0.8482888340950012
d2p1-train-md3060-C-00064,train,md3060,C,554,555,-0.29805630445480347,-88.02793884277344,0.27445000410079956,0.42574509096186275,108.99074328623686,0.9148188725122901,0.8865624666213989,0.67885822057724,0.7099841237068176,0.6944211721420288,0.5473407506942749,0.785872220993042
d2p1-train-md3060-C-00065,train,md3060,C,561,562,-0.4085806608200073,-169.14461517333984,0.2631385326385498,0.3606449038074495,92.32509537470708,0.8197595038366672,0.9275650978088379,0.7688171863555908,0.7981120347976685,0.7834646105766296,0.6404014229774475,0.8687992095947266
d2p1-train-md3060-C-00066,train,md3060,C,568,569,-0.45447930693626404,-181.78094482421875,0.31022098660469055,0.35672158803997694,91.3207265382341,0.32118749506238675,0.9265105128288269,0.7476307153701782,0.7588808536529541,0.7532557845115662,0.6019943952560425,0.8598147630691528
d2p1-train-md3060-C-00067,train,md3060,C,575,576,-0.5427889227867126,-191.82838821411133,0.4276096522808075,0.3338262574611597,85.45952191005688,0.5814858198042325,0.9560617208480835,0.7282622456550598,0.7895054221153259,0.7588838338851929,0.6538273096084595,0.8521345853805542
d2p1-train-md3060-C-00068,train,md3060,C,583,584,-0.3752075433731079,-91.67829895019531,0.36521419882774353,0.3356652922652976,85.93031481991619,0.8602526450923271,0.9056801795959473,0.7387747764587402,0.7199900150299072,0.7293823957443237,0.5907139182090759,0.8288243412971497
d2p1-train-md3060-C-00069,train,md3060,C,590,591,-0.6725999265909195,-215.63758087158203,0.4315054416656494,0.3417996705520233,87.50071566131797,0.5334797709543029,0.9817966222763062,0.8166143298149109,0.8692392110824585,0.8429267704486847,0.7274455428123474,0.906207799911499
d2p1-train-md3060-C-00070,train,md3060,C,597,598,-0.5817578434944153,-194.88472747802734,0.3962334394454956,0.23504711562156194,60.17206159911986,0.3749901632723954,0.9612842202186584,0.781000018119812,0.788343071937561,0.7846715450286865,0.6756933331489563,0.8840545415878296
d2p1-train-md3062-A-00000,train,md3062,A,51,52,-0.3480377495288849,-120.96722412109375,0.15852034091949463,0.3271469344759307,83.74961522583826,0.32353557754895396,0.9237062931060791,0.8296918272972107,0.8396977186203003,0.8346947729587555,0.682386040687561,0.8980510830879211
d2p1-train-md3062-A-00001,train,md3062,A,153,154,-0.23042643070220947,-95.55193328857422,0.006416141986846924,0.2619102343844803,67.04902000242696,0.1032348625960193,0.9311093688011169,0.9271333813667297,0.9204926490783691,0.9238130152225494,0.779407799243927,0.9774363040924072
d2p1-train-md3062-A-00002,train,md3062,A,256,257,-0.4170205593109131,-130.90825653076172,0.13474822044372559,0.40465525880278697,103.59174625351346,0.1435237545719579,0.9399057626724243,0.8284885883331299,0.8281105160713196,0.8282995522022247,0.7105608582496643,0.919854462146759
d2p1-train-md3062-A-00003,train,md3062,A,358,359,-0.2211775779724121,-85.8889389038086,0.04106569290161133,0.3237660630146122,82.88411213174072,0.05821760743639802,0.9165735840797424,0.8366751670837402,0.8752645254135132,0.8559698462486267,0.738506555557251,0.9426182508468628
d2p1-train-md3062-A-00004,train,md3062,A,460,461,-0.30707263946533203,-66.2567024230957,0.11733359098434448,0.2459883291316852,62.97301225771141,0.36819011706607246,0.8935604691505432,0.8685368299484253,0.7493046522140503,0.8089207410812378,0.6436611413955688,0.8901126980781555
d2p1-train-md3062-A-00005,train,md3062,A,563,564,-0.1681211292743683,-39.58157157897949,0.06575965881347656,0.3329667211203394,85.2394806068069,0.2439868901336293,0.9609919786453247,0.818745493888855,0.915351390838623,0.867048442363739,0.764942467212677,0.9261398315429688
d2p1-train-md3062-A-00006,train,md3062,A,672,673,-0.2765042781829834,-84.12899017333984,0.07548165321350098,0.46055652264705393,117.90246979764581,0.14648715641747773,0.9638127684593201,0.8854002952575684,0.8798880577087402,0.8826441764831543,0.7696822285652161,0.9678472876548767
d2p1-val-md3016-A-00000,val,md3016,A,3,4,-0.28356605768203735,-145.24180603027344,0.2547627091407776,0.43757567628727895,112.01937312954341,0.6521092102062584,0.9337199926376343,0.6985059976577759,0.7626115679740906,0.7305587828159332,0.6183791756629944,0.865568995475769
d2p1-val-md3016-A-00001,val,md3016,A,9,10,-0.38944950699806213,-172.34117889404297,0.3122485876083374,0.07193479426582759,18.415307332051864,0.5487973439364113,0.9615850448608398,0.694831132888794,0.867203950881958,0.781017541885376,0.6395535469055176,0.8283044695854187
d2p1-val-md3016-A-00002,val,md3016,A,15,16,-0.5091209709644318,-176.89745807647705,0.37069278955459595,0.3861347353391022,98.85049224681016,0.4235361571220879,0.9560389518737793,0.6971096992492676,0.8400391340255737,0.7685744166374207,0.635699987411499,0.8307545185089111
d2p1-val-md3016-A-00003,val,md3016,A,22,23,-0.39304208755493164,-181.8603401184082,0.36267614364624023,0.19992271454070865,51.18021492242141,0.48331958734164804,0.9665651917457581,0.6942791938781738,0.824320375919342,0.7592997848987579,0.6456327438354492,0.7959946990013123
d2p1-val-md3016-A-00004,val,md3016,A,28,29,-0.5521223247051239,-199.227201461792,0.33545535802841187,0.2642948973329299,67.65949371723005,0.21746006993662492,0.967237114906311,0.6626105904579163,0.8611931800842285,0.7619018852710724,0.6190209984779358,0.7838141918182373
d2p1-val-md3016-A-00005,val,md3016,A,35,36,-0.5678382068872452,-212.9901065826416,0.3188992738723755,0.09441627921906103,24.170567480079622,0.7397236004242205,0.962802529335022,0.6778435111045837,0.9113725423812866,0.7946080267429352,0.6579394340515137,0.807525098323822
d2p1-val-md3016-A-00006,val,md3016,A,41,42,-0.6040577292442322,-222.67524337768555,0.39217454195022583,0.32246268052610016,82.55044621468164,0.5016733549559362,0.941064178943634,0.650943398475647,0.7490864396095276,0.7000149190425873,0.5760494470596313,0.775117814540863
d2p1-val-md3016-A-00007,val,md3016,A,47,48,-0.6977990716695786,-227.65435218811035,0.4047849774360657,0.2947140086304837,75.44678620940383,0.4256747971388674,0.9251493215560913,0.6389000415802002,0.7831677794456482,0.7110339105129242,0.5597231388092041,0.7591989636421204
d2p1-val-md3016-A-00008,val,md3016,A,54,55,-0.4027302861213684,-151.29798126220703,0.3076474666595459,0.33823473522113306,86.58809221661006,0.8297727955759149,0.9346305131912231,0.665303111076355,0.794643759727478,0.7299734354019165,0.5921245813369751,0.8066588044166565
d2p1-val-md3016-A-00009,val,md3016,A,60,61,-0.41413208842277527,-178.6592559814453,0.29859352111816406,0.24522266652751484,62.7770026310438,0.5042103679344072,0.8716035485267639,0.6866458058357239,0.7499818205833435,0.7183138132095337,0.5782183408737183,0.7937601208686829
d2p1-val-md3016-A-00010,val,md3016,A,67,68,-0.3707720935344696,-161.900390625,0.2775232791900635,0.17933400863279464,45.90950620999543,0.23956330707395473,0.9258856177330017,0.763405442237854,0.8003940582275391,0.7818997502326965,0.6641395092010498,0.8687664866447449
d2p1-val-md3016-A-00011,val,md3016,A,73,74,-0.3848336935043335,-121.3000717163086,0.2111297845840454,0.3639496800263412,93.17111808674335,0.3402466636383276,0.8730254173278809,0.7100492715835571,0.7394120693206787,0.7247306704521179,0.599733829498291,0.8536980748176575
d2p1-val-md3016-A-00012,val,md3016,A,79,80,-0.5119335651397705,-90.26292419433594,0.28366154432296753,0.4103895594104009,105.05972720906263,0.06571766913930689,0.9064153432846069,0.7483842968940735,0.7642208337783813,0.7563025653362274,0.6375901699066162,0.878544270992279
d2p1-val-md3016-A-00013,val,md3016,A,86,87,-0.667108565568924,-207.6884241104126,0.3489781618118286,0.29572592873926107,75.70583775725083,0.7298461945740908,0.9458686113357544,0.68784099817276,0.8199740052223206,0.7539075016975403,0.5978361964225769,0.813709020614624
d2p1-val-md3016-A-00014,val,md3016,A,92,93,-0.6092357039451599,-203.75461959838867,0.34401243925094604,0.26478981700239884,67.7861931526141,0.594867753796801,0.8676313161849976,0.6881203651428223,0.715641438961029,0.7018809020519257,0.5816121101379395,0.8073967099189758
d2p1-val-md3016-A-00015,val,md3016,A,98,99,-0.6685715168714523,-210.58912086486816,0.40626126527786255,0.3322958040261842,85.06772583070315,0.602970067163939,0.946065366268158,0.618699312210083,0.7700034379959106,0.6943513751029968,0.5106127858161926,0.7602806687355042
d2p1-val-md3016-A-00016,val,md3016,A,105,106,-0.6314451396465302,-201.50335693359375,0.39016276597976685,0.25776456326148306,65.98772819493966,0.14117301392458742,0.9281015992164612,0.6856343746185303,0.7638449668884277,0.724739670753479,0.596135139465332,0.8152737617492676
d2p1-val-md3016-A-00017,val,md3016,A,111,112,-0.44308149814605713,-165.92988967895508,0.35507720708847046,0.3349351489021537,85.74339811895135,0.1654445473346901,0.9302276968955994,0.6920156478881836,0.7718017101287842,0.7319086790084839,0.6014676094055176,0.8233237862586975
d2p1-val-md3016-A-00018,val,md3016,A,118,119,-0.599985882639885,-202.073392868042,0.34770530462265015,0.3881573264254663,99.36827556491937,0.5674372924306597,0.9245794415473938,0.7316855192184448,0.7639052271842957,0.7477953732013702,0.6238045692443848,0.8349971771240234
d2p1-val-md3016-A-00019,val,md3016,A,124,125,-0.5991033017635345,-197.3733425140381,0.3972393274307251,0.34029445352370485,87.11538010206844,0.533764930848162,0.9204208850860596,0.6719452142715454,0.75754714012146,0.7147461771965027,0.5605062246322632,0.81339031457901
d2p1-val-md3016-A-00020,val,md3016,A,130,131,-0.3812357783317566,-156.1439971923828,0.2980990707874298,0.39510060135348496,101.14575394649215,0.7230888503482424,0.9333230257034302,0.7416576743125916,0.7966840267181396,0.7691708505153656,0.6169894337654114,0.8836535811424255
d2p1-val-md3016-A-00021,val,md3016,A,137,138,-0.5251308083534241,-182.55077362060547,0.37453168630599976,0.46251815731973883,118.40464827385314,0.6058071884235287,0.9463306069374084,0.7297701835632324,0.808254063129425,0.7690121233463287,0.6371669769287109,0.8339200019836426
d2p1-val-md3016-A-00022,val,md3016,A,143,144,-0.5931379050016403,-208.11156845092773,0.33861714601516724,0.08615337978393153,22.055265224686472,0.609315545983018,0.9433804750442505,0.728278636932373,0.8367898464202881,0.7825342416763306,0.6290333271026611,0.8592321276664734
d2p1-val-md3016-A-00023,val,md3016,A,149,150,-0.6385257542133331,-213.5909242630005,0.3302067518234253,0.1391959566630419,35.63416490573873,0.8765016266017404,0.969061017036438,0.6884297132492065,0.928795337677002,0.8086125254631042,0.6560361981391907,0.7993645071983337
d2p1-val-md3016-A-00024,val,md3016,A,156,157,-0.6923355758190155,-230.43481540679932,0.406063973903656,0.3133196594542457,80.2098328202869,0.5139997706490069,0.8966453075408936,0.6827499866485596,0.7559703588485718,0.7193601727485657,0.5772130489349365,0.795608401298523
d2p1-val-md3016-A-00025,val,md3016,A,162,163,-0.6909868195652962,-224.9859175682068,0.3472582697868347,0.14142071862406788,36.20370396776138,1.022286386323486,0.9591280221939087,0.6370472311973572,0.8680486679077148,0.752547949552536,0.5909126996994019,0.8010607957839966
d2p1-val-md3016-A-00026,val,md3016,A,169,170,-0.5642149150371552,-200.87025260925293,0.28998470306396484,0.4705065658604153,120.44968086026631,0.458482389454834,0.9696938991546631,0.6575696468353271,0.8232539892196655,0.7404118180274963,0.5964769124984741,0.7667589783668518
d2p1-val-md3016-A-00027,val,md3016,A,175,176,-0.6053596138954163,-213.4592342376709,0.3180285096168518,0.4212305865357934,107.83503015316312,0.29610281287863016,0.948882520198822,0.6043646335601807,0.7783801555633545,0.6913723945617676,0.5401592254638672,0.7485045194625854
d2p1-val-md3016-A-00028,val,md3016,A,181,182,-0.5548373162746429,-188.27703094482422,0.3346952795982361,0.39625768572487285,101.44196754556745,0.10289067432211005,0.9437780976295471,0.6757724285125732,0.7948633432388306,0.7353178858757019,0.5621078014373779,0.8159711956977844
d2p1-val-md3016-A-00029,val,md3016,A,188,189,-0.7120723575353622,-217.62894439697266,0.38330066204071045,0.3566978493139962,91.31464942438302,0.17285785973845544,0.9659778475761414,0.616673469543457,0.8084198236465454,0.7125466465950012,0.540827751159668,0.7420464158058167
d2p1-val-md3016-A-00030,val,md3016,A,194,195,-0.5191244184970856,-185.76288604736328,0.22363752126693726,0.3282345714060013,84.02805027993634,0.4141854011236474,0.8841754794120789,0.7083266973495483,0.7415809631347656,0.724953830242157,0.5915389657020569,0.8628922700881958
d2p1-val-md3016-A-00031,val,md3016,A,201,202,-0.4631451964378357,-152.87186431884766,0.1869218349456787,0.3029959873833083,77.56697277012692,0.2691521595791946,0.8955398797988892,0.6707594394683838,0.7155452966690063,0.6931523680686951,0.5837037563323975,0.8156064748764038
d2p1-val-md3016-A-00032,val,md3016,A,207,208,-0.606154590845108,-201.0916748046875,0.29430168867111206,0.4599496325459074,117.7471059317523,0.211376798805046,0.9306655526161194,0.5622131824493408,0.6984207630157471,0.630316972732544,0.49778932332992554,0.701754093170166
d2p1-val-md3016-A-00033,val,md3016,A,213,214,-0.5545030832290649,-205.49989700317383,0.2919013500213623,0.16077123877363214,41.15743712604983,0.2735184174611819,0.9566507339477539,0.7085638046264648,0.8282123804092407,0.7683880925178528,0.620560884475708,0.8228354454040527
d2p1-val-md3016-A-00034,val,md3016,A,220,221,-0.358826220035553,-153.1159439086914,0.2773621678352356,0.24753948499975367,63.37010815993694,0.46572409092193945,0.8934586048126221,0.7112281322479248,0.7411757707595825,0.7262019515037537,0.6064022183418274,0.8535513281822205
d2p1-val-md3016-A-00035,val,md3016,A,226,227,-0.25097763538360596,-131.77606201171875,0.17520034313201904,0.39198325755205327,100.34771393332564,0.1950462159411997,0.9198073148727417,0.7208222150802612,0.7943559885025024,0.7575891017913818,0.6353515386581421,0.8625984191894531
d2p1-val-md3016-A-00036,val,md3016,A,232,233,-0.5354007184505463,-189.67240142822266,0.26305055618286133,0.3320748727543772,85.01116742512056,0.5949968750241349,0.9242833852767944,0.6551996469497681,0.8021407127380371,0.7286701798439026,0.5535936951637268,0.8118250370025635
d2p1-val-md3016-A-00037,val,md3016,A,239,240,-0.4456326961517334,-176.92230224609375,0.3209477663040161,0.24337132631052955,62.303059535495564,0.20327410893212441,0.9453396797180176,0.6605109572410583,0.850998044013977,0.7557545006275177,0.5817307829856873,0.8328368067741394
d2p1-val-md3016-A-00038,val,md3016,A,245,246,-0.5880716294050217,-191.0935401916504,0.2896900773048401,0.20032256122052838,51.282575672455266,0.28088118626369657,0.9635975360870361,0.6667418479919434,0.882946252822876,0.7748440504074097,0.6077578663825989,0.8061349391937256
d2p1-val-md3016-A-00039,val,md3016,A,252,253,-0.30106645822525024,-140.30008697509766,0.24263620376586914,0.22102184873578634,56.5815932763613,0.3451882246986295,0.9469952583312988,0.732029914855957,0.8577520251274109,0.794890969991684,0.6230347156524658,0.8496004343032837
d2p1-val-md3016-A-00040,val,md3016,A,258,259,-0.17373347282409668,-77.34149169921875,0.26927947998046875,0.2543952116256713,65.12517417617185,0.4525363252433277,0.9473668932914734,0.7524474859237671,0.8220729827880859,0.7872602343559265,0.6472885608673096,0.8566673994064331
d2p1-val-md3016-A-00041,val,md3016,A,264,265,-0.35975342988967896,-151.63032913208008,0.18077391386032104,0.12465174335048172,31.91084629772332,0.627882230234767,0.9071282148361206,0.718965470790863,0.7462136149406433,0.7325895428657532,0.6169393062591553,0.8763484358787537
d2p1-val-md3016-A-00042,val,md3016,A,271,272,-0.31874755024909973,-134.34444427490234,0.21463853120803833,0.19071469670076502,48.822962355395845,0.0826289522186998,0.9166982173919678,0.718687117099762,0.802413821220398,0.76055046916008,0.5868914127349854,0.8411180973052979
d2p1-val-md3016-A-00043,val,md3016,A,277,278,-0.5937168896198273,-198.26971435546875,0.2902110815048218,0.3270203973091482,83.71722171114195,0.30523460900309735,0.900978684425354,0.7220679521560669,0.7711741924285889,0.7466210722923279,0.5814384818077087,0.8577585816383362
d2p1-val-md3016-A-00044,val,md3016,A,283,284,-0.5537567138671875,-189.44432830810547,0.2640491724014282,0.38741847980268,99.17913082948608,0.3027026616479999,0.8730708360671997,0.7206175327301025,0.7324221134185791,0.7265198230743408,0.6111957430839539,0.8341858386993408
d2p1-val-md3016-A-00045,val,md3016,A,290,291,-0.6856945902109146,-196.90040588378906,0.35062503814697266,0.39480614606459125,101.07037339253536,0.3112409622403802,0.919487476348877,0.7356646060943604,0.7839171290397644,0.7597908675670624,0.5960173606872559,0.8268688321113586
d2p1-val-md3016-A-00046,val,md3016,A,296,297,-0.477937251329422,-168.12260818481445,0.3097343444824219,0.3756290900655936,96.16104705679196,0.2193227349872753,0.9491852521896362,0.668404221534729,0.8300643563270569,0.7492342889308929,0.5726972818374634,0.8025688529014587
d2p1-val-md3016-A-00047,val,md3016,A,303,304,-0.5424181520938873,-201.147611618042,0.3878421187400818,0.09222476211391013,23.609539101160994,0.47434363524480583,0.9599055051803589,0.6403805017471313,0.847255527973175,0.7438180148601532,0.5618710517883301,0.7929706573486328
d2p1-val-md3016-A-00048,val,md3016,A,309,310,-0.3995128273963928,-177.56392288208008,0.24973607063293457,0.3535955339272728,90.52045668538183,0.28284135987350745,0.8932195901870728,0.7146568298339844,0.7819675803184509,0.7483122050762177,0.5918549299240112,0.8293163776397705
d2p1-val-md3016-A-00049,val,md3016,A,315,316,-0.4717942774295807,-190.70407104492188,0.2951117753982544,0.43310949069143595,110.8760296170076,0.3872921794538602,0.9115309715270996,0.6780012249946594,0.7813281416893005,0.72966468334198,0.5957415103912354,0.7956189513206482
d2p1-val-md3016-A-00050,val,md3016,A,322,323,-0.563600480556488,-198.92494201660156,0.3433218002319336,0.4506591592250995,115.36874476162548,0.29698057930617594,0.8901777267456055,0.6715718507766724,0.7578963041305542,0.7147340774536133,0.5755888223648071,0.7979025840759277
d2p1-val-md3016-A-00051,val,md3016,A,328,329,-0.7591767385601997,-232.78475856781006,0.4081650972366333,0.07108521949416867,18.19781619050718,0.7763393964973269,0.970517635345459,0.595950722694397,0.8691294193267822,0.7325400710105896,0.5369840264320374,0.7100340127944946
d2p1-val-md3016-A-00052,val,md3016,A,335,336,-0.6425751447677612,-214.85970878601074,0.33503443002700806,0.09802367024003647,25.094059581449336,0.9583834831935141,0.970339298248291,0.653119683265686,0.8849167823791504,0.7690182328224182,0.5925091505050659,0.7521542310714722
d2p1-val-md3016-A-00053,val,md3016,A,341,342,-0.6088754087686539,-205.29253959655762,0.27375054359436035,0.2799646681012323,71.67095503391546,1.0333122848518412,0.9503740668296814,0.6968990564346313,0.8061036467552185,0.7515013515949249,0.6017704010009766,0.8003883957862854
d2p1-val-md3016-A-00054,val,md3016,A,347,348,-0.6213945895433426,-197.79505920410156,0.25727415084838867,0.2697922895617197,69.06682612780024,0.4881920889065379,0.9216245412826538,0.7435678243637085,0.7704877257347107,0.7570277750492096,0.6613606810569763,0.873051106929779
d2p1-val-md3016-A-00055,val,md3016,A,354,355,-0.6356328576803207,-205.77114868164062,0.28708112239837646,0.3919140622664801,100.32999994021891,0.7596253750245254,0.9420067071914673,0.6652764081954956,0.800876259803772,0.7330763339996338,0.6006381511688232,0.8096893429756165
d2p1-val-md3016-A-00056,val,md3016,A,360,361,-0.5721183717250824,-193.29590511322021,0.2836002707481384,0.242151745616967,61.990846877943554,0.6266317993600625,0.9529926776885986,0.6882362365722656,0.8087347745895386,0.7484855055809021,0.6063916683197021,0.7971371412277222
d2p1-val-md3016-A-00057,val,md3016,A,366,367,-0.514862522482872,-174.72920322418213,0.2717282772064209,0.26174068856448146,67.00561627250725,0.8201471042690529,0.8938624858856201,0.6912139654159546,0.7610181570053101,0.7261160612106323,0.6157622337341309,0.8266535997390747
d2p1-val-md3016-A-00058,val,md3016,A,373,374,-0.6104321330785751,-220.22210884094238,0.3491474986076355,0.32581687247186775,83.40911935279814,0.6621642554267861,0.9120061993598938,0.6667191982269287,0.7179656028747559,0.6923424005508423,0.5806788206100464,0.8153765201568604
d2p1-val-md3016-A-00059,val,md3016,A,379,380,-0.5569664537906647,-201.5170726776123,0.330439031124115,0.3092728731642245,79.17385553004148,0.23070805945052755,0.9131478071212769,0.705884575843811,0.8002957105636597,0.7530901432037354,0.587276816368103,0.8255448341369629
d2p1-val-md3016-A-00060,val,md3016,A,386,387,-0.5898976922035217,-197.91370582580566,0.2846452593803406,0.3650189791947196,93.44485867384822,0.46415036475646543,0.9406696557998657,0.6993529796600342,0.7914928793907166,0.7454229295253754,0.6010015606880188,0.8267876505851746
d2p1-val-md3016-A-00061,val,md3016,A,392,393,-0.5587266981601715,-191.2200984954834,0.2508384585380554,0.313057046512699,80.14260390725094,0.4210786819622128,0.8680379390716553,0.6805433630943298,0.7255280017852783,0.7030356824398041,0.6262353658676147,0.8336184024810791
d2p1-val-md3016-A-00062,val,md3016,A,398,399,-0.5082218945026398,-184.1463623046875,0.27432334423065186,0.2716120251282527,69.5326784328327,0.10536889493288375,0.886427640914917,0.688662052154541,0.744297206401825,0.716479629278183,0.5944611430168152,0.8181555867195129
d2p1-val-md3016-A-00063,val,md3016,A,405,406,-0.5029058754444122,-199.04831314086914,0.3169327974319458,0.16789914622347177,42.98218143320877,0.16253826041833366,0.9617849588394165,0.6437625885009766,0.8490433692932129,0.7464029788970947,0.5916553139686584,0.7861781716346741
d2p1-val-md3016-A-00064,val,md3016,A,411,412,-0.3240252435207367,-129.2043571472168,0.23305577039718628,0.22737098224706453,58.20697145524852,0.3650855893429661,0.9360460042953491,0.7062374949455261,0.774490237236023,0.7403638660907745,0.6132773160934448,0.847929835319519
d2p1-val-md3016-A-00065,val,md3016,A,417,418,-0.5464904457330704,-156.37514877319336,0.26003414392471313,0.16731395513595498,42.832372514804476,0.2167672210723782,0.8629288673400879,0.7207903861999512,0.7926689982414246,0.7567296922206879,0.6365163326263428,0.8422722220420837
d2p1-val-md3016-A-00066,val,md3016,A,424,425,-0.5014872252941132,-168.21990585327148,0.28706085681915283,0.24790452381925415,63.46355809772906,0.20826777970281596,0.8804070949554443,0.7539985179901123,0.7819879055023193,0.7679932117462158,0.6185185313224792,0.8696454763412476
d2p1-val-md3016-A-00067,val,md3016,A,430,431,-0.6207448840141296,-201.96393203735352,0.2774404287338257,0.29205485624718164,74.7660431992785,0.20124699688497732,0.8836648464202881,0.684482991695404,0.7732491493225098,0.7288660705089569,0.5895700454711914,0.8633637428283691
d2p1-val-md3016-A-00068,val,md3016,A,437,438,-0.5504794418811798,-176.85593223571777,0.319646954536438,0.39832294565377485,101.97067408736636,0.5083196941358803,0.9523650407791138,0.6497005820274353,0.7785224914550781,0.7141115367412567,0.5540121793746948,0.7904407978057861
d2p1-val-md3016-A-00069,val,md3016,A,443,444,-0.5772870182991028,-199.79441833496094,0.3716871738433838,0.2883152321403534,73.80869942793046,0.474202405112269,0.9591954946517944,0.6193362474441528,0.82673180103302,0.7230340242385864,0.5542711615562439,0.7525179386138916
d2p1-val-md3016-A-00070,val,md3016,A,449,450,-0.6131577491760254,-214.7766284942627,0.3310602903366089,0.31135578475790787,79.70708089802442,0.4526381778104053,0.9621764421463013,0.6443849802017212,0.8382128477096558,0.7412989139556885,0.582460880279541,0.7671825885772705
d2p1-val-md3016-A-00071,val,md3016,A,456,457,-0.6039008945226669,-193.3263578414917,0.3517441749572754,0.4135560298701259,105.87034364675223,0.529245594969036,0.9551548957824707,0.6745235323905945,0.8113328218460083,0.7429281771183014,0.6143082976341248,0.800546407699585
d2p1-val-md3016-A-00072,val,md3016,A,462,463,-0.6327907741069794,-217.53276824951172,0.3216015696525574,0.40046048746690954,102.51788479152884,0.3855487905167906,0.9351205825805664,0.7332669496536255,0.8273091316223145,0.78028804063797,0.6303876638412476,0.8535016179084778
d2p1-val-md3016-A-00073,val,md3016,A,469,470,-0.5225532650947571,-209.4556007385254,0.3400881290435791,0.25342738783351143,64.87741128537893,0.11782855342789546,0.9191210269927979,0.6081875562667847,0.7556707859039307,0.6819291710853577,0.5488910675048828,0.7506175637245178
d2p1-val-md3016-A-00074,val,md3016,A,475,476,-0.5339083969593048,-192.6171360015869,0.2643465995788574,0.29430100238320545,75.3410566101006,0.3548806089211698,0.9287828207015991,0.650242805480957,0.8016912937164307,0.7259670495986938,0.5786994099617004,0.7976900339126587
d2p1-val-md3016-A-00075,val,md3016,A,481,482,-0.5806053280830383,-190.4807252883911,0.26689648628234863,0.401416816212613,102.76270495042893,0.8080133212912153,0.9246101379394531,0.668279767036438,0.7902942299842834,0.7292869985103607,0.6003448963165283,0.7954064011573792
d2p1-val-md3016-A-00076,val,md3016,A,488,489,-0.5850767344236374,-210.9260597229004,0.33566999435424805,0.27012220461673164,69.1512843818833,0.768526418248489,0.8703620433807373,0.6820955276489258,0.7772254347801208,0.7296604812145233,0.6090881824493408,0.8240908980369568
d2p1-val-md3016-A-00077,val,md3016,A,494,495,-0.4390362799167633,-177.18094444274902,0.2524288296699524,0.2526663717716603,64.68259117354503,0.12439258753652305,0.8935351967811584,0.6994414925575256,0.7942285537719727,0.7468350231647491,0.6009426116943359,0.8404831886291504
d2p1-val-md3016-A-00078,val,md3016,A,500,501,-0.4312167763710022,-178.266357421875,0.2663983702659607,0.4253750916757734,108.896023468998,0.5638874316308258,0.8766549229621887,0.6803677082061768,0.745867133140564,0.7131174206733704,0.592965304851532,0.8303113579750061
d2p1-val-md3016-A-00079,val,md3016,A,507,508,-0.608628898859024,-210.45521354675293,0.27898716926574707,0.26208807093743236,67.09454615998268,0.2696794515561203,0.9445579051971436,0.6748592257499695,0.8071269989013672,0.7409931123256683,0.6032613515853882,0.8277977108955383
d2p1-val-md3016-A-00080,val,md3016,A,513,514,-0.6153191328048706,-212.08088779449463,0.302284300327301,0.3896468450707411,99.74959233810972,0.35139174175117244,0.8867291212081909,0.7522018551826477,0.7498342990875244,0.7510180771350861,0.5927838087081909,0.8269520998001099
d2p1-val-md3016-A-00081,val,md3016,A,520,521,-0.5949749201536179,-213.02235984802246,0.40170806646347046,0.3574513712200128,91.50755103232328,0.46502292950852164,0.945146918296814,0.6389940977096558,0.6810524463653564,0.6600232720375061,0.525680422782898,0.7637494206428528
d2p1-val-md3016-A-00082,val,md3016,A,526,527,-0.7162012457847595,-234.6796407699585,0.4142407774925232,0.391039692938453,100.10616139224396,0.4180332088949352,0.9643340706825256,0.6845229864120483,0.8662779331207275,0.7754004597663879,0.5751180052757263,0.799144983291626
d2p1-val-md3016-A-00083,val,md3016,A,532,533,-0.5703406929969788,-214.43239307403564,0.37551653385162354,0.2471907726173548,63.28083779004283,0.6363858913813849,0.9644362926483154,0.700472354888916,0.8635332584381104,0.7820028066635132,0.6334357261657715,0.8204528093338013
d2p1-val-md3016-A-00084,val,md3016,A,539,540,-0.3870703876018524,-197.6471405029297,0.3539491295814514,0.29943319070382585,76.65489682017942,0.39963363963371124,0.9449423551559448,0.6703590750694275,0.7940539121627808,0.7322064936161041,0.5821709632873535,0.8172992467880249
d2p1-val-md3016-A-00085,val,md3016,A,545,546,-0.5492667406797409,-201.26745796203613,0.38012510538101196,0.39479586166690867,101.06774058672862,0.6241133570355474,0.9470772743225098,0.6762197017669678,0.7941738367080688,0.7351967692375183,0.5856743454933167,0.8040066361427307
d2p1-val-md3016-A-00086,val,md3016,A,551,552,-0.5892121493816376,-214.45216751098633,0.360892117023468,0.07558390057266492,19.34947854660222,0.6155279267956517,0.9674704670906067,0.59711754322052,0.8832207918167114,0.7401691675186157,0.5763195157051086,0.7405258417129517
d2p1-val-md3016-A-00087,val,md3016,A,558,559,-0.2639399468898773,-157.25535583496094,0.32646435499191284,0.04952509664547163,12.678424741240738,0.3243717389540285,0.9440380334854126,0.6870692372322083,0.8266685605049133,0.7568688988685608,0.5862635374069214,0.8100579380989075
d2p1-val-md3016-A-00088,val,md3016,A,564,565,-0.4625960737466812,-167.58301830291748,0.35084521770477295,0.309716709100574,79.28747752974694,0.4729440602672216,0.9627693891525269,0.6734435558319092,0.8601496815681458,0.7667966187000275,0.608669638633728,0.8155834674835205
d2p1-val-md3016-A-00089,val,md3016,A,571,572,-0.4399515390396118,-185.49527549743652,0.3186395764350891,0.21936674861446884,56.15788764530402,0.6531076497926139,0.9609766006469727,0.6951513886451721,0.86258864402771,0.778870016336441,0.6273401379585266,0.8331810832023621
d2p1-val-md3016-A-00090,val,md3016,A,577,578,-0.3733620345592499,-169.04438591003418,0.35702037811279297,0.3205985442269756,82.07322732210575,0.6053740911154548,0.9607316851615906,0.6579225063323975,0.8537523746490479,0.7558374404907227,0.5635294914245605,0.7825989723205566
d2p1-val-md3016-A-00091,val,md3016,A,583,584,-0.5328348875045776,-223.3605031967163,0.42226871848106384,0.36001914235241067,92.16490044221713,0.6293655803344742,0.9519817233085632,0.6074831485748291,0.7642339468002319,0.6858585476875305,0.5501119494438171,0.7462950348854065
d2p1-val-md3016-A-00092,val,md3016,A,590,591,-0.439118891954422,-190.45770931243896,0.3551161289215088,0.08646547124756876,22.135160639377602,0.718057704738388,0.9700013995170593,0.6786217093467712,0.8725630044937134,0.7755923569202423,0.6165897250175476,0.782918393611908
d2p1-val-md3016-A-00093,val,md3016,A,596,597,-0.39891186356544495,-189.11738204956055,0.3982897996902466,0.3688790098163175,94.43302651297728,0.16103460065636077,0.9599995613098145,0.6450309753417969,0.8151634335517883,0.7300972044467926,0.5735936164855957,0.7604079842567444
d2p1-val-md3016-A-00094,val,md3016,A,603,604,-0.4616647958755493,-215.43698120117188,0.42337650060653687,0.0470832687555019,12.053316801408487,0.5718165657363838,0.9453670382499695,0.5673525333404541,0.8234494924545288,0.6954010128974915,0.5425825119018555,0.6948385238647461
d2p1-val-md3016-A-00095,val,md3016,A,609,610,-0.5471139848232269,-220.1591911315918,0.41645994782447815,0.026693805546777048,6.833614219974924,0.4982520294155013,0.9479402303695679,0.6386793851852417,0.8643611073493958,0.7515202462673187,0.5822467803955078,0.7538107633590698
d2p1-val-md3016-A-00096,val,md3016,A,615,616,-0.41442394256591797,-189.90405654907227,0.3448113799095154,0.09776990037966629,25.02909449719457,0.624531816094559,0.9417843222618103,0.6692292094230652,0.7811797857284546,0.7252044975757599,0.6248013377189636,0.8083551526069641
d2p1-val-md3016-A-00097,val,md3016,A,622,623,-0.343449205160141,-164.54027557373047,0.2690087556838989,0.13318051270847395,34.09421125336933,1.0783244987168659,0.9406185150146484,0.6349341869354248,0.802147388458252,0.7185407876968384,0.5790407657623291,0.7454929351806641
d2p1-val-md3016-A-00098,val,md3016,A,628,629,-0.3162374198436737,-148.56708526611328,0.3201817274093628,0.05517663666307389,14.125218985746915,0.47235822192219573,0.9553098678588867,0.5992216467857361,0.8005139827728271,0.6998678147792816,0.5757331848144531,0.7037469744682312
d2p1-val-md3016-A-00099,val,md3016,A,634,635,-0.613728255033493,-227.8213233947754,0.3626531958580017,0.23533797115825963,60.246520616514466,0.9824794675742767,0.9679508209228516,0.6186524629592896,0.8705155849456787,0.7445840239524841,0.5751453638076782,0.7541452646255493
d2p1-val-md3016-A-00100,val,md3016,A,641,642,-0.5333787947893143,-205.3360767364502,0.3818854093551636,0.05641073033876159,14.441146966722966,0.6028622610826776,0.9640607833862305,0.6459636092185974,0.8653680086135864,0.7556658089160919,0.5881183743476868,0.7550286054611206
d2p1-val-md3016-A-00101,val,md3016,A,647,648,-0.4771517217159271,-197.12177085876465,0.3174201250076294,0.01916839065235896,4.9071080070038935,0.2218592651999467,0.9620862007141113,0.6337037682533264,0.8477910161018372,0.7407473921775818,0.6162668466567993,0.7585446834564209
d2p1-val-md3016-A-00102,val,md3016,A,654,655,-0.32214808464050293,-147.49337768554688,0.25925636291503906,0.06373614524551102,16.31645318285082,0.6407448220056257,0.9343596696853638,0.6738226413726807,0.8419270515441895,0.7578748464584351,0.646245002746582,0.7950422167778015
d2p1-val-md3016-A-00103,val,md3016,A,660,661,-0.44285640120506287,-195.39501571655273,0.38287627696990967,0.05880874026495241,15.055037507827818,0.4830127316826983,0.9596222639083862,0.6530745625495911,0.8521202802658081,0.7525974214076996,0.6097029447555542,0.7572996616363525
d2p1-val-md3016-A-00104,val,md3016,A,666,667,-0.4460066556930542,-187.51113891601562,0.3950003385543823,0.0315646760198228,8.080557061074638,0.5264300229646324,0.9589655995368958,0.6400922536849976,0.8950811624526978,0.7675867080688477,0.6108012199401855,0.7642209529876709
d2p1-val-md3016-A-00105,val,md3016,A,673,674,-0.601377323269844,-208.3754653930664,0.3781812787055969,0.2354528590442013,60.27593191531553,0.6776844758718835,0.9736920595169067,0.6058984994888306,0.8918336033821106,0.7488660514354706,0.5837671756744385,0.7266546487808228
d2p1-val-md3016-A-00106,val,md3016,A,679,680,-0.5556530356407166,-183.8469157218933,0.34125059843063354,0.49521396807192236,126.77477582641212,0.4553308478837097,0.9679902791976929,0.6290512681007385,0.8021180629730225,0.7155846655368805,0.5803931951522827,0.7258098125457764
d2p1-val-md3016-A-00107,val,md3016,A,685,686,-0.5421560704708099,-181.24856424331665,0.36677080392837524,0.09459585577516652,24.21653907844263,0.9021155710956327,0.9763510227203369,0.5768778324127197,0.8044042587280273,0.6906410455703735,0.5538778305053711,0.6937353014945984
d2p1-val-md3016-A-00108,val,md3016,A,692,693,-0.34032946825027466,-159.62725067138672,0.2726448178291321,0.41591829098501726,106.47508249216442,0.3648784218740494,0.910932719707489,0.6603525876998901,0.7487772703170776,0.7045649290084839,0.5614708065986633,0.8120579123497009
d2p1-val-md3016-A-00109,val,md3016,A,698,699,-0.5063330233097076,-186.98025131225586,0.34088045358657837,0.2840648291352281,72.7205962586184,0.30801555242921325,0.8911774158477783,0.6318854093551636,0.6900634169578552,0.6609744131565094,0.5272642374038696,0.7470681071281433
d2p1-val-md3016-A-00110,val,md3016,A,705,706,-0.30888643860816956,-133.03887176513672,0.26702427864074707,0.16805170519845813,43.02123653080528,0.26123413688052743,0.9083362817764282,0.6906711459159851,0.7170499563217163,0.7038605511188507,0.580569863319397,0.7875306606292725
d2p1-val-md3016-A-00111,val,md3016,A,711,712,0.055462539196014404,-15.213088989257812,0.305614709854126,0.011661400008362594,2.985318402140824,0.27152532812235336,0.9037219882011414,0.6520552039146423,0.7745605111122131,0.7133078575134277,0.5183358192443848,0.7792075872421265
d2p1-val-md3016-A-00112,val,md3016,A,717,718,-0.568203866481781,-212.2289638519287,0.3435027599334717,0.14739644198249718,37.73348914751928,0.7901297588564873,0.949105978012085,0.7088686227798462,0.8540305495262146,0.7814495861530304,0.6362800598144531,0.8344228267669678
d2p1-val-md3016-A-00113,val,md3016,A,724,725,-0.346871942281723,-164.14523887634277,0.32432788610458374,0.03176180815162945,8.131022886817139,0.2070042104518276,0.945999026298523,0.658918023109436,0.8348153829574585,0.7468667030334473,0.5939468145370483,0.8028311133384705
d2p1-val-md3016-A-00114,val,md3016,A,730,731,-0.47054627537727356,-180.78583812713623,0.3470715880393982,0.12173371720525707,31.16383160454581,0.7158396978221033,0.969933271408081,0.6629068851470947,0.8920001983642578,0.7774535417556763,0.6246739625930786,0.7943153977394104
d2p1-val-md3016-A-00115,val,md3016,A,737,738,-0.45953477919101715,-165.06684684753418,0.2743068337440491,0.4472829866958069,114.50444459412657,0.7132437252034293,0.9745944738388062,0.6616705656051636,0.9271433353424072,0.7944069504737854,0.6360552310943604,0.7997952103614807
d2p1-val-md3016-A-00116,val,md3016,A,743,744,-0.5258552134037018,-214.59137535095215,0.34348374605178833,0.12479379951934333,31.947212676951892,0.8715827562610861,0.9664210081100464,0.6301249265670776,0.8753530383110046,0.7527389824390411,0.5574173331260681,0.7448668479919434
d2p1-val-md3016-A-00117,val,md3016,A,749,787,-0.09353557229042053,-30.45126724243164,0.10452741384506226,0.1067784472706228,27.335282501279437,1.0695982537879272,0.9743392467498779,0.8100085258483887,0.8452161550521851,0.8276123404502869,0.7126411199569702,0.9243268370628357
d2p1-val-md3016-A-00118,val,md3016,A,793,794,-0.19656169414520264,-125.00662612915039,0.23914366960525513,0.07912659945620358,20.256409460788117,0.6201167961668764,0.9597381353378296,0.7937345504760742,0.8963674902915955,0.8450510203838348,0.7309532165527344,0.9074508547782898
d2p1-val-md3016-A-00119,val,md3016,A,799,800,-0.4430443048477173,-155.38673782348633,0.2575768828392029,0.08373706699259864,21.436689150105252,0.5417773512869157,0.9685193300247192,0.7110180854797363,0.8520805239677429,0.7815493047237396,0.6666422486305237,0.8479829430580139
d2p1-val-md3016-A-00120,val,md3016,A,845,846,-0.4126207232475281,-169.91423797607422,0.2896181344985962,0.04713090301091931,12.065511170795343,0.553355627437679,0.9486924409866333,0.6940410137176514,0.784346342086792,0.7391936779022217,0.6177644729614258,0.8034690022468567
d2p1-val-md3016-A-00121,val,md3016,A,852,853,-0.4402941167354584,-191.4269847869873,0.3490343689918518,0.06986485654926486,17.885403276611804,0.801796635473888,0.9568756222724915,0.6124401092529297,0.8135823011398315,0.7130112051963806,0.586941123008728,0.7228425145149231
d2p1-val-md3016-A-00122,val,md3016,A,858,859,-0.6336025297641754,-231.76084899902344,0.4120463728904724,0.08126189572338313,20.80304530518608,0.8927511175415135,0.9513068199157715,0.6322802305221558,0.853622317314148,0.7429512739181519,0.5251514911651611,0.7255338430404663
d2p1-val-md3016-A-00123,val,md3016,A,865,866,-0.5257513970136642,-201.93658351898193,0.3880525231361389,0.10617697533548867,27.1813056858851,0.6366905876238751,0.9619195461273193,0.5974779725074768,0.8144725561141968,0.7059752643108368,0.5519568920135498,0.729664146900177
d2p1-val-md3016-A-00124,val,md3016,A,871,872,-0.34672704339027405,-111.23154067993164,0.2507580518722534,0.3740604604674166,95.75947787965865,0.6736632866121921,0.9171899557113647,0.7426716089248657,0.7810722589492798,0.7618719339370728,0.5887664556503296,0.8560516834259033
d2p1-val-md3016-A-00125,val,md3016,A,877,878,-0.41214582324028015,-172.86176681518555,0.2553654909133911,0.4300249228097867,110.0863802393054,0.771834668344008,0.9244731664657593,0.7002851366996765,0.7868778705596924,0.7435815036296844,0.5976662039756775,0.8158792853355408
d2p1-val-md3016-B-00000,val,md3016,B,9,10,-0.3844573497772217,-128.3843879699707,0.24815189838409424,0.31149278222189924,79.7421522488062,0.687622789828839,0.9455294013023376,0.7536466717720032,0.9094916582107544,0.8315691649913788,0.6859785318374634,0.8494680523872375
d2p1-val-md3016-B-00001,val,md3016,B,29,30,-0.3220575749874115,-88.61920166015625,0.07120251655578613,0.3520699723729226,90.12991292746818,0.08029722561610368,0.9544732570648193,0.8417757749557495,0.8581668138504028,0.8499712944030762,0.6931710243225098,0.9276676177978516
d2p1-val-md3016-B-00002,val,md3016,B,49,50,-0.29401353001594543,-76.73828125,0.046470820903778076,0.2171713902032132,55.595875892022576,0.25504294474421296,0.9436813592910767,0.8344812393188477,0.8503319025039673,0.8424065709114075,0.6949029564857483,0.913091778755188
d2p1-val-md3016-B-00003,val,md3016,B,68,69,-0.49370256066322327,-149.40081787109375,0.21211248636245728,0.1551582345182421,39.720508036669976,0.32742050123947547,0.9598827362060547,0.7790254950523376,0.8319446444511414,0.8054850697517395,0.6839131116867065,0.8903032541275024
d2p1-val-md3016-B-00004,val,md3016,B,88,89,-0.30716338753700256,-113.81417846679688,0.13873016834259033,0.41193746380995583,105.45599073534869,0.47953458687134515,0.9547756314277649,0.8561240434646606,0.8605893850326538,0.8583567142486572,0.7168393135070801,0.9433647394180298
d2p1-val-md3016-B-00005,val,md3016,B,107,108,-0.6343962177634239,-183.09763145446777,0.24543410539627075,0.3252045497480334,83.25236473549656,0.27803700982262636,0.9644497632980347,0.7800083160400391,0.8978438377380371,0.8389260768890381,0.7147786617279053,0.9079253077507019
d2p1-val-md3016-B-00006,val,md3016,B,127,128,-0.3507256507873535,-133.76745986938477,0.1658300757408142,0.44217806163291945,113.19758377802738,0.28500647328779194,0.9276227951049805,0.8420780897140503,0.8064321279525757,0.824255108833313,0.6949000358581543,0.9085313081741333
d2p1-val-md3016-B-00007,val,md3016,B,147,148,-0.18455880880355835,-110.2207260131836,0.12083059549331665,0.4001643053551863,102.4420621709277,0.35879250251112044,0.9362907409667969,0.7948451638221741,0.8100054264068604,0.8024252951145172,0.6791914701461792,0.8805010318756104
d2p1-val-md3016-B-00008,val,md3016,B,166,167,-0.2874239981174469,-147.26105880737305,0.1570507287979126,0.33778900841510995,86.47398615426815,0.3247755939978157,0.9321348071098328,0.7741999626159668,0.8265753388404846,0.8003876507282257,0.6910234689712524,0.895630419254303
d2p1-val-md3016-B-00009,val,md3016,B,186,187,-0.376709908246994,-147.17174530029297,0.17934566736221313,0.35016118509192395,89.64126338353253,0.1529678930046109,0.9479186534881592,0.8012022972106934,0.8310332298278809,0.8161177635192871,0.7006122469902039,0.9062488079071045
d2p1-val-md3016-B-00010,val,md3016,B,205,206,-0.49635590612888336,-152.93006896972656,0.2352948784828186,0.15851008772429587,40.57858245741974,0.32022573131538185,0.9481392502784729,0.7995556592941284,0.8595601320266724,0.8295578956604004,0.7075427770614624,0.9096258282661438
d2p1-val-md3016-B-00011,val,md3016,B,225,226,-0.4136268198490143,-149.0342254638672,0.08837497234344482,0.4019965909330751,102.91112727886723,0.29530658725367415,0.9523708820343018,0.7844216227531433,0.831591784954071,0.8080067038536072,0.692077100276947,0.904804527759552
d2p1-val-md3016-B-00012,val,md3016,B,245,246,-0.18529191613197327,-70.58354568481445,0.0068007707595825195,0.3231080226569671,82.71565380018357,0.2861652908270576,0.9252644777297974,0.7914418578147888,0.817691445350647,0.8045666515827179,0.6797522306442261,0.9240307807922363
d2p1-val-md3016-B-00013,val,md3016,B,264,265,-0.28538504242897034,-117.6960563659668,0.040696799755096436,0.24258295264447702,62.10123587698612,0.10176852483227526,0.9312466382980347,0.8294254541397095,0.8567382097244263,0.8430818319320679,0.6979364156723022,0.9244468212127686
d2p1-val-md3016-B-00014,val,md3016,B,284,285,-0.3960365355014801,-130.3676528930664,0.2022014856338501,0.2471350624168582,63.2665759787157,0.04122800110134749,0.9475381374359131,0.7577970027923584,0.8302773237228394,0.7940371632575989,0.7032808661460876,0.8831865787506104
d2p1-val-md3016-B-00015,val,md3016,B,303,304,-0.6039785295724869,-153.3685302734375,0.24160051345825195,0.3154609247079316,80.75799672523048,0.27587639912006867,0.928980827331543,0.8259581327438354,0.8256137371063232,0.8257859349250793,0.7121024131774902,0.9222974181175232
d2p1-val-md3016-B-00016,val,md3016,B,323,324,-0.5512331277132034,-162.74318504333496,0.18159270286560059,0.35736928127721507,91.48653600696706,0.06193537221337662,0.8967188000679016,0.7699445486068726,0.7862886786460876,0.7781166136264801,0.6749330759048462,0.8919416666030884
d2p1-val-md3016-B-00017,val,md3016,B,343,344,-0.4814169704914093,-153.10002899169922,0.1704500913619995,0.40088898024498104,102.62757894271515,0.4374944110009949,0.944568932056427,0.8141297698020935,0.8661079406738281,0.8401188552379608,0.6917861104011536,0.9077235460281372
d2p1-val-md3016-B-00018,val,md3016,B,362,363,-0.4520914852619171,-159.94149780273438,0.2200360894203186,0.32718833040321915,83.7602125832241,0.4119355969131597,0.9498592615127563,0.7945569157600403,0.8799468278884888,0.8372518718242645,0.6955471634864807,0.8910303711891174
d2p1-val-md3016-B-00019,val,md3016,B,382,383,-0.5721983164548874,-184.58007049560547,0.27832531929016113,0.3958977531955158,101.34982481805204,0.3636799673913731,0.9334877729415894,0.8124597072601318,0.843612015247345,0.8280358612537384,0.7329519987106323,0.915296733379364
d2p1-val-md3016-B-00020,val,md3016,B,402,403,-0.4602860361337662,-128.1100959777832,0.25883936882019043,0.20838131455794448,53.34561652683379,0.26007718955665504,0.924595296382904,0.7606862783432007,0.8384488821029663,0.7995675802230835,0.7071026563644409,0.8887559175491333
d2p1-val-md3016-B-00021,val,md3016,B,421,422,-0.40266546607017517,-159.8740234375,0.15714049339294434,0.33508327969900376,85.78131960294496,0.03349805527782175,0.8912477493286133,0.7504550218582153,0.8042545318603516,0.7773547768592834,0.6817065477371216,0.8822389841079712
d2p1-val-md3016-B-00022,val,md3016,B,441,442,-0.3857905864715576,-144.84254455566406,0.11894875764846802,0.2644233657770148,67.69238163891579,0.23388542787566313,0.890981137752533,0.7543495297431946,0.8140583038330078,0.7842039167881012,0.7026946544647217,0.8959893584251404
d2p1-val-md3016-B-00023,val,md3016,B,460,461,-0.5081735253334045,-174.61255645751953,0.2269749641418457,0.3415162060813859,87.42814875683479,0.33101188972535067,0.9137218594551086,0.7818914651870728,0.8083803653717041,0.7951359152793884,0.6855790019035339,0.9078791737556458
d2p1-val-md3016-B-00024,val,md3016,B,480,481,-0.6184111833572388,-195.3734951019287,0.30555158853530884,0.22804597535547874,58.37976969100256,0.26070692508733007,0.9299602508544922,0.7653088569641113,0.8443753719329834,0.8048421144485474,0.6928034424781799,0.909261167049408
d2p1-val-md3016-B-00025,val,md3016,B,500,501,-0.24889490008354187,-102.57247924804688,0.19699883460998535,0.37718183613375894,96.55855005024229,0.0286268362445861,0.9059581756591797,0.7899377346038818,0.801162838935852,0.7955502867698669,0.6878337264060974,0.8912925124168396
d2p1-val-md3016-B-00026,val,md3016,B,519,520,-0.2633182108402252,-108.3201904296875,0.1743943691253662,0.42078658346577685,107.72136536723887,0.2385693478728399,0.921097457408905,0.8121976852416992,0.8343810439109802,0.8232893645763397,0.7087141275405884,0.9046351909637451
d2p1-val-md3016-B-00027,val,md3016,B,539,540,-0.42778724431991577,-149.8348159790039,0.28535664081573486,0.41677118429920484,106.69342318059644,0.35901027937499463,0.8930551409721375,0.8021929264068604,0.788892924785614,0.7955429255962372,0.6717730164527893,0.8925044536590576
d2p1-val-md3016-B-00028,val,md3016,B,558,559,-0.3706328570842743,-133.9127426147461,0.30859339237213135,0.03651218428549108,9.347119177085716,0.46278052547222265,0.9441344738006592,0.7309382557868958,0.9023346900939941,0.816636472940445,0.6990008354187012,0.8453364372253418
d2p1-val-md3016-B-00029,val,md3016,B,578,579,-0.4950917214155197,-158.7116413116455,0.33730292320251465,0.40411859262733707,103.45435971259829,0.470614882192465,0.947584867477417,0.7550547122955322,0.9029842615127563,0.8290194869041443,0.6670154333114624,0.8550665378570557
d2p1-val-md3016-B-00030,val,md3016,B,598,599,-0.5808492451906204,-196.97989463806152,0.4014206528663635,0.18697651062865403,47.86598672093543,0.2552625503358408,0.943264901638031,0.7107147574424744,0.8610708713531494,0.7858928143978119,0.6545987129211426,0.8112186193466187
d2p1-val-md3016-B-00031,val,md3016,B,617,618,-0.5180921852588654,-151.7214412689209,0.4079737067222595,0.13944841242543213,35.698793580910625,0.31850387859535356,0.9406766891479492,0.7266653776168823,0.8650297522544861,0.7958475649356842,0.6280550956726074,0.7927308678627014
d2p1-val-md3016-B-00032,val,md3016,B,637,638,-0.5073257684707642,-212.7956142425537,0.48909783363342285,0.21567268012876123,55.212206112962875,0.43934925476516984,0.9367201328277588,0.7160742282867432,0.9046338796615601,0.8103540539741516,0.6862971186637878,0.838699996471405
d2p1-val-md3016-B-00033,val,md3016,B,656,657,-0.5330933332443237,-152.4841537475586,0.4205033779144287,0.029036363133473922,7.433308962169324,0.501448981658548,0.9479106664657593,0.7309362888336182,0.8889290690422058,0.809932678937912,0.6482639312744141,0.796548068523407
d2p1-val-md3016-B-00034,val,md3016,B,676,677,-0.5459042489528656,-174.79661560058594,0.36081039905548096,0.469425072097537,120.17281845696947,0.26102223963255866,0.9530890583992004,0.7854824066162109,0.8850642442703247,0.8352733254432678,0.687118649482727,0.8665420413017273
d2p1-val-md3016-B-00035,val,md3016,B,696,697,-0.5805813670158386,-197.1925392150879,0.36189883947372437,0.4512870066405486,115.52947369998044,0.7203792523719204,0.9098042249679565,0.6747307777404785,0.8592318892478943,0.7669813334941864,0.6416927576065063,0.7821263074874878
d2p1-val-md3016-B-00036,val,md3016,B,715,716,-0.4914452135562897,-175.8807373046875,0.3662787079811096,0.14181613595875972,36.30493080544249,0.5838813992601364,0.9366785287857056,0.7505972385406494,0.8748993277549744,0.8127482831478119,0.6955201625823975,0.8688306212425232
d2p1-val-md3016-B-00037,val,md3016,B,735,736,-0.6081629693508148,-210.48173713684082,0.43113943934440613,0.07622113892794857,19.512611565554835,0.8546150252630104,0.9422641396522522,0.707893967628479,0.9388601779937744,0.8233770728111267,0.6675552129745483,0.8225994110107422
d2p1-val-md3016-B-00038,val,md3016,B,791,792,-0.0009235143661499023,8.401641845703125,0.024183154106140137,0.5025189690211836,128.644856069423,0.15987874060474552,0.9422607421875,0.8485973477363586,0.8651059865951538,0.8568516671657562,0.7105562686920166,0.9651637673377991
d2p1-val-md3016-B-00039,val,md3016,B,851,852,-0.4607353061437607,-166.6030616760254,0.34492921829223633,0.3819604989397803,97.78188772858375,0.19555172876071988,0.9464337825775146,0.8218002319335938,0.8623762130737305,0.8420882225036621,0.7039766311645508,0.9059732556343079
d2p1-val-md3016-B-00040,val,md3016,B,871,872,-0.19293025135993958,-69.78818130493164,0.20104289054870605,0.3651865900008937,93.48776704022879,0.4072587835890955,0.9157457947731018,0.7327192425727844,0.7733478546142578,0.7530335485935211,0.6543281078338623,0.8341151475906372
d2p1-val-md3027-A-00000,val,md3027,A,27,28,-0.29395240545272827,-52.89892578125,0.24762997031211853,0.38185263197686253,97.75427378607681,0.09651501394354656,0.8609738349914551,0.7104386687278748,0.7098746299743652,0.71015664935112,0.5964977741241455,0.8149557709693909
d2p1-val-md3027-A-00001,val,md3027,A,83,84,-0.7461997270584106,-229.3276424407959,0.5459952354431152,0.0706310258276069,18.081542611867366,0.44521672449663086,0.9589011669158936,0.4860799014568329,0.5971941947937012,0.541637048125267,0.45721590518951416,0.553566575050354
d2p1-val-md3027-A-00002,val,md3027,A,139,140,-0.6627455204725266,-211.86626434326172,0.43680834770202637,0.025980102962056235,6.650906358286396,0.4551613315675589,0.9581915736198425,0.5511232614517212,0.6751629114151001,0.6131430864334106,0.535280704498291,0.6498808860778809
d2p1-val-md3027-A-00003,val,md3027,A,195,196,-0.66245236992836,-161.54713439941406,0.5234655439853668,0.06557812609999347,16.78800028159833,0.47842396017577954,0.9446651935577393,0.6361933350563049,0.878913164138794,0.7575532495975494,0.5273517370223999,0.7270626425743103
d2p1-val-md3027-A-00004,val,md3027,A,250,251,-0.8247805759310722,-227.41427040100098,0.5559443831443787,0.09140179448862107,23.398859389086994,0.5333442952015819,0.9609759449958801,0.5565402507781982,0.9435867071151733,0.7500634789466858,0.5421682000160217,0.6638039946556091
d2p1-val-md3027-A-00005,val,md3027,A,306,307,-0.6699500977993011,-210.57869720458984,0.5465686619281769,0.0279601054242188,7.157786988600013,0.4032584897226292,0.9585621356964111,0.5291608572006226,0.6641168594360352,0.5966388583183289,0.5155096054077148,0.6103882193565369
d2p1-val-md3027-A-00006,val,md3027,A,362,363,-0.6613050103187561,-193.87959671020508,0.5661765038967133,0.01579046189058281,4.0423582439892,0.3753949096408582,0.9602231383323669,0.5444855093955994,0.9022142887115479,0.7233498990535736,0.5281132459640503,0.6399371027946472
d2p1-val-md3027-A-00007,val,md3027,A,428,429,-0.5074932277202606,-112.90599060058594,0.5216463804244995,0.04085750153500599,10.459520392961533,0.3940779030165271,0.9534189701080322,0.5352750420570374,0.6230955123901367,0.579185277223587,0.515704870223999,0.6259868741035461
d2p1-val-md3027-A-00008,val,md3027,A,483,484,-0.3183531165122986,-182.81653594970703,0.48192039132118225,0.01579351022215091,4.043138616870633,0.2823631258684846,0.9504616260528564,0.583792507648468,0.784437358379364,0.684114933013916,0.556268036365509,0.6684216260910034
d2p1-val-md3027-A-00009,val,md3027,A,539,540,-0.5557259619235992,-165.34925079345703,0.29997503757476807,0.5034910826996363,128.89371717110689,0.31145675334787315,0.9564249515533447,0.6538412570953369,0.8695974349975586,0.7617193460464478,0.5685466527938843,0.7311129570007324
d2p1-val-md3027-A-00010,val,md3027,A,595,596,-0.05342447757720947,-9.533111572265625,-0.04983317852020264,0.332991331428228,85.24578084562637,0.031035118009104936,0.9491662979125977,0.8755333423614502,0.8355168700218201,0.8555251061916351,0.6685051918029785,0.9209266304969788
d2p1-val-md3027-A-00011,val,md3027,A,651,652,-0.6030881702899933,-202.3868064880371,0.4372222125530243,0.4037651602546147,103.36388102518136,0.8536173059238662,0.9482266306877136,0.6026276350021362,0.7241095304489136,0.6633685827255249,0.5241960287094116,0.7144010663032532
d2p1-val-md3027-A-00012,val,md3027,A,706,707,-0.671763613820076,-180.21904754638672,0.3666246831417084,0.5390007423272514,137.98419003577635,0.9595416619661792,0.9510665535926819,0.669990599155426,0.7774263620376587,0.7237084805965424,0.5917893648147583,0.7519453167915344
d2p1-val-md3027-A-00013,val,md3027,A,762,763,-0.16890966892242432,-11.507736206054688,0.35685381293296814,0.4323763585894018,110.68834779888687,0.8562009855967789,0.9078747034072876,0.7069580554962158,0.7237480282783508,0.7153530418872833,0.5909733772277832,0.8132375478744507
d2p1-val-md3027-A-00014,val,md3027,A,818,819,-0.5263060629367828,-117.78410339355469,0.4057139754295349,0.3441508536404431,88.10261853195344,0.6749357539023323,0.9271410703659058,0.6301017999649048,0.6974523067474365,0.6637770533561707,0.5638132095336914,0.7348576784133911
d2p1-val-md3027-A-00015,val,md3027,A,874,875,-0.6290799081325531,-104.43119812011719,0.4139607846736908,0.42805893763138375,109.58308803363424,1.0576279499428631,0.8823936581611633,0.7001323699951172,0.7409653067588806,0.7205488383769989,0.6020694971084595,0.8233563899993896
d2p1-val-md3027-A-00016,val,md3027,A,939,940,-0.6177205741405487,-156.10449981689453,0.29271838068962097,0.23035407161436125,58.97064233327648,0.020735248871484688,0.8926641941070557,0.7299606800079346,0.747333824634552,0.7386472523212433,0.6033092141151428,0.8644396662712097
d2p1-val-md3027-A-00017,val,md3027,A,995,996,-0.5423731207847595,-178.11117553710938,0.44971251487731934,0.18895438066641565,48.372321450602406,0.48856568233422126,0.9240121841430664,0.6001641750335693,0.6593307256698608,0.6297474503517151,0.5252178311347961,0.677636444568634
d2p1-val-md3027-A-00018,val,md3027,A,1051,1052,-0.35492002964019775,-127.83296203613281,0.4673948287963867,0.02502960086056336,6.40757782030422,0.16353311665451994,0.9425630569458008,0.5876606702804565,0.6478270292282104,0.6177438497543335,0.5523174405097961,0.6639615893363953
d2p1-val-md3027-A-00019,val,md3027,A,1107,1108,-0.6427610814571381,-161.38811492919922,0.5100395381450653,0.044421426144597556,11.371885093016974,0.31862599691449955,0.9577714204788208,0.5003962516784668,0.5924049615859985,0.5464006066322327,0.4708101749420166,0.5880507230758667
d2p1-val-md3034-A-00000,val,md3034,A,0,1,-0.673548087477684,-218.19554901123047,0.42866408824920654,0.1036071418497308,26.523428313531085,0.548902091026013,0.9665245413780212,0.5824024677276611,0.7133042812347412,0.6478533744812012,0.5274828672409058,0.6727741956710815
d2p1-val-md3034-A-00001,val,md3034,A,2,3,-0.5955881178379059,-200.4774284362793,0.3862203061580658,0.20307606636291872,51.98747298890719,0.22830198196980345,0.9600003361701965,0.5897419452667236,0.7775042057037354,0.6836230754852295,0.5151574015617371,0.6743108630180359
d2p1-val-md3034-A-00002,val,md3034,A,4,5,-0.6002275347709656,-202.4876594543457,0.38382381200790405,0.25747584637838794,65.91381667286731,0.19794288726595075,0.9581058621406555,0.6325913071632385,0.8082530498504639,0.7204221785068512,0.5719336271286011,0.7351989150047302
d2p1-val-md3034-A-00003,val,md3034,A,6,7,-0.6742860525846481,-218.210693359375,0.3899618983268738,0.14978017908210034,38.34372584501769,0.2309607932522421,0.9577619433403015,0.6134978532791138,0.7584588527679443,0.685978353023529,0.5366696119308472,0.69329434633255
d2p1-val-md3034-A-00004,val,md3034,A,8,9,-0.6286593526601791,-207.67461395263672,0.3862578272819519,0.10314373709501026,26.404796696322627,0.4847330332847607,0.9570057392120361,0.5914015769958496,0.8063623905181885,0.698881983757019,0.5409789085388184,0.7282797694206238
d2p1-val-md3034-A-00005,val,md3034,A,10,11,-0.5581649541854858,-202.17335891723633,0.36111903190612793,0.1007978568942924,25.804251364938853,0.4600965396165885,0.9526695013046265,0.6704965233802795,0.8341151475906372,0.7523058354854584,0.6006107330322266,0.8029959797859192
d2p1-val-md3034-A-00006,val,md3034,A,11,12,-0.5406471490859985,-194.7281265258789,0.37513232231140137,0.09133688057767707,23.38224142788533,0.5333586608841341,0.952633261680603,0.6551848649978638,0.834452748298645,0.7448188066482544,0.6009413599967957,0.7865815758705139
d2p1-val-md3034-A-00007,val,md3034,A,13,14,-0.5872785449028015,-204.1753921508789,0.3730173110961914,0.11271668616730207,28.85547165882933,0.5555674271832843,0.9588660597801208,0.6003611087799072,0.8426553606987,0.7215082347393036,0.5651282072067261,0.7104982733726501
d2p1-val-md3034-A-00008,val,md3034,A,15,16,-0.6281743049621582,-204.53190422058105,0.364601194858551,0.1377616478562889,35.266981851209955,0.5947868325903155,0.9608850479125977,0.6817810535430908,0.9198907017707825,0.8008358776569366,0.626315176486969,0.8073760867118835
d2p1-val-md3034-A-00009,val,md3034,A,17,18,-0.6085615307092667,-199.1719741821289,0.34002983570098877,0.2021039469987631,51.738610431683355,0.2013365135114374,0.9574037790298462,0.6194897890090942,0.8050355911254883,0.7122626900672913,0.5558336973190308,0.7320777177810669
d2p1-val-md3034-A-00010,val,md3034,A,19,20,-0.5958447456359863,-207.15618324279785,0.34105604887008667,0.1327095118785728,33.97363504091464,0.6644909035676293,0.965377926826477,0.6309571862220764,0.8348400592803955,0.732898622751236,0.5913731455802917,0.7715449333190918
d2p1-val-md3034-A-00011,val,md3034,A,20,21,-0.5411279201507568,-188.72368621826172,0.3024282455444336,0.1827110673644567,46.77403324530091,0.5353779923533095,0.9590325355529785,0.6946581602096558,0.8339906930923462,0.764324426651001,0.5864728093147278,0.7883927822113037
d2p1-val-md3034-A-00012,val,md3034,A,22,23,-0.598900243639946,-204.223388671875,0.3730647563934326,0.1131846316466322,28.975265701537843,0.6107445229654722,0.9584804773330688,0.5930143594741821,0.8336362838745117,0.7133253216743469,0.5670299530029297,0.7187842130661011
d2p1-val-md3034-A-00013,val,md3034,A,24,25,-0.631530150771141,-204.7757682800293,0.3941628038883209,0.33796277151056986,86.51846950670588,0.13827767006742928,0.9575275182723999,0.5618283748626709,0.831730306148529,0.6967793405056,0.5298218131065369,0.689551055431366
d2p1-val-md3034-A-00014,val,md3034,A,26,27,-0.6440325230360031,-213.55819511413574,0.3266056180000305,0.033426387777217986,8.557155270967804,0.3862769742750124,0.9633747339248657,0.5821765065193176,0.7685785293579102,0.6753775179386139,0.5310383439064026,0.6744139790534973
d2p1-val-md3034-A-00015,val,md3034,A,28,29,-0.4787062406539917,-172.91791915893555,0.271106481552124,0.18914656460984802,48.421520540121094,0.5746789428617158,0.9649494886398315,0.6667695641517639,0.7386186718940735,0.7026941180229187,0.5676177144050598,0.7436223030090332
d2p1-val-md3034-A-00016,val,md3034,A,30,31,-0.4119783639907837,-162.56092834472656,0.2502405047416687,0.23805906137542732,60.94311971210939,0.7279160569783009,0.9592015147209167,0.660781741142273,0.7359915971755981,0.6983866691589355,0.5636450052261353,0.7799864411354065
d2p1-val-md3034-A-00017,val,md3034,A,31,32,-0.5157358944416046,-192.55266189575195,0.30443066358566284,0.21221680945298535,54.32750321996425,0.5359253961936036,0.9695427417755127,0.663691520690918,0.8355731964111328,0.7496323585510254,0.5889754891395569,0.7793133854866028
d2p1-val-md3034-A-00018,val,md3034,A,33,34,-0.4122123718261719,-178.68230438232422,0.2666809558868408,0.10470998414826152,26.80575594195495,0.534469364461919,0.9621701240539551,0.6010205745697021,0.7283623218536377,0.6646914482116699,0.5437430143356323,0.7176469564437866
d2p1-val-md3034-A-00019,val,md3034,A,35,36,-0.5336600244045258,-197.36739349365234,0.2972717881202698,0.06194158566421438,15.85704593003888,0.3683162242382607,0.9491877555847168,0.598031759262085,0.6778812408447266,0.6379565000534058,0.529242753982544,0.6724549531936646
d2p1-val-md3034-A-00020,val,md3034,A,37,38,-0.4420802593231201,-157.76737213134766,0.27264922857284546,0.15799829682212196,40.44756398646322,0.5508066948639396,0.9654973149299622,0.5995737314224243,0.8494409918785095,0.7245073616504669,0.5494435429573059,0.717915952205658
d2p1-val-md3034-A-00021,val,md3034,A,39,40,-0.5080581903457642,-186.31046104431152,0.2898330092430115,0.1108321334393781,28.373026160480794,0.5027427387998064,0.9601518511772156,0.681958794593811,0.8244773745536804,0.7532180845737457,0.5939451456069946,0.8065119981765747
d2p1-val-md3034-A-00022,val,md3034,A,40,41,-0.4091785252094269,-170.38528442382812,0.27778464555740356,0.10921399477899807,27.958782663423506,0.5498348177134894,0.9536396265029907,0.6227251291275024,0.8079464435577393,0.7153357863426208,0.548298716545105,0.7598802447319031
d2p1-val-md3034-A-00023,val,md3034,A,42,43,-0.2589099407196045,-142.67277908325195,0.2937832474708557,0.06619231371234666,16.945232310360744,0.3007939689229623,0.9405403733253479,0.6466439962387085,0.7008785009384155,0.673761248588562,0.5490607619285583,0.747658908367157
d2p1-val-md3034-A-00024,val,md3034,A,44,45,-0.5060654282569885,-186.7391700744629,0.27239495515823364,0.18882645699398606,48.33957299046043,0.3473100247096393,0.9630802869796753,0.6076200008392334,0.7609848380088806,0.684302419424057,0.5411737561225891,0.7095817923545837
d2p1-val-md3034-A-00025,val,md3034,A,78,79,-0.43874356150627136,-170.1313705444336,0.2417319416999817,0.22628417544718166,57.928748914478504,0.26941514047037735,0.9645175337791443,0.7531034350395203,0.8121137022972107,0.7826085686683655,0.6756802797317505,0.8762031197547913
d2p1-val-md3034-A-00026,val,md3034,A,80,81,-0.3970834016799927,-175.1319808959961,0.2586447596549988,0.06877912387358288,17.60745571163722,0.3003312811650045,0.9695915579795837,0.7462188601493835,0.7886965274810791,0.7674576938152313,0.6579188704490662,0.8414095044136047
d2p1-val-md3034-A-00027,val,md3034,A,82,83,-0.4414292573928833,-170.19346237182617,0.3092882037162781,0.04637728988707517,11.872586211091244,0.2733629377740789,0.960750937461853,0.6898701190948486,0.7844066619873047,0.7371383905410767,0.6290873289108276,0.8054882287979126
d2p1-val-md3034-A-00028,val,md3034,A,83,84,-0.33341559767723083,-145.06076049804688,0.31267863512039185,0.03082539854589211,7.89130202774838,0.21774296071148144,0.9549071788787842,0.7018622756004333,0.7625429034233093,0.7322025895118713,0.6390278339385986,0.8097489476203918
d2p1-val-md3034-A-00029,val,md3034,A,85,86,-0.5217716097831726,-193.95357131958008,0.30908381938934326,0.25751516001917146,65.9238809649079,0.12087845169737338,0.9562898874282837,0.7252780795097351,0.7405581474304199,0.7329181134700775,0.6136220693588257,0.7719888687133789
d2p1-val-md3034-A-00030,val,md3034,A,87,88,-0.5825312435626984,-192.60895919799805,0.24475139379501343,0.3451392831693025,88.35565649134143,0.14540176181737435,0.9483818411827087,0.7569456100463867,0.8026267290115356,0.7797861695289612,0.6554839015007019,0.8481086492538452
d2p1-val-md3034-A-00031,val,md3034,A,89,90,-0.5226216912269592,-174.75870895385742,0.22409605979919434,0.05977906587916668,15.303440865066671,0.4020165620082019,0.9591250419616699,0.6916936635971069,0.7419712543487549,0.7168324589729309,0.6155155897140503,0.8052094578742981
d2p1-val-md3034-A-00032,val,md3034,A,91,92,-0.43825989961624146,-162.40729522705078,0.21619027853012085,0.33543047184094715,85.87020079128247,0.2741386086062251,0.9385769367218018,0.7402512431144714,0.7652919292449951,0.7527715861797333,0.6298527717590332,0.8351112604141235
d2p1-val-md3034-A-00033,val,md3034,A,92,93,-0.5998133420944214,-211.82991409301758,0.3341945707798004,0.3172869405759899,81.22545678745341,0.20838735409761422,0.9595028162002563,0.6954563856124878,0.7220521569252014,0.7087542712688446,0.5708696842193604,0.757438063621521
d2p1-val-md3034-A-00034,val,md3034,A,94,95,-0.606705516576767,-203.81962203979492,0.37100785970687866,0.05164489467262023,13.221093036190778,0.29202403947265687,0.9586909413337708,0.6056114435195923,0.6957594156265259,0.6506854295730591,0.5398976802825928,0.7032698392868042
d2p1-val-md3034-A-00035,val,md3034,A,96,97,-0.34785234928131104,-131.28882598876953,0.2328275442123413,0.24995432889465521,63.988308197031735,0.4242873805836894,0.9553291201591492,0.6935625076293945,0.7145590782165527,0.7040607929229736,0.5696508288383484,0.7704880237579346
d2p1-val-md3034-A-00036,val,md3034,A,98,99,-0.4161864221096039,-163.78440856933594,0.15959829092025757,0.2511500888609621,64.29442274840629,0.2836934252662809,0.9454787373542786,0.7498265504837036,0.7537808418273926,0.7518036961555481,0.6354159116744995,0.8419597744941711
d2p1-val-md3034-A-00037,val,md3034,A,100,101,-0.46689745783805847,-177.61260223388672,0.30914759635925293,0.285570860405887,73.10614026390706,0.2559782174199237,0.9476784467697144,0.6939218640327454,0.7534044981002808,0.7236631810665131,0.6015291213989258,0.7877784371376038
d2p1-val-md3034-A-00038,val,md3034,A,102,103,-0.563405841588974,-191.25939178466797,0.3118400573730469,0.22812826550285523,58.40083596873094,0.3514345147241464,0.9735121726989746,0.6561496257781982,0.7321680784225464,0.6941588521003723,0.5882388949394226,0.7527951598167419
d2p1-val-md3034-A-00039,val,md3034,A,103,104,-0.6254497915506363,-208.7997531890869,0.3390809893608093,0.25135975978363406,64.34809850461032,0.15513262830259605,0.9628649950027466,0.61751389503479,0.7464576959609985,0.6819857954978943,0.5605494976043701,0.7446007132530212
d2p1-val-md3034-A-00040,val,md3034,A,105,106,-0.5192257761955261,-189.22068405151367,0.26470255851745605,0.13582676212952888,34.77165110515939,0.3484719998941786,0.950485110282898,0.6444731950759888,0.7234116792678833,0.683942437171936,0.5845702290534973,0.7982312440872192
d2p1-val-md3034-A-00041,val,md3034,A,107,108,-0.5010937005281448,-168.8226490020752,0.25704240798950195,0.0951618096457679,24.36142326931658,0.40258659897059806,0.9463236927986145,0.7024019360542297,0.807658314704895,0.7550301253795624,0.6188700199127197,0.8063026070594788
d2p1-val-md3034-A-00042,val,md3034,A,109,110,-0.4969661831855774,-157.01497268676758,0.2971378564834595,0.3076584198670956,78.76055548597647,0.5230909905781003,0.9423538446426392,0.6654872894287109,0.7388749122619629,0.7021811008453369,0.5833168625831604,0.7854286432266235
d2p1-val-md3034-A-00043,val,md3034,A,111,112,-0.4393279552459717,-158.98566055297852,0.25984448194503784,0.07597743414554739,19.450223141260132,0.4182001903064016,0.9423023462295532,0.6735748052597046,0.7963012456893921,0.7349380254745483,0.5707544088363647,0.7604597806930542
d2p1-val-md3034-A-00044,val,md3034,A,112,113,-0.32121706008911133,-140.3504638671875,0.29662173986434937,0.027034241147360822,6.92076573372437,0.27446855218589805,0.9529243111610413,0.5963513851165771,0.8220140933990479,0.7091827392578125,0.5569230318069458,0.6833469867706299
d2p1-val-md3034-A-00045,val,md3034,A,114,115,-0.3817448914051056,-159.4916534423828,0.30439841747283936,0.017660034224528175,4.520968761479213,0.42318066809200594,0.9370058178901672,0.627978503704071,0.7421542406082153,0.6850663721561432,0.5281975865364075,0.6990856528282166
d2p1-val-md3034-A-00046,val,md3034,A,116,117,-0.5700747966766357,-178.73118591308594,0.2879984974861145,0.22534750208129148,57.68896053281062,0.288194633424513,0.9573226571083069,0.6819475889205933,0.7302802801132202,0.7061139345169067,0.5757050514221191,0.7650539875030518
d2p1-val-md3034-A-00047,val,md3034,A,118,119,-0.5197332501411438,-168.0484390258789,0.2922888994216919,0.19340727437400587,49.5122622397455,0.30272139099236484,0.9640205502510071,0.6629093289375305,0.754488468170166,0.7086988985538483,0.5808641314506531,0.7726345062255859
d2p1-val-md3034-A-00048,val,md3034,A,120,121,-0.583296999335289,-185.70054244995117,0.343686580657959,0.08984981684431627,23.001553112144965,0.4362451647525233,0.9547295570373535,0.6401276588439941,0.8110020756721497,0.7255648672580719,0.5897110104560852,0.7472323179244995
d2p1-val-md3034-A-00049,val,md3034,A,122,123,-0.28301382064819336,-121.40438079833984,0.2698504328727722,0.040086442597144674,10.262129304869037,0.2797702298019653,0.9508100748062134,0.6308032870292664,0.7766141891479492,0.7037087380886078,0.5625243186950684,0.7550500631332397
d2p1-val-md3034-A-00050,val,md3034,A,123,124,-0.6477995067834854,-214.85089683532715,0.34933799505233765,0.0649031238727727,16.61519971142981,0.4606642510014225,0.9650810360908508,0.6493247747421265,0.8239465951919556,0.736635684967041,0.5673278570175171,0.7359740734100342
d2p1-val-md3034-A-00051,val,md3034,A,125,126,-0.47192567586898804,-173.15935897827148,0.30579471588134766,0.05659889153357654,14.489316232595595,0.3512015778179904,0.959168553352356,0.6363903284072876,0.8275263905525208,0.7319583594799042,0.5825692415237427,0.7303821444511414
d2p1-val-md3034-A-00052,val,md3034,A,127,128,-0.37501060962677,-161.23575592041016,0.26094484329223633,0.26327058709994905,67.39727029758696,0.3555506593750498,0.9468957185745239,0.7451462745666504,0.8048123717308044,0.7749793231487274,0.6541508436203003,0.8686658143997192
d2p1-val-md3034-A-00053,val,md3034,A,129,130,-0.5231097340583801,-153.32833099365234,0.3412189483642578,0.21861040601575912,55.964263940034336,0.31330538389226725,0.9409215450286865,0.6775835752487183,0.7861860990524292,0.7318848371505737,0.599785566329956,0.7745833992958069
d2p1-val-md3034-A-00054,val,md3034,A,131,132,-0.5512118190526962,-170.58837509155273,0.3330456018447876,0.1674499700913072,42.86719234337464,0.08865316867927979,0.9505709409713745,0.7394764423370361,0.8451257944107056,0.7923011183738708,0.6708038449287415,0.8668752312660217
d2p1-val-md3034-A-00055,val,md3034,A,133,134,-0.597116082906723,-185.79578018188477,0.3843469023704529,0.07772429852625505,19.897420422721293,0.42456128119727454,0.9430149793624878,0.6916097402572632,0.8153054714202881,0.7534576058387756,0.6223721504211426,0.814359188079834
d2p1-val-md3034-A-00056,val,md3034,A,134,135,-0.4388076364994049,-153.38431549072266,0.25703102350234985,0.16436686030123124,42.0779162371152,0.463112435352502,0.9468976855278015,0.6791344285011292,0.8029090166091919,0.7410217225551605,0.6223574280738831,0.8069348335266113
d2p1-val-md3034-A-00057,val,md3034,A,136,137,-0.5144380927085876,-176.76251602172852,0.28519415855407715,0.18616458910239858,47.65813481021404,0.18267698633131685,0.9580811858177185,0.7161558270454407,0.8204686641693115,0.7683122456073761,0.6004267334938049,0.8081659078598022
d2p1-val-md3034-A-00058,val,md3034,A,138,139,-0.5810427367687225,-201.42838668823242,0.3088691234588623,0.07271609686767552,18.615320798124934,0.41109553542987964,0.9556925296783447,0.6749403476715088,0.8117231130599976,0.7433317303657532,0.6116027235984802,0.7805612087249756
d2p1-val-md3034-A-00059,val,md3034,A,140,141,-0.38994282484054565,-151.5201644897461,0.2961130142211914,0.04111360363759809,10.525082531225111,0.26956296938614444,0.9425933957099915,0.6731365919113159,0.8051864504814148,0.7391615211963654,0.5988216400146484,0.794503390789032
d2p1-val-md3034-A-00060,val,md3034,A,142,143,-0.18084031343460083,-93.49809265136719,0.2735480070114136,0.019631471933520345,5.025656814981208,0.2148164814518392,0.93487548828125,0.7047445774078369,0.8074735403060913,0.7561090588569641,0.6299212574958801,0.80652916431427
d2p1-val-md3034-A-00061,val,md3034,A,143,144,-0.36385947465896606,-156.7556381225586,0.3045045733451843,0.026717813365097324,6.839760221464915,0.35699321958830244,0.9287475347518921,0.6757752895355225,0.8239124417304993,0.7498438656330109,0.5984925031661987,0.7886403799057007
d2p1-val-md3034-A-00062,val,md3034,A,145,146,-0.4789442718029022,-189.41949462890625,0.28545427322387695,0.05526723209196801,14.14841141554381,0.33613266357285426,0.9318327307701111,0.678057849407196,0.8182709217071533,0.7481643855571747,0.6114863157272339,0.811519205570221
d2p1-val-md3034-A-00063,val,md3034,A,147,148,-0.37305760383605957,-157.9605712890625,0.26962244510650635,0.2678380973569638,68.56655292338273,0.5281183560155821,0.9476739168167114,0.7406620979309082,0.8548516035079956,0.7977568507194519,0.6050463914871216,0.8198286890983582
d2p1-val-md3034-A-00064,val,md3034,A,149,150,-0.40068814158439636,-168.8361587524414,0.26558560132980347,0.23677992462207287,60.615660703250654,0.4610845854501421,0.9370324611663818,0.6904464364051819,0.7915324568748474,0.7409894466400146,0.5717760324478149,0.8030581474304199
d2p1-val-md3034-A-00065,val,md3034,A,151,152,-0.48349684476852417,-185.66229629516602,0.3443586528301239,0.2599451209410045,66.54595096089716,0.3408997227202363,0.937862753868103,0.6215397119522095,0.7438509464263916,0.6826953291893005,0.5272774696350098,0.6824131011962891
d2p1-val-md3034-A-00066,val,md3034,A,153,154,-0.33004066348075867,-151.06453704833984,0.3442250192165375,0.02658135712388568,6.804827423714734,0.37000651221373565,0.9324902296066284,0.5722407102584839,0.7841799855232239,0.6782103478908539,0.5380460619926453,0.6652844548225403
d2p1-val-md3034-A-00067,val,md3034,A,154,155,-0.4195499122142792,-190.9204216003418,0.33764275908470154,0.04856046059447984,12.431477912186839,0.483906165170266,0.9306540489196777,0.6980511546134949,0.7828367948532104,0.7404439747333527,0.5813344120979309,0.7785465121269226
d2p1-val-md3034-A-00068,val,md3034,A,156,157,-0.47161442041397095,-192.06686782836914,0.2903677225112915,0.1877945979083622,48.07541706454072,0.36475363182014403,0.9432188272476196,0.651425302028656,0.7441228628158569,0.6977740824222565,0.5605931282043457,0.754761278629303
d2p1-val-md3034-A-00069,val,md3034,A,158,159,-0.27936840057373047,-156.34943389892578,0.3511875867843628,0.046100484872300534,11.801724127308937,0.32753835441744,0.9646486043930054,0.6116211414337158,0.7413714528083801,0.676496297121048,0.5645885467529297,0.7099909782409668
d2p1-val-md3034-A-00070,val,md3034,A,160,161,-0.5783162713050842,-211.42264938354492,0.3328408896923065,0.07951489204994001,20.355812364784644,0.3560170934710371,0.9445156455039978,0.6315083503723145,0.6713517904281616,0.651430070400238,0.5351779460906982,0.7490837574005127
d2p1-val-md3034-A-00071,val,md3034,A,162,163,-0.513722151517868,-188.48056030273438,0.3781783878803253,0.024839638638937504,6.358947491568001,0.32373905516817836,0.945395827293396,0.6349912881851196,0.7998430728912354,0.7174171805381775,0.5383477807044983,0.700872540473938
d2p1-val-md3034-A-00072,val,md3034,A,163,164,-0.3167499601840973,-122.6828727722168,0.36070024967193604,0.06589451825866915,16.868996674219304,0.4780176448293879,0.9389705657958984,0.5830538272857666,0.7181344628334045,0.6505941450595856,0.5172418355941772,0.6683141589164734
d2p1-val-md3034-A-00073,val,md3034,A,165,166,-0.3461896777153015,-173.02427673339844,0.3428124487400055,0.2228986074544784,57.06204350834647,0.3234841790742372,0.9490177631378174,0.6508772373199463,0.8311712741851807,0.7410242557525635,0.5701934695243835,0.7596281170845032
d2p1-val-md3034-A-00074,val,md3034,A,167,168,-0.31875622272491455,-160.46178436279297,0.3001161217689514,0.23150680840410173,59.265742951450044,0.39037239462788087,0.9440145492553711,0.6803584098815918,0.7796924114227295,0.7300254106521606,0.5546140670776367,0.7633414268493652
d2p1-val-md3034-A-00075,val,md3034,A,169,170,-0.5014329850673676,-198.6033172607422,0.3307651877403259,0.06926973442025985,17.733052011586523,0.3552262838465119,0.9602475166320801,0.5804891586303711,0.8778297305107117,0.7291594445705414,0.5377621650695801,0.7146838903427124
d2p1-val-md3034-A-00076,val,md3034,A,171,172,-0.42143329977989197,-171.45436668395996,0.312949001789093,0.01622478450246617,4.153544832631339,0.28981024850942216,0.9634570479393005,0.6065505146980286,0.7111865282058716,0.6588685214519501,0.5147886276245117,0.6442112922668457
d2p1-val-md3034-A-00077,val,md3034,A,173,174,-0.4689531624317169,-193.54796600341797,0.34445369243621826,0.060974409992580934,15.60944895810072,0.40591989427514275,0.9507913589477539,0.6146754026412964,0.7694480419158936,0.692061722278595,0.567057192325592,0.7003709673881531
d2p1-val-md3034-A-00078,val,md3034,A,174,175,-0.5071333348751068,-192.26132583618164,0.34857767820358276,0.059588365739447105,15.254621629298459,0.2617117838266145,0.9497426748275757,0.6785999536514282,0.8253393769264221,0.7519696652889252,0.5957084894180298,0.7445898056030273
d2p1-val-md3034-A-00079,val,md3034,A,176,177,-0.182235449552536,-105.07322692871094,0.293169766664505,0.04204467573323123,10.763436987707195,0.14631305556977037,0.9271572828292847,0.6644735336303711,0.8040379285812378,0.7342557311058044,0.5865805149078369,0.8108229041099548
d2p1-val-md3034-A-00080,val,md3034,A,178,179,-0.1660442352294922,-104.794677734375,0.2966196537017822,0.047447808110476254,12.146638876281921,0.3056941765237186,0.9297958612442017,0.6595799326896667,0.7608606815338135,0.7102203071117401,0.5957221984863281,0.7824894785881042
d2p1-val-md3034-A-00081,val,md3034,A,180,181,-0.40557006001472473,-173.29856872558594,0.3352411985397339,0.0387492942843701,9.919819336798746,0.39091455282577436,0.9519588947296143,0.6731319427490234,0.7629504203796387,0.718041181564331,0.5762125253677368,0.7594278454780579
d2p1-val-md3034-A-00082,val,md3034,A,182,183,-0.3828750550746918,-174.23694229125977,0.3181550204753876,0.4542826976424142,116.29637059645803,0.46083132390675746,0.9240797758102417,0.6912364363670349,0.7423522472381592,0.716794341802597,0.5790258646011353,0.7600522637367249
d2p1-val-md3034-A-00083,val,md3034,A,183,184,-0.4814409911632538,-204.03484344482422,0.3515653610229492,0.4497992142786817,115.14859885534251,0.42977683837808056,0.939150333404541,0.6801685094833374,0.79647296667099,0.7383207380771637,0.5838271379470825,0.7622167468070984
d2p1-val-md3034-A-00084,val,md3034,A,185,186,-0.4352179169654846,-184.10724258422852,0.3155599534511566,0.17117326472761402,43.82035577026919,0.5312910080841101,0.954771876335144,0.6827250719070435,0.7953449487686157,0.7390350103378296,0.5757075548171997,0.7790512442588806
d2p1-val-md3034-A-00085,val,md3034,A,187,188,-0.3205781579017639,-140.75233459472656,0.25273311138153076,0.14998288399529314,38.39561830279504,0.5751459731278794,0.9480581879615784,0.7082092761993408,0.822054386138916,0.7651318311691284,0.5813966989517212,0.800814151763916
d2p1-val-md3034-A-00086,val,md3034,A,189,190,-0.4916367828845978,-192.90413284301758,0.3313392400741577,0.09633987963959352,24.66300918773594,0.3164497713424401,0.9431180357933044,0.6474648714065552,0.8021522164344788,0.724808543920517,0.5679383873939514,0.7363834381103516
d2p1-val-md3034-A-00087,val,md3034,A,191,192,-0.6760234832763672,-219.8754539489746,0.3825978934764862,0.3367090350773669,86.19751297980592,0.28718721846248746,0.9606400728225708,0.6469516158103943,0.8220692276954651,0.7345104217529297,0.5901122093200684,0.7433387041091919
d2p1-val-md3034-A-00088,val,md3034,A,193,194,-0.5616963505744934,-198.56891632080078,0.38493114709854126,0.3220685718479511,82.44955439307549,0.26806359058426926,0.9519311189651489,0.6735925078392029,0.8076646327972412,0.740628570318222,0.5985659956932068,0.730973482131958
d2p1-val-md3034-A-00089,val,md3034,A,194,195,-0.669959306716919,-214.34681701660156,0.40204277634620667,0.30050709718996943,76.92981688063217,0.24672978096504186,0.9432724118232727,0.6486995220184326,0.7786931991577148,0.7136963605880737,0.5902118682861328,0.7162821292877197
d2p1-val-md3034-A-00090,val,md3034,A,196,197,-0.6542970687150955,-214.2747802734375,0.33244144916534424,0.3424192399748901,87.65932543357187,0.4158415023578976,0.9500243663787842,0.7243411540985107,0.8422678709030151,0.7833045125007629,0.6178378462791443,0.7742517590522766
d2p1-val-md3034-A-00091,val,md3034,A,198,199,-0.547614723443985,-193.6898193359375,0.32119643688201904,0.06765337512102862,17.319264030983327,0.4985231580345883,0.9506802558898926,0.6763352751731873,0.8058967590332031,0.7411160171031952,0.6154190897941589,0.768703043460846
d2p1-val-md3034-A-00092,val,md3034,A,200,201,-0.42119666934013367,-161.96116638183594,0.2596079707145691,0.24500604554631913,62.7215476598577,0.4320542838885356,0.9657549858093262,0.638668417930603,0.7987831830978394,0.7187258005142212,0.5930708646774292,0.7331052422523499
d2p1-val-md3034-A-00093,val,md3034,A,202,203,-0.4854980409145355,-173.39605140686035,0.23333406448364258,0.3270613292619222,83.72770029105209,0.32059454062647175,0.9564346075057983,0.7148290276527405,0.8420467376708984,0.7784378826618195,0.653240442276001,0.7953631281852722
d2p1-val-md3034-A-00094,val,md3034,A,203,204,-0.4339294731616974,-168.22871017456055,0.2718147039413452,0.2113698037797811,54.11066976762396,0.6213971493515109,0.9440688490867615,0.7311415672302246,0.8212761878967285,0.7762088775634766,0.6336262822151184,0.7925130128860474
d2p1-val-md3034-A-00095,val,md3034,A,205,206,-0.530753493309021,-198.23559188842773,0.26426875591278076,0.29547360617815627,75.641243181608,0.4193030579715785,0.9289363622665405,0.7348546981811523,0.8835331201553345,0.8091939091682434,0.6577533483505249,0.8428056836128235
d2p1-val-md3034-A-00096,val,md3034,A,207,208,-0.4410586655139923,-166.6257667541504,0.256736695766449,0.2260422640882654,57.86681960659594,0.37934098567697483,0.9394240379333496,0.7866364121437073,0.8171839714050293,0.8019101917743683,0.6375805735588074,0.8764675855636597
d2p1-val-md3034-A-00097,val,md3034,A,209,210,-0.503897488117218,-184.21990203857422,0.31901252269744873,0.3678970905145082,94.1816551717141,0.4889443805819619,0.9417985081672668,0.7167928218841553,0.8564280271530151,0.7866104245185852,0.5988930463790894,0.8081545233726501
d2p1-val-md3034-A-00098,val,md3034,A,211,212,-0.45926254987716675,-167.93192672729492,0.30285847187042236,0.357587854565851,91.54249076885786,0.2673583506575368,0.9468367695808411,0.7073519229888916,0.8378326892852783,0.772592306137085,0.6166370511054993,0.808143675327301
d2p1-val-md3034-A-00099,val,md3034,A,213,214,-0.4938262403011322,-178.5985336303711,0.2895175814628601,0.0721028787732305,18.45833696594701,0.3820192822273145,0.9499152302742004,0.6989244222640991,0.8181378841400146,0.7585311532020569,0.6085931062698364,0.8091827630996704
d2p1-val-md3034-A-00100,val,md3034,A,214,215,-0.47668972611427307,-191.03314208984375,0.32524794340133667,0.0508680290599339,13.022215439343078,0.3697613409059711,0.9516817927360535,0.6726107597351074,0.8430684804916382,0.7578396201133728,0.5981907844543457,0.7935020923614502
d2p1-val-md3034-A-00101,val,md3034,A,216,217,-0.3145486116409302,-102.00941467285156,0.28140681982040405,0.049095564706945954,12.568464564978164,0.31027641958720475,0.9402583837509155,0.7091121673583984,0.8331750631332397,0.7711436152458191,0.6501259803771973,0.8325009346008301
d2p1-val-md3034-A-00102,val,md3034,A,218,219,-0.45987358689308167,-170.4510955810547,0.3365858793258667,0.04093990242874188,10.480615021757922,0.38259632801114757,0.9458576440811157,0.6831135749816895,0.7888833284378052,0.7359984517097473,0.6064651608467102,0.779700517654419
d2p1-val-md3034-A-00103,val,md3034,A,220,221,-0.4583320617675781,-166.54681396484375,0.28501659631729126,0.03080337451559179,7.885663875991498,0.39343287936484983,0.9468992948532104,0.6978869438171387,0.7872040867805481,0.7425455152988434,0.6098103523254395,0.7984388470649719
d2p1-val-md3034-A-00104,val,md3034,A,222,223,-0.5851091742515564,-201.83335876464844,0.3356948494911194,0.38235752125438144,97.88352544112165,0.31843598421649477,0.9550632238388062,0.7164865732192993,0.7973799705505371,0.7569332718849182,0.6145061254501343,0.7891227006912231
d2p1-val-md3034-A-00105,val,md3034,A,223,224,-0.5895647704601288,-178.25948333740234,0.33918869495391846,0.37350568996256195,95.61745663041586,0.21786492956783945,0.953265905380249,0.7171623706817627,0.8244044780731201,0.7707834243774414,0.614025354385376,0.8159310817718506
d2p1-val-md3034-A-00106,val,md3034,A,225,226,-0.5805089771747589,-133.1416244506836,0.30871474742889404,0.3596052421685209,92.05894199514135,0.13040155186981267,0.9445871710777283,0.6854134202003479,0.7357116937637329,0.7105625569820404,0.5829598903656006,0.7890564799308777
d2p1-val-md3034-A-00107,val,md3034,A,227,228,-0.5920271277427673,-171.14238357543945,0.27079880237579346,0.18228938667390773,46.66608298852038,0.13921866023115423,0.9658461809158325,0.7755756974220276,0.8463821411132812,0.8109789192676544,0.6321601867675781,0.8412154912948608
d2p1-val-md3034-A-00108,val,md3034,A,229,230,-0.5146195590496063,-167.06439590454102,0.2563626170158386,0.10335361788678417,26.458526179016747,0.49591956756868516,0.9528250694274902,0.6710920333862305,0.8236110210418701,0.7473515272140503,0.6023871898651123,0.7856000065803528
d2p1-val-md3034-A-00109,val,md3034,A,231,232,-0.45042017102241516,-166.6107406616211,0.27515310049057007,0.08421311224418715,21.55855673451191,0.6107978091350773,0.9543071389198303,0.6470714807510376,0.8425426483154297,0.7448070645332336,0.5969029664993286,0.7490221858024597
d2p1-val-md3034-A-00110,val,md3034,A,233,234,-0.33628618717193604,-147.08768463134766,0.2601413130760193,0.07027461782298763,17.990302162684834,0.4585423869609284,0.9400882124900818,0.6540536880493164,0.8340452909469604,0.7440494894981384,0.6122132539749146,0.775711715221405
d2p1-val-md3034-A-00111,val,md3034,A,234,235,-0.21713024377822876,-90.20675659179688,0.2924373149871826,0.03137313446327248,8.031522422597755,0.27685867189362545,0.9301391839981079,0.7342596650123596,0.7849917411804199,0.7596257030963898,0.6665282845497131,0.814113974571228
d2p1-val-md3034-A-00112,val,md3034,A,236,237,-0.5602042376995087,-186.69771194458008,0.29558897018432617,0.2013446403688098,51.54422793441531,0.23025688520504864,0.9497561454772949,0.6733370423316956,0.7883391380310059,0.7308380901813507,0.5843625068664551,0.7793822884559631
d2p1-val-md3034-A-00113,val,md3034,A,238,239,-0.43605369329452515,-161.93884658813477,0.2632351517677307,0.08542282654243392,21.868243594863085,0.5559103305227349,0.957244873046875,0.6178508400917053,0.827858567237854,0.7228547036647797,0.5835492610931396,0.7396378517150879
d2p1-val-md3034-A-00114,val,md3034,A,240,241,-0.4814269244670868,-152.41443634033203,0.2913706302642822,0.12262280209500023,31.39143733632006,0.47264485637603487,0.9505354166030884,0.6825704574584961,0.8040542602539062,0.7433123588562012,0.5929452180862427,0.7828591465950012
d2p1-val-md3034-A-00115,val,md3034,A,242,243,-0.4023774266242981,-158.7850799560547,0.21793276071548462,0.09942598586324468,25.453052380990638,0.7065274591822324,0.9355570077896118,0.6899855732917786,0.8373264074325562,0.7636559903621674,0.6279103755950928,0.8118184208869934
d2p1-val-md3034-A-00116,val,md3034,A,244,245,-0.41018223762512207,-161.30130004882812,0.26560258865356445,0.08510886228889124,21.787868745956157,0.47977948222886097,0.9465919733047485,0.6948633193969727,0.8367477655410767,0.7658055424690247,0.6336693167686462,0.8076336979866028
d2p1-val-md3034-A-00117,val,md3034,A,245,246,-0.38558927178382874,-174.0472526550293,0.2574884295463562,0.07014029794402042,17.955916273669228,0.45674856513522744,0.9412433505058289,0.6786903142929077,0.8277620077133179,0.7532261610031128,0.6151841878890991,0.8021852970123291
d2p1-val-md3034-A-00118,val,md3034,A,247,248,-0.4149529039859772,-159.7307472229004,0.26500076055526733,0.08408750593501711,21.52640151936438,0.5282994649403898,0.9514712691307068,0.6725120544433594,0.836289644241333,0.7544008493423462,0.6209905743598938,0.7942545413970947
d2p1-val-md3034-A-00119,val,md3034,A,249,250,-0.4358057379722595,-171.73337936401367,0.27100855112075806,0.05421946422056204,13.880182840463883,0.3549005474552564,0.9491274356842041,0.7529913783073425,0.8328442573547363,0.7929178178310394,0.6109123229980469,0.8036385178565979
d2p1-val-md3034-A-00120,val,md3034,A,251,252,-0.42942994832992554,-162.21855926513672,0.2913840413093567,0.08875490173273821,22.721254843580983,0.491079863036986,0.9506421089172363,0.7328656315803528,0.8147479295730591,0.7738067805767059,0.6426072716712952,0.8528322577476501
d2p1-val-md3034-A-00121,val,md3034,A,253,254,-0.4045736789703369,-168.00387573242188,0.3290722370147705,0.059831578515400594,15.316884099942552,0.5584672579132048,0.9505370855331421,0.7044256925582886,0.8169555068016052,0.7606905996799469,0.6659939289093018,0.8090804815292358
d2p1-val-md3034-A-00122,val,md3034,A,254,255,-0.4679069221019745,-160.71198272705078,0.3239046335220337,0.07524569257353342,19.262897298824555,0.5493670331269231,0.9545903205871582,0.655691921710968,0.8109536170959473,0.7333227694034576,0.6045031547546387,0.74892657995224
d2p1-val-md3034-A-00123,val,md3034,A,256,257,-0.34637418389320374,-146.35658264160156,0.2819429636001587,0.07354470095166045,18.827443443625075,0.4870217707380485,0.956992506980896,0.708023190498352,0.8297533988952637,0.7688882946968079,0.6194963455200195,0.7878241539001465
d2p1-val-md3034-A-00124,val,md3034,A,258,259,-0.5344436764717102,-176.1261978149414,0.32136428356170654,0.07671556750632269,19.63918528161861,0.5931250518168826,0.9534055590629578,0.6693949699401855,0.80616295337677,0.7377789616584778,0.6234251260757446,0.7911940217018127
d2p1-val-md3034-A-00125,val,md3034,A,260,261,-0.5597620904445648,-146.94044494628906,0.2878531217575073,0.07294974592446798,18.675134956663804,0.414543304327719,0.9575715065002441,0.6596885919570923,0.7991782426834106,0.7294334173202515,0.6182641983032227,0.7614021897315979
d2p1-val-md3034-A-00126,val,md3034,A,262,263,-0.41093575954437256,-129.68124389648438,0.2900465726852417,0.04171830373827256,10.679885756997775,0.3696494784078862,0.9404110312461853,0.6966688632965088,0.7840589880943298,0.7403639256954193,0.6488491892814636,0.7864508628845215
d2p1-val-md3034-A-00127,val,md3034,A,264,265,-0.5207363069057465,-167.9278907775879,0.2867634892463684,0.38470258223622766,98.48386105247428,0.22952790266846837,0.9466053247451782,0.7087600231170654,0.8021596670150757,0.7554598450660706,0.6283929347991943,0.8166114687919617
d2p1-val-md3034-A-00128,val,md3034,A,265,266,-0.4811575412750244,-120.5591049194336,0.28180229663848877,0.3651023779755616,93.46620876174377,0.3358400339702341,0.9429065585136414,0.7582730054855347,0.7809868454933167,0.7696299254894257,0.6494004726409912,0.8384600877761841
d2p1-val-md3034-A-00129,val,md3034,A,267,268,-0.2597348690032959,-84.23173522949219,0.22071266174316406,0.4024606445159733,103.02992499608916,0.09163616196282234,0.941013514995575,0.7607297897338867,0.8322685956954956,0.7964991927146912,0.6392597556114197,0.8733325004577637
d2p1-val-md3034-A-00130,val,md3034,A,269,270,-0.23578691482543945,-80.01454162597656,0.19553202390670776,0.41121518787251626,105.27108809536416,0.07484044092475264,0.9547048807144165,0.7429999113082886,0.8206332921981812,0.7818166017532349,0.6658855676651001,0.8715580701828003
d2p1-val-md3034-A-00131,val,md3034,A,271,272,-0.1947360634803772,-81.91592407226562,0.1261463761329651,0.37096682396852004,94.96750693594113,0.056547850063932564,0.9365985989570618,0.7737675905227661,0.7854896783828735,0.7796286344528198,0.6561347246170044,0.8859996199607849
d2p1-val-md3034-A-00132,val,md3034,A,273,274,-0.2127513289451599,-67.84742736816406,0.10368466377258301,0.3539302132173543,90.6061345836427,0.08853304038912138,0.9548500776290894,0.8008176684379578,0.8247844576835632,0.8128010630607605,0.6842833757400513,0.9286766648292542
d2p1-val-md3034-A-00133,val,md3034,A,274,275,-0.19170993566513062,-64.78550720214844,0.1499996781349182,0.33467002116266065,85.67552541764113,0.1324955387248534,0.9580065011978149,0.7758510708808899,0.8033332824707031,0.7895921766757965,0.6430330276489258,0.9036823511123657
d2p1-val-md3034-A-00134,val,md3034,A,276,277,-0.28294891119003296,-104.05926513671875,0.2227548360824585,0.27811501261188526,71.19744322864263,0.05216050915302525,0.9611859917640686,0.7548421621322632,0.8045051097869873,0.7796736359596252,0.6264608502388,0.8866947293281555
d2p1-val-md3034-A-00135,val,md3034,A,278,279,-0.28151869773864746,-101.71187591552734,0.14935815334320068,0.2642259976113236,67.64185538849884,0.11844910901812927,0.954045295715332,0.7564709186553955,0.7468113899230957,0.7516411542892456,0.6414569020271301,0.8669828176498413
d2p1-val-md3034-A-00136,val,md3034,A,280,281,-0.2978562116622925,-102.69322967529297,0.1878834366798401,0.2187484262841551,55.99959712874371,0.22473735440350118,0.9496040344238281,0.737611711025238,0.7508275508880615,0.7442196309566498,0.6193426847457886,0.8317201137542725
d2p1-val-md3034-A-00137,val,md3034,A,282,283,-0.3686832785606384,-130.56752014160156,0.17145270109176636,0.20692034530197506,52.971608397305616,0.3364758779466579,0.9564418792724609,0.7515535354614258,0.7412787675857544,0.7464161515235901,0.6274722814559937,0.8702617883682251
d2p1-val-md3034-A-00138,val,md3034,A,284,285,-0.32029739022254944,-111.03614044189453,0.20139390230178833,0.17021234470662594,43.57436024489624,0.5335695967270975,0.9457312822341919,0.7107186913490295,0.7186079025268555,0.7146632969379425,0.5723059177398682,0.8669629096984863
d2p1-val-md3034-A-00139,val,md3034,A,285,286,-0.1578313708305359,-3.011474609375,0.1504572629928589,0.15167832573428297,38.82965138797644,0.5121161206731447,0.9378871321678162,0.7473263740539551,0.7443580627441406,0.7458422183990479,0.6038109064102173,0.8828880190849304
d2p1-val-md3034-A-00140,val,md3034,A,287,288,-0.17737466096878052,7.805877685546875,0.17835891246795654,0.12978334209851858,33.224535577220756,0.721771837682157,0.9101505279541016,0.7531510591506958,0.7306277751922607,0.7418894171714783,0.6092715263366699,0.8906240463256836
d2p1-val-md3034-A-00141,val,md3034,A,289,290,-0.3303028643131256,-56.58451843261719,0.25824445486068726,0.10129488017069359,25.93148932369756,0.8547331103329527,0.8989968299865723,0.7361838221549988,0.7221232652664185,0.7291535437107086,0.5624033212661743,0.887313723564148
d2p1-val-md3034-A-00142,val,md3034,A,291,292,-0.345369815826416,-77.3407211303711,0.2299399971961975,0.23370415972798803,59.828264890364935,0.08258201978722907,0.9016921520233154,0.6899433135986328,0.7068805694580078,0.6984119415283203,0.5648621916770935,0.8530995845794678
d2p1-val-md3034-A-00143,val,md3034,A,293,294,-0.277273565530777,-59.283203125,0.2511199116706848,0.23063333561852112,59.042133918341406,0.15980563427802005,0.9475679993629456,0.7194887399673462,0.7541930675506592,0.7368409037590027,0.594539225101471,0.8726758360862732
d2p1-val-md3034-A-00144,val,md3034,A,294,295,-0.3671666830778122,-87.8485221862793,0.2728341221809387,0.2256421810457437,57.76439834771039,0.17972854478520547,0.9494596719741821,0.7126268148422241,0.7661628723144531,0.7393948435783386,0.6016796231269836,0.8744280338287354
d2p1-val-md3034-A-00145,val,md3034,A,296,297,-0.4130255877971649,-143.1901397705078,0.27188754081726074,0.3077026582476394,78.7718805113957,0.15333905580068796,0.960237443447113,0.6882612705230713,0.7662608623504639,0.7272610664367676,0.6088377833366394,0.7968746423721313
d2p1-val-md3034-A-00146,val,md3034,A,298,299,-0.07688891887664795,-24.879913330078125,0.1626299023628235,0.1060672676187539,27.153220510401,0.33783448803636074,0.9506906270980835,0.7240592241287231,0.810416579246521,0.7672379016876221,0.6584557294845581,0.8516098260879517
d2p1-val-md3034-A-00147,val,md3034,A,300,301,-0.1851494312286377,-72.48174285888672,0.20547401905059814,0.12742107774641184,32.61979590308143,0.2708802966496418,0.9546011686325073,0.7379101514816284,0.8622040748596191,0.8000571131706238,0.6439170241355896,0.8228555917739868
d2p1-val-md3034-A-00148,val,md3034,A,302,303,-0.3281863033771515,-79.4842300415039,0.21635621786117554,0.10461771231386406,26.7821343523492,0.12130286407879874,0.962135910987854,0.7534010410308838,0.8241283893585205,0.7887647151947021,0.6436799168586731,0.8633467555046082
d2p1-val-md3034-A-00149,val,md3034,A,304,305,-0.30858665704727173,-56.4285888671875,0.22155380249023438,0.13017520119086934,33.32485150486255,0.2041502585039229,0.9557085633277893,0.7343235611915588,0.8084379434585571,0.771380752325058,0.6351740956306458,0.8537925481796265
d2p1-val-md3034-A-00150,val,md3034,A,305,306,-0.2946990132331848,-58.63093566894531,0.1983899474143982,0.13043282858074415,33.3908041166705,0.20578860814569147,0.9523371458053589,0.7461374998092651,0.8250428438186646,0.7855901718139648,0.6576159000396729,0.8551398515701294
d2p1-val-md3034-A-00151,val,md3034,A,307,308,-0.6342392861843109,-171.56652069091797,0.2748267650604248,0.13399501404699804,34.3027235960315,0.2750916245934673,0.962514340877533,0.7391139268875122,0.7570849657058716,0.7480994462966919,0.6166060566902161,0.8218073844909668
d2p1-val-md3034-A-00152,val,md3034,A,309,310,-0.6916345804929733,-199.87633323669434,0.3522675037384033,0.3016052836315877,77.21095260968644,0.13704632896365804,0.9593566656112671,0.7276726961135864,0.7735410928726196,0.750606894493103,0.6100472807884216,0.834538996219635
d2p1-val-md3034-A-00153,val,md3034,A,311,312,-0.7088979333639145,-202.78420066833496,0.34731775522232056,0.25816038008210695,66.08905730101938,0.1385652121885252,0.9601254463195801,0.6925004720687866,0.73822420835495,0.7153623402118683,0.5745171308517456,0.7753903269767761
d2p1-val-md3034-A-00154,val,md3034,A,313,314,-0.2183629274368286,-97.83228302001953,0.2540881633758545,0.1554217659773377,39.78797209019845,0.4125468193444746,0.9532904028892517,0.7160599827766418,0.790353000164032,0.7532064914703369,0.6255548596382141,0.8284649848937988
d2p1-val-md3034-A-00155,val,md3034,A,314,315,-0.3478069305419922,-140.21728515625,0.26095378398895264,0.15221071304299463,38.965942539006626,0.4058073916908062,0.9463759660720825,0.6740449070930481,0.7596358060836792,0.7168403565883636,0.5779666900634766,0.7556936740875244
d2p1-val-md3034-A-00156,val,md3034,A,316,317,-0.2703462243080139,-103.82806396484375,0.2542518973350525,0.15592412748031598,39.91657663496089,0.357568632726453,0.9479056000709534,0.6979203224182129,0.7513201832771301,0.7246202528476715,0.5954795479774475,0.7691794633865356
d2p1-val-md3034-A-00157,val,md3034,A,318,319,-0.26161956787109375,-76.44508361816406,0.21238195896148682,0.173164527951047,44.33011915546803,0.29981749939807373,0.9447082281112671,0.7292641997337341,0.7694838643074036,0.7493740320205688,0.6332437992095947,0.8372617363929749
d2p1-val-md3034-A-00158,val,md3034,A,320,321,-0.3800188899040222,-133.95875549316406,0.20849823951721191,0.18010043188432057,46.105710562386065,0.27113220850482894,0.949950098991394,0.7166715264320374,0.762298583984375,0.7394850552082062,0.6231589317321777,0.8480998873710632
d2p1-val-md3034-A-00159,val,md3034,A,322,323,-0.5006788671016693,-135.95355987548828,0.23262947797775269,0.2196649636620849,56.234230697493736,0.22695535495722774,0.961989164352417,0.7934447526931763,0.8338545560836792,0.8136496543884277,0.6784558296203613,0.8934397101402283
d2p1-val-md3034-A-00160,val,md3034,A,324,325,-0.4992087483406067,-137.13973236083984,0.19821757078170776,0.24309887929644566,62.23331309989009,0.1863232561500086,0.9649393558502197,0.802161693572998,0.8419526815414429,0.8220571875572205,0.7059643864631653,0.9265800714492798
d2p1-val-md3034-A-00161,val,md3034,A,325,326,-0.40826964378356934,-155.38092803955078,0.14424806833267212,0.2809803458179893,71.93096852940526,0.24600048586204995,0.95917147397995,0.7989620566368103,0.8172188401222229,0.8080904483795166,0.6841050386428833,0.9048517346382141
d2p1-val-md3034-A-00162,val,md3034,A,327,328,-0.12724536657333374,-28.811553955078125,0.12554699182510376,0.2976348148845795,76.19451261045235,0.17370204636504022,0.9650652408599854,0.8100097179412842,0.849242091178894,0.8296259045600891,0.636298656463623,0.936107873916626
d2p1-val-md3034-A-00163,val,md3034,A,477,478,-0.19417953491210938,-74.78764724731445,0.11931276321411133,0.14200871902903794,36.354232071433714,0.35716585265893736,0.9586670398712158,0.7961709499359131,0.8237565755844116,0.8099637627601624,0.6903446316719055,0.8924916982650757
d2p1-val-md3034-A-00164,val,md3034,A,479,480,-0.1897519826889038,-82.66456985473633,0.1260364055633545,0.18688356940499626,47.84219376767904,0.2733710554445908,0.9490929841995239,0.8026237487792969,0.82438063621521,0.8135021924972534,0.6872864961624146,0.9088616371154785
d2p1-val-md3034-A-00165,val,md3034,A,481,482,-0.4283828139305115,-136.68844985961914,0.1969965696334839,0.24708388923022642,63.253475642937964,0.25256841333964297,0.968866229057312,0.8100595474243164,0.8534935116767883,0.8317765295505524,0.706741452217102,0.8948900103569031
d2p1-val-md3034-A-00166,val,md3034,A,483,484,-0.4411138892173767,-148.59371185302734,0.20233476161956787,0.23869727022691647,61.10650117809062,0.2242407917048324,0.9669736623764038,0.7522464990615845,0.8405262231826782,0.7963863611221313,0.6591277122497559,0.8908794522285461
d2p1-val-md3034-A-00167,val,md3034,A,484,485,-0.4119740128517151,-147.70545959472656,0.15992170572280884,0.23154692799944246,59.27601356785727,0.14116998058082686,0.9627737998962402,0.7398576736450195,0.8351500034332275,0.7875038385391235,0.6542707681655884,0.846523106098175
d2p1-val-md3034-A-00168,val,md3034,A,486,487,-0.6202352344989777,-202.662748336792,0.22769737243652344,0.18932630501175474,48.46753408300921,0.3077140301452393,0.9559273719787598,0.7231488227844238,0.8142699003219604,0.7687093615531921,0.6474282741546631,0.8412119150161743
d2p1-val-md3034-A-00169,val,md3034,A,488,489,-0.29276180267333984,-90.99656677246094,0.13308358192443848,0.22387621842016134,57.3123119155613,0.45170979045868426,0.9581345319747925,0.8033019304275513,0.8134709596633911,0.8083864450454712,0.6909667253494263,0.9054124355316162
d2p1-val-md3034-A-00170,val,md3034,A,490,491,-0.3752494752407074,-133.98941040039062,0.18961626291275024,0.24228670495103577,62.02539646746516,0.22535199484078172,0.9641990065574646,0.7710895538330078,0.7826412320137024,0.7768653929233551,0.6500127911567688,0.8523065447807312
d2p1-val-md3034-A-00171,val,md3034,A,492,493,-0.5481021404266357,-183.2657127380371,0.25898420810699463,0.20917208332646695,53.54805333157554,0.1480475183127773,0.9673458933830261,0.719215452671051,0.7626330256462097,0.7409242391586304,0.6324361562728882,0.8225262761116028
d2p1-val-md3034-A-00172,val,md3034,A,493,494,-0.5962753295898438,-171.58863067626953,0.24354314804077148,0.190707407625136,48.821096352034814,0.12827113969598036,0.951513946056366,0.706581711769104,0.770455002784729,0.7385183572769165,0.6199343204498291,0.8219441771507263
d2p1-val-md3034-A-00173,val,md3034,A,495,496,-0.6181807518005371,-181.9099998474121,0.21069985628128052,0.21423729296037325,54.84474699785555,0.08899186056487335,0.9565225839614868,0.7471909523010254,0.7531441450119019,0.7501675486564636,0.6186773777008057,0.8438448309898376
d2p1-val-md3034-A-00174,val,md3034,A,497,498,-0.4397205114364624,-154.93865585327148,0.16535711288452148,0.2009050820483501,51.43170100437762,0.3665285164983,0.9668192863464355,0.7342303991317749,0.7302980422973633,0.7322642207145691,0.639586865901947,0.828976571559906
d2p1-val-md3034-A-00175,val,md3034,A,499,500,-0.12398350238800049,-46.100921630859375,0.11112570762634277,0.3217449512914399,82.36670753060861,0.2412498441065573,0.9588636159896851,0.7901535630226135,0.8076682686805725,0.798910915851593,0.6812084913253784,0.9163579940795898
d2p1-val-md3034-A-00176,val,md3034,A,501,502,-0.15328097343444824,-54.049285888671875,0.12058556079864502,0.3168728497376627,81.11944953284166,0.348736462720623,0.9591269493103027,0.7789766788482666,0.7844152450561523,0.7816959619522095,0.6522864103317261,0.9019773006439209
d2p1-val-md3034-A-00177,val,md3034,A,503,504,-0.16744863986968994,-65.82037353515625,0.1304173469543457,0.29976444399387786,76.73969766243273,0.38347957571534563,0.9645134210586548,0.7956575751304626,0.8110870122909546,0.8033722937107086,0.6516757011413574,0.9029713869094849
d2p1-val-md3034-A-00178,val,md3034,A,504,505,-0.35739561915397644,-131.61546325683594,0.1821368932723999,0.28557568103973585,73.10737434617238,0.3838919098260767,0.9673868417739868,0.7553147673606873,0.812953770160675,0.7841342687606812,0.6455600261688232,0.863884449005127
d2p1-val-md3034-A-00179,val,md3034,A,506,507,-0.47530844807624817,-167.96832275390625,0.18940222263336182,0.23964108431282674,61.348117584083646,0.29548564643164726,0.9519674181938171,0.718002438545227,0.7612438201904297,0.7396231293678284,0.6162985563278198,0.811384379863739
d2p1-val-md3034-A-00180,val,md3034,A,508,509,-0.4633025527000427,-158.9946403503418,0.20233798027038574,0.2530477048436707,64.78021243997969,0.11943605260388945,0.9682222008705139,0.6858462691307068,0.7960346937179565,0.7409404814243317,0.609574556350708,0.7777009010314941
d2p1-val-md3034-A-00181,val,md3034,A,510,511,-0.5181514024734497,-170.9036159515381,0.19702595472335815,0.10411533028887367,26.65352455395166,0.575861043584172,0.9418463110923767,0.6987735033035278,0.8281393051147461,0.763456404209137,0.6204469203948975,0.7996071577072144
d2p1-val-md3034-A-00182,val,md3034,A,512,513,-0.5152775943279266,-192.57901763916016,0.23263674974441528,0.08797973996154297,22.522813430155,0.37216099598035207,0.9531726837158203,0.7460755109786987,0.8219262361526489,0.7840008735656738,0.6175839900970459,0.813956618309021
d2p1-val-md3034-A-00183,val,md3034,A,513,514,-0.457840234041214,-173.6576805114746,0.21602392196655273,0.0664408498594932,17.008857564030258,0.32632673156448444,0.9596936106681824,0.7903090715408325,0.7992250323295593,0.7947670519351959,0.6889960765838623,0.8811099529266357
d2p1-val-md3034-A-00184,val,md3034,A,515,516,-0.43714436888694763,-172.04483032226562,0.1974291205406189,0.19029530021019647,48.7155968538103,0.1872657356773672,0.9665329456329346,0.7792788743972778,0.8047945499420166,0.7920367121696472,0.6387301087379456,0.8410444259643555
d2p1-val-md3034-A-00185,val,md3034,A,517,518,-0.6362082213163376,-213.71908950805664,0.3139684796333313,0.19426902870290813,49.73287134794448,0.16926175778182373,0.9704777598381042,0.6671464443206787,0.7395420074462891,0.7033442258834839,0.5781267881393433,0.7653524279594421
d2p1-val-md3034-A-00186,val,md3034,A,519,520,-0.30400729179382324,-105.13584899902344,0.1707226037979126,0.30026860806804784,76.86876366542025,0.3976265144446761,0.9725785255432129,0.8036540746688843,0.7712113857269287,0.7874327301979065,0.6450127363204956,0.8674807548522949
d2p1-val-md3034-A-00187,val,md3034,A,521,522,-0.25106334686279297,-95.89849853515625,0.14088279008865356,0.27494645826606817,70.38629331611345,0.4674200563569879,0.9691752195358276,0.790351390838623,0.7956528663635254,0.7930021286010742,0.6421854496002197,0.8658243417739868
d2p1-val-md3034-A-00188,val,md3034,A,523,524,-0.2660924196243286,-109.10518646240234,0.16203820705413818,0.27849926846634,71.29581272738304,0.3199828573858629,0.973680317401886,0.7797938585281372,0.7774250507354736,0.7786094546318054,0.663733720779419,0.8833360075950623
d2p1-val-md3034-A-00189,val,md3034,A,524,525,-0.43522047996520996,-147.72256469726562,0.19166290760040283,0.2873545479994625,73.5627642878624,0.28702269583128204,0.9626192450523376,0.7677152156829834,0.76446533203125,0.7660902738571167,0.639218270778656,0.8506953716278076
d2p1-val-md3034-A-00190,val,md3034,A,526,527,-0.29985469579696655,-130.03509521484375,0.15508776903152466,0.24026848100538636,61.50873113737891,0.10238725936383504,0.9632347822189331,0.7679342031478882,0.7740641832351685,0.7709991931915283,0.66473388671875,0.8824244737625122
d2p1-val-md3034-A-00191,val,md3034,A,528,529,-0.4729457199573517,-171.26812362670898,0.22819846868515015,0.37872051603889006,96.95245210595586,0.3915945031021155,0.9324406385421753,0.7478686571121216,0.7842031121253967,0.7660358846187592,0.6559778451919556,0.8572332262992859
d2p1-val-md3034-A-00192,val,md3034,A,530,531,-0.2067110538482666,-72.67132568359375,0.18035614490509033,0.33944490859643733,86.89789660068796,0.4238432519010884,0.9574130177497864,0.8109610080718994,0.8251065611839294,0.8180337846279144,0.691923975944519,0.9154973030090332
d2p1-val-md3034-A-00193,val,md3034,A,532,533,-0.21477365493774414,-78.21917724609375,0.157059907913208,0.3358168169739409,85.96910514532887,0.40111540880452384,0.9569689035415649,0.7950054407119751,0.8412455320358276,0.8181254863739014,0.6726117730140686,0.9121075868606567
d2p1-val-md3034-A-00194,val,md3034,A,533,534,-0.2963207960128784,-104.81641387939453,0.19325101375579834,0.3259815410262529,83.45127450272074,0.44201071865854824,0.9573818445205688,0.796535074710846,0.8191555738449097,0.8078453242778778,0.6742655038833618,0.9060084223747253
d2p1-val-md3034-A-00195,val,md3034,A,535,536,-0.24390798807144165,-85.19960021972656,0.1790810227394104,0.28589838679702956,73.18998702003957,0.4852324685652354,0.9568818807601929,0.8109949231147766,0.8111613988876343,0.8110781610012054,0.6852973103523254,0.911436140537262
d2p1-val-md3034-A-00196,val,md3034,A,537,538,-0.57041996717453,-179.93762588500977,0.2683582901954651,0.24232489793980933,62.03517387259119,0.1969243792751617,0.9629607200622559,0.7100833654403687,0.6945871114730835,0.7023352384567261,0.6069281101226807,0.8046463131904602
d2p1-val-md3034-A-00197,val,md3034,A,539,540,-0.30600035190582275,-94.07527923583984,0.16909867525100708,0.25060751585024993,64.15552405766398,0.3657998506213042,0.9730499982833862,0.7983351945877075,0.8131996393203735,0.8057674169540405,0.6587092876434326,0.871917188167572
d2p1-val-md3034-A-00198,val,md3034,A,541,542,-0.34020668268203735,-122.8197021484375,0.17091643810272217,0.26456485718525247,67.72860343942463,0.19473566580200413,0.9637243747711182,0.8007934093475342,0.7596112489700317,0.780202329158783,0.6629114151000977,0.8878483772277832
d2p1-val-md3034-A-00199,val,md3034,A,543,544,-0.36906641721725464,-138.26839447021484,0.20088797807693481,0.2488809409795384,63.71352089076183,0.25401283257909907,0.9620505571365356,0.7959123849868774,0.8115955591201782,0.8037539720535278,0.673837423324585,0.8636555671691895
d2p1-val-md3034-A-00200,val,md3034,A,544,545,-0.3398616313934326,-130.96902465820312,0.20633941888809204,0.24908364691523996,63.76541361030143,0.3473045925842955,0.9633859395980835,0.7863941192626953,0.7772383689880371,0.7818162441253662,0.6645904779434204,0.8646991848945618
d2p1-val-md3034-A-00201,val,md3034,A,546,547,-0.44956183433532715,-174.7370491027832,0.23349475860595703,0.21472989665608364,54.97085354395741,0.14803173686373045,0.9610400199890137,0.7118677496910095,0.7765523791313171,0.7442100644111633,0.6372382640838623,0.8286051750183105
d2p1-val-md3034-A-00202,val,md3034,A,548,549,-0.48962312936782837,-168.50934600830078,0.27110278606414795,0.20246433331029481,51.83086932743547,0.35808164361318096,0.96235591173172,0.7519800066947937,0.744236171245575,0.7481080889701843,0.6433271169662476,0.8609259128570557
d2p1-val-md3034-A-00203,val,md3034,A,550,551,-0.4513470530509949,-183.3985710144043,0.23615670204162598,0.2874816524904268,73.59530303754926,0.1236911810730456,0.9677841663360596,0.7795525789260864,0.7660382986068726,0.7727954387664795,0.6619386076927185,0.8934146761894226
d2p1-val-md3034-A-00204,val,md3034,A,552,553,-0.3348788022994995,-128.55438995361328,0.20389324426651,0.28578573071483043,73.16114706299659,0.37952193628502207,0.9618382453918457,0.8028228878974915,0.8088878989219666,0.805855393409729,0.6714907884597778,0.918066143989563
d2p1-val-md3034-A-00205,val,md3034,A,553,554,-0.43119674921035767,-167.1061897277832,0.2246050238609314,0.27527241521202417,70.46973829427819,0.4347640057115424,0.9653991460800171,0.7718805074691772,0.7750660181045532,0.7734732627868652,0.6501597166061401,0.8989357948303223
d2p1-val-md3034-A-00206,val,md3034,A,555,556,-0.29171639680862427,-81.31405639648438,0.1928800344467163,0.25136026612437734,64.3482281278406,0.4349459504122085,0.9685617685317993,0.747104823589325,0.763649582862854,0.7553772032260895,0.6300638914108276,0.8828017115592957
d2p1-val-md3034-A-00207,val,md3034,A,557,558,-0.5858962684869766,-178.68431282043457,0.31313860416412354,0.36766428790889877,94.12205770467808,0.18858983067953794,0.9586668610572815,0.7114736437797546,0.7235889434814453,0.7175312936306,0.619357705116272,0.816447377204895
d2p1-val-md3034-A-00208,val,md3034,A,559,560,-0.5447153151035309,-173.6061897277832,0.26709336042404175,0.16946496791674576,43.383031786686914,0.20649857583032977,0.9624596238136292,0.7445542812347412,0.7555778622627258,0.7500660717487335,0.6242392063140869,0.8376811146736145
d2p1-val-md3034-A-00209,val,md3034,A,561,562,-0.29851478338241577,-126.34767150878906,0.20869481563568115,0.26439804197282907,67.68589874504424,0.19981419979298132,0.954603910446167,0.7754685878753662,0.765140175819397,0.7703043818473816,0.6391476392745972,0.8711676001548767
d2p1-val-md3034-A-00210,val,md3034,A,563,564,-0.45843371748924255,-156.32131958007812,0.24250245094299316,0.22101032021308967,56.578641974550955,0.24898082069377644,0.9677668809890747,0.7012048363685608,0.7383811473846436,0.7197929918766022,0.6012358665466309,0.8131201863288879
d2p1-val-md3034-A-00211,val,md3034,A,564,565,-0.3978639841079712,-140.56085205078125,0.18074971437454224,0.11138675793335527,28.51501003093895,0.3832191260988453,0.947658896446228,0.6856876015663147,0.788875937461853,0.7372817695140839,0.6097955703735352,0.8203799724578857
d2p1-val-md3034-A-00212,val,md3034,A,566,567,-0.3985167443752289,-151.22167205810547,0.2249915599822998,0.04627494557088471,11.846386066146486,0.41732242616976567,0.9660685062408447,0.667634129524231,0.8280806541442871,0.747857391834259,0.6063644886016846,0.765014111995697
d2p1-val-md3034-A-00213,val,md3034,A,568,569,-0.47981542348861694,-167.50968170166016,0.22678518295288086,0.20080278408858232,51.405512726677074,0.2020559259196686,0.9610105156898499,0.6815432906150818,0.7723320722579956,0.7269376814365387,0.5824987888336182,0.7943931221961975
d2p1-val-md3034-A-00214,val,md3034,A,570,571,-0.5230793803930283,-172.8159942626953,0.22142881155014038,0.23511295936379292,60.18891759713099,0.16166757987051358,0.9598938226699829,0.7175546288490295,0.737938642501831,0.7277466356754303,0.5982083678245544,0.8262171149253845
d2p1-val-md3034-A-00215,val,md3034,A,572,573,-0.34878870844841003,-107.49137878417969,0.23273038864135742,0.2577965345162497,65.99591283615992,0.3469209103308445,0.9563264846801758,0.7186099290847778,0.7611854076385498,0.7398976683616638,0.6224907636642456,0.8403590321540833
d2p1-val-md3034-A-00216,val,md3034,A,574,575,-0.2973799407482147,-97.14965057373047,0.23765283823013306,0.244473631712169,62.58524971831526,0.46526631153010656,0.9654569625854492,0.7364381551742554,0.7700725793838501,0.7532553672790527,0.6173113584518433,0.8515084981918335
d2p1-val-md3034-A-00217,val,md3034,A,575,576,-0.3141147494316101,-118.33341598510742,0.17338043451309204,0.277585797273427,71.06196410199732,0.17283429477773055,0.9452096223831177,0.7465369701385498,0.7758006453514099,0.7611688077449799,0.6376400589942932,0.8896522521972656
d2p1-val-md3034-A-00218,val,md3034,A,577,578,-0.4290015399456024,-158.74610137939453,0.20014923810958862,0.19933379090315162,51.029450471206815,0.30527175781526517,0.9656270742416382,0.7306309938430786,0.7562488317489624,0.7434399127960205,0.6467788219451904,0.8764566779136658
d2p1-val-md3034-A-00219,val,md3034,A,579,580,-0.3407782316207886,-115.19603729248047,0.2105022668838501,0.18518913691103647,47.40841904922534,0.35582081798448534,0.9673665165901184,0.7433757185935974,0.7636280655860901,0.7535018920898438,0.6494028568267822,0.8705718517303467
d2p1-val-md3034-A-00220,val,md3034,A,581,582,-0.33277732133865356,-111.80778121948242,0.14609599113464355,0.27200703313478003,69.63380048250369,0.14934190414768608,0.9639773368835449,0.799444317817688,0.8055934906005859,0.802518904209137,0.7011145949363708,0.9285157918930054
d2p1-val-md3034-A-00221,val,md3034,A,583,584,-0.491271436214447,-168.72417068481445,0.1709531545639038,0.30526378909216956,78.1475300075954,0.211364255846422,0.9583480954170227,0.7392301559448242,0.7854453325271606,0.7623377442359924,0.6405376195907593,0.8770933151245117
d2p1-val-md3034-A-00222,val,md3034,A,584,585,-0.5276140868663788,-165.31935501098633,0.21219223737716675,0.30063633260464595,76.96290114678936,0.1946994029118687,0.9663240909576416,0.7807405591011047,0.8163169622421265,0.7985287606716156,0.6839702129364014,0.9016563296318054
d2p1-val-md3034-A-00223,val,md3034,A,586,587,-0.5823807269334793,-199.84444999694824,0.23562878370285034,0.28194309337438594,72.1774319038428,0.2364407050659709,0.9608006477355957,0.7625395059585571,0.8033106923103333,0.7829250991344452,0.6767973899841309,0.899093747138977
d2p1-val-md3034-A-00224,val,md3034,A,588,589,-0.532723069190979,-174.3915672302246,0.24355173110961914,0.17117487151595773,43.82076710808518,0.15195976778142445,0.9631667137145996,0.7394857406616211,0.7657444477081299,0.7526150941848755,0.6437310576438904,0.8415096402168274
d2p1-val-md3034-A-00225,val,md3034,A,590,591,-0.5180636048316956,-135.34151458740234,0.257321834564209,0.1868615786150863,47.83656412546209,0.0936404884286618,0.9728665351867676,0.7237107157707214,0.7815608978271484,0.7526358067989349,0.6257096529006958,0.8001267910003662
d2p1-val-md3034-A-00226,val,md3034,A,592,593,-0.47299104928970337,-177.7264518737793,0.1991114616394043,0.22818125780751822,58.414401998724664,0.09076540964891126,0.9641458988189697,0.7745412588119507,0.8283584713935852,0.8014498651027679,0.6867834329605103,0.8879557847976685
d2p1-val-md3034-A-00227,val,md3034,A,594,595,-0.3982405364513397,-139.64913940429688,0.15536457300186157,0.2292756910849794,58.69457691775472,0.3504195942589571,0.9618785381317139,0.7487970590591431,0.8109915256500244,0.7798942923545837,0.6759475469589233,0.8837361931800842
d2p1-val-md3034-A-00228,val,md3034,A,595,596,-0.3967737853527069,-162.92711639404297,0.18580031394958496,0.2207353605733775,56.50825230678464,0.5971959243048723,0.9558765888214111,0.7632876038551331,0.8275748491287231,0.7954312264919281,0.6552383899688721,0.8891183733940125
d2p1-val-md3034-A-00229,val,md3034,A,597,598,-0.5053763687610626,-152.32211303710938,0.24538177251815796,0.18210085034601767,46.61781768858052,0.4650279322105353,0.9449495077133179,0.7668443322181702,0.7434790730476379,0.755161702632904,0.647343635559082,0.852616548538208
d2p1-val-md3034-A-00230,val,md3034,A,599,600,-0.30579328536987305,-109.48297500610352,0.20413297414779663,0.164639362679071,42.14767684584218,0.3659981493767857,0.9585456848144531,0.7188647985458374,0.7745801210403442,0.7467224597930908,0.6305974721908569,0.8234411478042603
d2p1-val-md3034-A-00231,val,md3034,A,601,602,-0.28946924209594727,-96.7606201171875,0.11152774095535278,0.21017915892762176,53.80586468547117,0.18740666776543313,0.9618529081344604,0.7886738777160645,0.7618197202682495,0.775246798992157,0.6597628593444824,0.8395496010780334
d2p1-val-md3034-A-00232,val,md3034,A,603,604,-0.34995824098587036,-129.66625595092773,0.19867157936096191,0.16179389145493323,41.419236212462906,0.2572602929769356,0.950467586517334,0.7723059058189392,0.7638346552848816,0.7680702805519104,0.6613080501556396,0.8598721027374268
d2p1-val-md3034-A-00233,val,md3034,A,604,605,-0.2901851236820221,-126.60175704956055,0.17388856410980225,0.3009602220838805,77.04581685347341,0.3394927746467642,0.9505782723426819,0.7892433404922485,0.7842286825180054,0.786736011505127,0.6508157253265381,0.8712875247001648
d2p1-val-md3034-A-00234,val,md3034,A,606,607,-0.3288852274417877,-145.64464950561523,0.18626552820205688,0.1587026844047557,40.62788720761746,0.2801634836794682,0.9646377563476562,0.7363293170928955,0.777563214302063,0.7569462656974792,0.6440795660018921,0.8623389601707458
d2p1-val-md3034-A-00235,val,md3034,A,608,609,-0.32378047704696655,-142.85047912597656,0.1995333433151245,0.11331943102711335,29.009774342941018,0.523972649800144,0.9626253247261047,0.7940447330474854,0.8113527894020081,0.8026987612247467,0.7089170217514038,0.9012659192085266
d2p1-val-md3034-A-00236,val,md3034,A,610,611,-0.3102099597454071,-104.87703323364258,0.22177159786224365,0.19859874727754723,50.84127930305209,0.1926978350925834,0.9673868417739868,0.7435892820358276,0.7863273620605469,0.7649583220481873,0.6488136053085327,0.8344163298606873
d2p1-val-md3034-A-00237,val,md3034,A,612,613,-0.32095420360565186,-104.2017593383789,0.15915465354919434,0.22104838723493914,56.58838713214442,0.5705775167914066,0.9620100259780884,0.7662882804870605,0.7798449397087097,0.7730666100978851,0.6455254554748535,0.8222528696060181
d2p1-val-md3034-A-00238,val,md3034,A,614,615,-0.1638161540031433,-53.490745544433594,0.18718445301055908,0.26039792586968014,66.66186902263811,0.5997161646006893,0.9526174068450928,0.7358254790306091,0.8020178079605103,0.7689216434955597,0.64026939868927,0.852876603603363
d2p1-val-md3034-A-00239,val,md3034,A,615,616,-0.5192025601863861,-160.1431484222412,0.2154279351234436,0.3759087604422092,96.23264267320556,0.06497287774641368,0.9587849974632263,0.7138093709945679,0.7699333429336548,0.7418713569641113,0.6426293849945068,0.8089063763618469
d2p1-val-md3034-A-00240,val,md3034,A,617,618,-0.2822979986667633,-87.22990417480469,0.2097298502922058,0.23193364254071472,59.37501249042297,0.3019958703785641,0.9595999121665955,0.7336095571517944,0.7763508558273315,0.754980206489563,0.6397129893302917,0.8389032483100891
d2p1-val-md3034-A-00241,val,md3034,A,619,620,-0.2454720139503479,-92.66246032714844,0.17381960153579712,0.16408668463693393,42.00619126705509,0.5848253651119925,0.9585050344467163,0.753455638885498,0.7828071713447571,0.7681314051151276,0.6517386436462402,0.8594359159469604
d2p1-val-md3034-A-00242,val,md3034,A,621,622,-0.5104865729808807,-182.33332061767578,0.2512527108192444,0.06339185958812929,16.2283160545611,0.4543646780226781,0.9475077390670776,0.711745023727417,0.758026123046875,0.734885573387146,0.60202956199646,0.778940737247467
d2p1-val-md3034-A-00243,val,md3034,A,623,624,-0.22272691130638123,-114.52820587158203,0.18070721626281738,0.14870784403838333,38.06920807382613,0.5653305003850113,0.954569935798645,0.7543416023254395,0.7829347848892212,0.7686381936073303,0.6634914875030518,0.8686286807060242
d2p1-val-md3034-A-00244,val,md3034,A,624,625,-0.32680433988571167,-137.77518844604492,0.19822794198989868,0.1589662963448999,40.69537186429437,0.33302253008002847,0.9644640684127808,0.7795671224594116,0.8081107139587402,0.7938389182090759,0.6937580704689026,0.910889208316803
d2p1-val-md3034-A-00245,val,md3034,A,626,627,-0.5411426723003387,-188.45086288452148,0.20880645513534546,0.21186615809895243,54.23773647333182,0.19906484565166804,0.9568344354629517,0.7716240286827087,0.8008231520652771,0.7862235903739929,0.6863418817520142,0.900680422782898
d2p1-val-md3034-A-00246,val,md3034,A,628,629,-0.2948254644870758,-142.04962921142578,0.19407540559768677,0.45908733444379823,117.52635761761235,0.3049302796729664,0.9409925937652588,0.7333317995071411,0.7685664892196655,0.7509491443634033,0.6425201296806335,0.8746402859687805
d2p1-val-md3034-A-00247,val,md3034,A,630,631,0.0009878873825073242,-29.891578674316406,0.1366438865661621,0.09060486603539138,23.194845705060192,0.48682472373915087,0.9543213844299316,0.7491758465766907,0.7969160079956055,0.7730459272861481,0.6555169224739075,0.8774272799491882
d2p1-val-md3034-A-00248,val,md3034,A,632,633,-0.08201366662979126,-63.38831329345703,0.0967932939529419,0.4418232381433246,113.10674896469109,0.3421482824108241,0.9515913724899292,0.7862640619277954,0.8263454437255859,0.8063047528266907,0.6486648321151733,0.8850746750831604
d2p1-val-md3034-A-00249,val,md3034,A,634,635,-0.2572431266307831,-119.44220352172852,0.12514621019363403,0.4458945518352344,114.14900526982001,0.049554199007242526,0.9526660442352295,0.8043473362922668,0.8190659284591675,0.8117066323757172,0.6716251373291016,0.8856942653656006
d2p1-val-md3034-A-00250,val,md3034,A,635,636,-0.2689498960971832,-120.32239532470703,0.1267756223678589,0.19838236936165063,50.78588655658256,0.3975736837691634,0.9520328044891357,0.7831507325172424,0.8081520795822144,0.7956514060497284,0.6649337410926819,0.8995471596717834
d2p1-val-md3034-A-00251,val,md3034,A,637,638,-0.28701430559158325,-84.08650207519531,0.14598912000656128,0.3823698693734446,97.88668655960181,0.307888898012223,0.9557266235351562,0.749299168586731,0.7776569128036499,0.7634780406951904,0.6671472787857056,0.8874719738960266
d2p1-val-md3034-A-00252,val,md3034,A,639,640,-0.2954680025577545,-78.6994457244873,0.14882582426071167,0.19090385514762478,48.871386917791945,0.2668004792864286,0.9567331671714783,0.7822985649108887,0.8206557631492615,0.8014771640300751,0.6768377423286438,0.8919380307197571
d2p1-val-md3034-A-00253,val,md3034,A,641,642,-0.2476772964000702,-102.10174179077148,0.1578935980796814,0.28681516414311553,73.42468202063758,0.3477112726152973,0.9558091163635254,0.7540519833564758,0.7765383720397949,0.7652951776981354,0.6459596157073975,0.8771646022796631
d2p1-val-md3034-A-00254,val,md3034,A,643,644,-0.44116464257240295,-148.72364807128906,0.14072823524475098,0.2732789568933364,69.95941296469412,0.19752892662146143,0.9418591260910034,0.7563196420669556,0.7695397734642029,0.7629297077655792,0.6823819875717163,0.8746923804283142
d2p1-val-md3034-A-00255,val,md3034,A,644,645,-0.3395129442214966,-115.76855087280273,0.14354485273361206,0.2653143354495614,67.92046987508772,0.2007789891738283,0.9439147114753723,0.7305632829666138,0.7572943568229675,0.7439288198947906,0.6381544470787048,0.8443076610565186
d2p1-val-md3034-A-00256,val,md3034,A,646,647,-0.47187915444374084,-165.17456817626953,0.14462727308273315,0.2439145056959997,62.442113458175925,0.22614037589847036,0.9494929313659668,0.7276414632797241,0.756657063961029,0.7421492636203766,0.6307908296585083,0.8456164002418518
d2p1-val-md3034-A-00257,val,md3034,A,648,649,-0.493021160364151,-162.9818572998047,0.20562243461608887,0.1951783023003906,49.96564538889999,0.2623238238560431,0.9548619985580444,0.768622636795044,0.7744143009185791,0.7715184688568115,0.6123454570770264,0.8398867845535278
d2p1-val-md3034-A-00258,val,md3034,A,650,651,-0.5137534737586975,-186.9937744140625,0.22033727169036865,0.18745581410085407,47.98868840981864,0.13486941100158484,0.9595586657524109,0.7396115064620972,0.7444781064987183,0.7420448064804077,0.6194347143173218,0.8467448353767395
d2p1-val-md3034-A-00259,val,md3034,A,652,653,-0.35140708088874817,-134.43877410888672,0.18351197242736816,0.15994473125564287,40.945851201444576,0.38638652090987935,0.9528685212135315,0.7635891437530518,0.7749785780906677,0.7692838609218597,0.6370927095413208,0.869553804397583
d2p1-val-md3034-A-00260,val,md3034,A,654,655,-0.3879135251045227,-148.68693161010742,0.1950663924217224,0.11121271977836852,28.470456263262342,0.7864264818984776,0.9656477570533752,0.7596832513809204,0.7990674376487732,0.7793753445148468,0.6644036769866943,0.8902198672294617
d2p1-val-md3034-A-00261,val,md3034,A,655,656,-0.1939636468887329,-79.84171295166016,0.12892508506774902,0.13263745864936521,33.955189414237495,0.4956407349422811,0.9603750705718994,0.8091485500335693,0.8271793127059937,0.8181639313697815,0.7166574001312256,0.9178386926651001
d2p1-val-md3034-A-00262,val,md3034,A,657,658,-0.3222704231739044,-139.2642364501953,0.1817377805709839,0.12226022071625495,31.298616503361266,0.4834455983313558,0.9550457000732422,0.7772713899612427,0.8291140794754028,0.8031927347183228,0.6862186789512634,0.8625595569610596
d2p1-val-md3034-A-00263,val,md3034,A,659,660,-0.3519197404384613,-156.2408332824707,0.19808930158615112,0.10553210632071736,27.016219218103643,0.24542556860850023,0.9578903913497925,0.7283806204795837,0.8016495704650879,0.7650150954723358,0.6564414501190186,0.8124129772186279
d2p1-val-md3034-A-00264,val,md3034,A,661,662,-0.2344992756843567,-117.89772033691406,0.18096452951431274,0.1168097097371584,29.90328569271255,0.3663978216084399,0.9597209095954895,0.7678613066673279,0.820769190788269,0.7943152487277985,0.6857670545578003,0.8916417956352234
d2p1-val-md3034-A-00265,val,md3034,A,663,664,-0.28865206241607666,-140.2568588256836,0.17669469118118286,0.16158003321299946,41.36448850252786,0.15718829535348347,0.96284019947052,0.7539956569671631,0.8037735819816589,0.778884619474411,0.6622836589813232,0.8836448192596436
d2p1-val-md3034-A-00266,val,md3034,A,664,665,-0.2720862925052643,-138.65191650390625,0.1800498366355896,0.15262090233549505,39.07095099788673,0.09715917631464424,0.9501696825027466,0.7501869201660156,0.7692736387252808,0.7597302794456482,0.6377676725387573,0.8791018128395081
d2p1-val-md3034-A-00267,val,md3034,A,666,667,-0.48653849959373474,-172.81667709350586,0.20928138494491577,0.14893694898536586,38.12785894025366,0.12997518656046422,0.9602695107460022,0.7258889079093933,0.7916099429130554,0.7587494254112244,0.644932746887207,0.8491513729095459
d2p1-val-md3034-A-00268,val,md3034,A,668,669,-0.4028225243091583,-168.67416763305664,0.19050121307373047,0.14445912317867,36.98153553373952,0.16381899582355477,0.9518526196479797,0.7311006188392639,0.7930503487586975,0.7620754837989807,0.631995439529419,0.8615328073501587
d2p1-val-md3034-A-00269,val,md3034,A,670,671,-0.40914809703826904,-165.2060775756836,0.22023284435272217,0.14265369902138944,36.5193469494757,0.2239586674708983,0.9620699882507324,0.7664428949356079,0.8249711990356445,0.7957070469856262,0.6607776284217834,0.8720878958702087
d2p1-val-md3034-A-00270,val,md3034,A,672,673,-0.37120795249938965,-156.25387573242188,0.20324963331222534,0.12765767346921286,32.68036440811849,0.17943362187368828,0.9573807716369629,0.7406555414199829,0.8046733736991882,0.7726644575595856,0.6331740021705627,0.8579950332641602
d2p1-val-md3034-A-00271,val,md3034,A,674,675,-0.3539391756057739,-145.71785354614258,0.1567029356956482,0.15203577691652578,38.9211588906306,0.3862244759458511,0.9540295004844666,0.7694273591041565,0.7967767119407654,0.7831020355224609,0.6672674417495728,0.9038370847702026
d2p1-val-md3034-A-00272,val,md3034,A,675,676,-0.22840851545333862,-97.31407165527344,0.10690099000930786,0.18454725834024757,47.24409813510338,0.4072606715794146,0.9467964768409729,0.7676056623458862,0.7788456082344055,0.7732256352901459,0.6791077256202698,0.9201948046684265
d2p1-val-md3034-A-00273,val,md3034,A,677,678,-0.2905086278915405,-125.9737319946289,0.14455699920654297,0.14840844808330617,37.99256270932638,0.34454369095730364,0.9627621173858643,0.8114155530929565,0.8541030883789062,0.8327593207359314,0.7103096842765808,0.9163393974304199
d2p1-val-md3034-A-00274,val,md3034,A,679,680,-0.2715960144996643,-120.51600646972656,0.14537841081619263,0.1374932370411799,35.19826868254206,0.3468544030633618,0.9659767150878906,0.8242864608764648,0.8466007709503174,0.8354436159133911,0.7223139405250549,0.9286648631095886
d2p1-val-md3034-A-00275,val,md3034,A,681,682,-0.20985573530197144,-95.6683120727539,0.17248857021331787,0.12964660812447795,33.189531679866356,0.3078535710650344,0.966500997543335,0.7247815728187561,0.8321645259857178,0.7784730494022369,0.6592888832092285,0.8635668754577637
d2p1-val-md3034-A-00276,val,md3034,A,683,684,-0.08145231008529663,-49.532958984375,0.14679741859436035,0.15477966105476665,39.62359323002026,0.24558640976441384,0.9629956483840942,0.7551429271697998,0.7798967361450195,0.7675198316574097,0.6403375864028931,0.907755434513092
d2p1-val-md3034-A-00277,val,md3034,A,685,686,-0.32724615931510925,-136.21079635620117,0.152202308177948,0.2244555823811594,57.460629089576805,0.4518881337081651,0.9614663124084473,0.8030157089233398,0.8306044340133667,0.8168100714683533,0.6701933145523071,0.9271867871284485
d2p1-val-md3034-A-00278,val,md3034,A,686,687,-0.2148754596710205,-97.13295364379883,0.12632763385772705,0.14294703687061633,36.59444143887778,0.25905727519790733,0.9659355878829956,0.8181068897247314,0.8204870223999023,0.8192969560623169,0.7007195949554443,0.9308096766471863
d2p1-val-md3034-A-00279,val,md3034,A,688,689,-0.3920345902442932,-155.9380645751953,0.15127933025360107,0.20311290134101517,51.996902743299884,0.4816409567456266,0.9727185964584351,0.8206452131271362,0.8330151438713074,0.8268301784992218,0.6978428363800049,0.9241141080856323
d2p1-val-md3034-A-00280,val,md3034,A,690,691,-0.30027803778648376,-123.06211853027344,0.1426231861114502,0.15469354263895027,39.60154691557127,0.4987937044715123,0.9577085971832275,0.8020169138908386,0.8257756233215332,0.8138962686061859,0.6748045682907104,0.9166027307510376
d2p1-val-md3034-A-00281,val,md3034,A,692,693,-0.2574838399887085,-117.34591674804688,0.19632619619369507,0.13993930358759446,35.82446171842418,0.29527741341458624,0.9691995978355408,0.8098562359809875,0.8399087190628052,0.8248824775218964,0.6844816207885742,0.9159890413284302
d2p1-val-md3034-A-00282,val,md3034,A,694,695,-0.42792171239852905,-170.1109390258789,0.15819722414016724,0.15068281369383454,38.57480030562164,0.32174879072060075,0.9523835182189941,0.765082836151123,0.8051397800445557,0.7851113080978394,0.6554891467094421,0.879411518573761
d2p1-val-md3034-A-00283,val,md3034,A,695,696,-0.29445651173591614,-135.60195922851562,0.07368731498718262,0.1744189507680851,44.65125139662979,0.3741092167735278,0.9543663263320923,0.7760530114173889,0.7904030084609985,0.7832280099391937,0.668437659740448,0.9237632751464844
d2p1-val-md3034-A-00284,val,md3034,A,697,698,-0.08331400156021118,-23.33972930908203,0.09071499109268188,0.1702195076905612,43.57619396878367,0.14983797112364658,0.9676176309585571,0.8604479432106018,0.8528668880462646,0.8566574156284332,0.7419265508651733,0.944111168384552
d2p1-val-md3034-A-00285,val,md3034,A,699,794,-0.33318695425987244,-107.0572624206543,0.03392302989959717,0.19035681769540921,48.73134533002476,0.10299080850299235,0.9658687114715576,0.8352782726287842,0.8694561123847961,0.8523671925067902,0.7420982122421265,0.9492936134338379
d2p1-val-md3034-A-00286,val,md3034,A,795,796,-0.19935378432273865,-66.87809753417969,0.1111452579498291,0.21530504246102808,55.11809087002319,0.4367265405033287,0.9668561220169067,0.8121452927589417,0.8434692621231079,0.8278072774410248,0.7013696432113647,0.8995964527130127
d2p1-val-md3034-A-00287,val,md3034,A,797,798,-0.24226868152618408,-78.18977355957031,0.12195909023284912,0.19747771675849168,50.55429549017387,0.2723006471564577,0.9636787176132202,0.7908335328102112,0.7960046529769897,0.7934190928936005,0.6988330483436584,0.8822966814041138
d2p1-val-md3034-A-00288,val,md3034,A,799,800,-0.363970547914505,-117.16088104248047,0.1746172308921814,0.20730249363137618,53.0694383696323,0.19008798920428005,0.9571040868759155,0.7341645956039429,0.8054530620574951,0.769808828830719,0.6529377698898315,0.8189836740493774
d2p1-val-md3034-A-00289,val,md3034,A,800,801,-0.4497930556535721,-122.03756713867188,0.1771652102470398,0.21306740199111945,54.54525490972658,0.2203988187457271,0.9529888033866882,0.7105560302734375,0.7833731174468994,0.7469645738601685,0.6498359441757202,0.8410539031028748
d2p1-val-md3034-A-00290,val,md3034,A,802,803,-0.27453914284706116,-72.1515121459961,0.11104768514633179,0.24289642560176827,62.18148495405268,0.3776420160454348,0.9662140011787415,0.7774982452392578,0.8257683515548706,0.8016332983970642,0.6898313760757446,0.8988651037216187
d2p1-val-md3034-A-00291,val,md3034,A,804,805,-0.5174897313117981,-174.5045928955078,0.21612364053726196,0.26789519860885413,68.58117084386666,0.07112859706561354,0.9685726165771484,0.7669370174407959,0.7944155335426331,0.7806762754917145,0.6766743063926697,0.8841161727905273
d2p1-val-md3034-A-00292,val,md3034,A,806,807,-0.4210023283958435,-142.5506362915039,0.18700283765792847,0.028374098013896447,7.26376909155749,0.26053647286793924,0.9332216382026672,0.7339980602264404,0.8223285675048828,0.7781633138656616,0.6525237560272217,0.804540753364563
d2p1-val-md3034-A-00293,val,md3034,A,808,809,-0.5984583497047424,-193.5870475769043,0.23780322074890137,0.21978496982969253,56.26495227640129,0.1660208321001525,0.9748426675796509,0.7055422067642212,0.7792892456054688,0.742415726184845,0.6297959089279175,0.7761235237121582
d2p1-val-md3034-A-00294,val,md3034,A,809,810,-0.4567154049873352,-151.29633712768555,0.19443786144256592,0.25049630044067145,64.12705291281189,0.19276024002930703,0.9696081280708313,0.7410707473754883,0.8479487895965576,0.794509768486023,0.6743526458740234,0.8368281722068787
d2p1-val-md3034-A-00295,val,md3034,A,811,812,-0.284400999546051,-87.19641494750977,0.14526140689849854,0.29794997383794264,76.27519330251332,0.3566181917315572,0.955752432346344,0.7625084519386292,0.7727093696594238,0.7676089107990265,0.6572320461273193,0.8646715879440308
d2p1-val-md3034-A-00296,val,md3034,A,813,814,-0.2676285207271576,-91.41133880615234,0.1543014645576477,0.3462356770745568,88.63633333108655,0.4065068104162184,0.9686388373374939,0.782285749912262,0.8499147891998291,0.8161002695560455,0.709730327129364,0.8913081884384155
d2p1-val-md3034-A-00297,val,md3034,A,815,816,-0.10685381293296814,-48.58167266845703,0.12444281578063965,0.3524621217605919,90.23030317071152,0.46346408979575415,0.9614747762680054,0.7548449039459229,0.8507408499717712,0.802792876958847,0.6578155159950256,0.8480615019798279
d2p1-val-md3034-A-00298,val,md3034,A,817,818,-0.3625301122665405,-137.1627311706543,0.1868579387664795,0.3239606537464099,82.93392735908094,0.31257093388687945,0.9734815359115601,0.7008692026138306,0.7471522688865662,0.7240107357501984,0.6330355405807495,0.783025860786438
d2p1-val-md3034-A-00299,val,md3034,A,819,820,-0.3459625244140625,-128.60590362548828,0.21620994806289673,0.27122524944455406,69.43366385780584,0.2377472347500258,0.973071813583374,0.7199371457099915,0.7939359545707703,0.7569365501403809,0.6607334613800049,0.8077647686004639
d2p1-val-md3034-A-00300,val,md3034,A,820,821,-0.5362362265586853,-159.75823593139648,0.1954091191291809,0.279054461254344,71.43794208111207,0.02727407029955524,0.9617501497268677,0.7265956997871399,0.7814066410064697,0.7540011703968048,0.6525840163230896,0.7992616295814514
d2p1-val-md3034-A-00301,val,md3034,A,822,823,-0.3498288094997406,-66.87964630126953,0.15979868173599243,0.33349988937262465,85.37597167939191,0.24295735496564833,0.9372623562812805,0.8020472526550293,0.8695816993713379,0.8358144760131836,0.7450529336929321,0.8841915130615234
d2p1-val-md3034-A-00302,val,md3034,A,824,825,-0.30689240992069244,-74.51133346557617,0.1858089566230774,0.035318483248099615,9.041531711513501,0.41130383659047587,0.9425305128097534,0.8258513808250427,0.8207516670227051,0.8233015239238739,0.744257926940918,0.8584223389625549
d2p1-val-md3034-A-00303,val,md3034,A,826,827,-0.4459388852119446,-149.9405403137207,0.1796521544456482,0.4794553078346424,122.74055880566846,0.4057620614941891,0.945651650428772,0.8156973123550415,0.8515610694885254,0.8336291909217834,0.72059565782547,0.8640954494476318
d2p1-val-md3034-A-00304,val,md3034,A,828,829,-0.5519766062498093,-168.77629280090332,0.21131116151809692,0.2662346918551349,68.15608111491453,0.4696777398670532,0.9629120826721191,0.789824366569519,0.7917036414146423,0.7907640039920807,0.6983278393745422,0.8198957443237305
d2p1-val-md3034-A-00305,val,md3034,A,829,830,-0.5041374415159225,-163.20917892456055,0.17357975244522095,0.4890022007566701,125.18456339370755,0.3466972184524645,0.9562099575996399,0.7902417182922363,0.8058801889419556,0.798060953617096,0.6994706392288208,0.8616172671318054
d2p1-val-md3034-A-00306,val,md3034,A,831,832,-0.4847184419631958,-148.20373916625977,0.19164180755615234,0.23126717807882677,59.20439758817965,0.3737308629723832,0.9662052392959595,0.7035422921180725,0.7597342729568481,0.7316382825374603,0.6406139135360718,0.7630119323730469
d2p1-val-md3034-A-00307,val,md3034,A,833,834,-0.2686619758605957,-114.99024963378906,0.14402538537979126,0.28182062344277026,72.14607960134919,0.43330294632427846,0.9745050668716431,0.8021039962768555,0.844459056854248,0.8232815265655518,0.7017827033996582,0.887462317943573
d2p1-val-md3034-A-00308,val,md3034,A,835,836,-0.5223217755556107,-152.72717666625977,0.2627906799316406,0.2708679731283832,69.3422011208661,0.28972952794113405,0.955207109451294,0.6979436874389648,0.7485449314117432,0.723244309425354,0.6062592267990112,0.804408073425293
d2p1-val-md3034-A-00309,val,md3034,A,837,838,-0.4352198839187622,-129.10011291503906,0.2232038378715515,0.46139592627139203,118.11735712547636,0.16632111716993378,0.9202751517295837,0.7256890535354614,0.7088068723678589,0.7172479629516602,0.5966023206710815,0.8506313562393188
d2p1-val-md3034-A-00310,val,md3034,A,839,840,-0.3240560293197632,-121.8809585571289,0.21151763200759888,0.4877445070599859,124.86259380735639,0.284833938217997,0.9443849921226501,0.7246836423873901,0.7301874756813049,0.7274355590343475,0.5884726643562317,0.8255355954170227
d2p1-val-md3034-A-00311,val,md3034,A,840,841,-0.3276273012161255,-134.71257781982422,0.20832514762878418,0.5000607293492043,128.0155467133963,0.17485610151431286,0.9361152648925781,0.7325859069824219,0.7286575436592102,0.730621725320816,0.608376145362854,0.8336560130119324
d2p1-val-md3034-A-00312,val,md3034,A,842,843,-0.33960211277008057,-126.04197692871094,0.23832547664642334,0.47914230447552497,122.66042994573439,0.14490780788994295,0.94172203540802,0.7735244035720825,0.7684711217880249,0.7709977626800537,0.6026670932769775,0.8238068222999573
d2p1-val-md3034-A-00313,val,md3034,A,844,845,-0.567267045378685,-195.20965957641602,0.23453795909881592,0.1817453752486405,46.52681606365197,0.17273398242241964,0.9721341133117676,0.7390814423561096,0.810364842414856,0.7747231423854828,0.6025934815406799,0.8301112651824951
d2p1-val-md3034-A-00314,val,md3034,A,846,895,-0.028323620557785034,-4.423789978027344,-0.013590455055236816,0.32893341773657875,84.20695494056416,0.08826773591202548,0.9730658531188965,0.8835670948028564,0.8542107343673706,0.8688889145851135,0.7234312891960144,0.9560503959655762
d2p1-val-md3034-A-00315,val,md3034,A,896,897,-0.1615353226661682,-69.57381439208984,0.03623872995376587,0.3661064698973082,93.7232562937109,0.14986683995583205,0.9478651285171509,0.8070107102394104,0.8137195110321045,0.8103651106357574,0.7011664509773254,0.9245683550834656
d2p1-val-md3034-A-00316,val,md3034,A,897,898,-0.18468794226646423,-70.25557708740234,0.04706019163131714,0.31574892881444433,80.83172577649775,0.06380986848713883,0.952523410320282,0.8276417255401611,0.8340437412261963,0.8308427333831787,0.7347071170806885,0.9397481679916382
d2p1-val-md3034-A-00317,val,md3034,A,899,900,-0.3488079905509949,-102.94266891479492,0.14758121967315674,0.3248353811823771,83.15785758268854,0.17323686170956068,0.9725307822227478,0.8091586828231812,0.8609957695007324,0.8350772261619568,0.7118902802467346,0.9038163423538208
d2p1-val-md3034-A-00318,val,md3034,A,901,902,-0.2818261981010437,-95.98389434814453,0.1661841869354248,0.34588793777214216,88.5473120696684,0.5949870823259219,0.964358389377594,0.7736779451370239,0.8119075298309326,0.7927927374839783,0.6851076483726501,0.8947382569313049
d2p1-val-md3034-A-00319,val,md3034,A,903,904,-0.5459033101797104,-180.4406280517578,0.24326783418655396,0.24918457916554726,63.7912522663801,0.16514910180011924,0.9747432470321655,0.7970770597457886,0.8738638758659363,0.8354704678058624,0.7237963676452637,0.8787307739257812
d2p1-val-md3034-A-00320,val,md3034,A,905,906,-0.27174216508865356,-87.2175521850586,0.11900681257247925,0.2994737844753978,76.66528882570184,0.4552090192095761,0.9537935256958008,0.81695955991745,0.8242657780647278,0.8206126689910889,0.7374166250228882,0.9219807386398315
d2p1-val-md3034-A-00321,val,md3034,A,907,908,-0.4373936951160431,-150.79743194580078,0.17096984386444092,0.3314627241308325,84.85445737749312,0.2601512012297816,0.9608738422393799,0.8089237213134766,0.8134170770645142,0.8111703991889954,0.7045919299125671,0.8966926336288452
d2p1-val-md3048-C-00000,val,md3048,C,3,4,-0.7934137433767319,-165.18649291992188,0.5650443583726883,0.0193540832061033,4.9546453007624445,0.24132548243662005,0.8679713010787964,0.6987359523773193,0.8540054559707642,0.7763707041740417,0.5955666303634644,0.8225166201591492
d2p1-val-md3048-C-00001,val,md3048,C,10,11,-0.5678669810295105,-177.44468688964844,0.44270600378513336,0.40148941102917585,102.78128922346902,0.4112617961335822,0.8955087661743164,0.6508790850639343,0.7106537818908691,0.6807664334774017,0.5151852369308472,0.7887319326400757
d2p1-val-md3048-C-00002,val,md3048,C,17,18,-0.43073421716690063,-53.01542663574219,0.36775872111320496,0.3877318415410065,99.25935143449766,0.10858361332953118,0.8666294813156128,0.6937484741210938,0.7014768123626709,0.6976126432418823,0.5096024870872498,0.7940546274185181
d2p1-val-md3048-C-00003,val,md3048,C,24,25,-0.7331238836050034,-120.42581176757812,0.5814420878887177,0.051806617953583455,13.262494196117364,0.28522257453779154,0.8443009257316589,0.6775092482566833,0.8363416194915771,0.7569254338741302,0.5433991551399231,0.8035667538642883
d2p1-val-md3048-C-00004,val,md3048,C,31,32,-0.8278316855430603,-186.7330551147461,0.5942763835191727,0.039370010717916855,10.078722743786715,0.24277364603551826,0.8673150539398193,0.8092595934867859,0.8962361812591553,0.8527478873729706,0.5681332945823669,0.8416121602058411
d2p1-val-md3048-C-00005,val,md3048,C,37,38,-0.7275141030550003,-101.1226806640625,0.5430581122636795,0.012575160042661983,3.2192409709214678,0.20339041381502904,0.8640173673629761,0.773522675037384,0.8453876972198486,0.8094551861286163,0.623924970626831,0.8847366571426392
d2p1-val-md3048-C-00006,val,md3048,C,44,45,-0.6944118738174438,-181.1319351196289,0.5609436333179474,0.012065650979275241,3.088806650694462,0.11603211383810463,0.8705651760101318,0.8168964982032776,0.8071654438972473,0.8120309710502625,0.5874054431915283,0.9063846468925476
d2p1-val-md3048-C-00007,val,md3048,C,51,52,-0.6625660955905914,-179.26144409179688,0.5593879073858261,0.28108786262250335,71.95849283136086,0.2171895631300136,0.8742399215698242,0.8466408252716064,0.7723151445388794,0.8094779849052429,0.5756254196166992,0.8801228404045105
d2p1-val-md3048-C-00008,val,md3048,C,58,59,-0.6429693102836609,-169.5274658203125,0.5761529803276062,0.27778815717077593,71.11376823571864,0.08911027155730751,0.8788750767707825,0.8372920751571655,0.8285970687866211,0.8329445719718933,0.6091851592063904,0.9198781847953796
d2p1-val-md3048-C-00009,val,md3048,C,65,66,-0.6225078701972961,-191.58428192138672,0.5829476565122604,0.3141646690112299,80.42615526687486,0.15440567025879315,0.8750475645065308,0.8544633388519287,0.8608075380325317,0.8576354384422302,0.6655077934265137,0.9478223323822021
d2p1-val-md3048-C-00010,val,md3048,C,72,73,-0.5424765348434448,-153.04659271240234,0.5132541656494141,0.39939508417267416,102.24514154820459,0.05993813173463004,0.8849221467971802,0.7422439455986023,0.7211323976516724,0.7316881716251373,0.5850361585617065,0.8543233275413513
d2p1-val-md3048-C-00011,val,md3048,C,79,80,-0.4543697237968445,-156.4393081665039,0.5207131803035736,0.46463481356580016,118.94651227284484,0.2856601214131344,0.9049844145774841,0.815168023109436,0.8123483657836914,0.8137581944465637,0.5854743123054504,0.8983951807022095
d2p1-val-md3048-C-00012,val,md3048,C,86,87,-0.48200204968452454,-178.80474090576172,0.5734335035085678,0.026215190037288567,6.711088649545873,0.20067912249142417,0.8654149174690247,0.7970526218414307,0.7955890893936157,0.7963208556175232,0.6577304601669312,0.8957083225250244
d2p1-val-md3048-C-00013,val,md3048,C,93,94,-0.6991433501243591,-163.4177474975586,0.5888192355632782,0.016081284734384155,4.116808892002344,0.19891296112338006,0.8152827620506287,0.6379188299179077,0.9368768930435181,0.7873978614807129,0.6011625528335571,0.7723904848098755
d2p1-val-md3048-C-00014,val,md3048,C,99,100,-0.500737875699997,-84.21560668945312,0.5704083293676376,0.016604507636560552,4.250753954959501,0.148457504825756,0.8173094987869263,0.6705718040466309,0.9164248108863831,0.793498307466507,0.5915844440460205,0.7466710805892944
d2p1-val-md3048-C-00015,val,md3048,C,106,107,-0.5472846925258636,-62.09278869628906,0.5637726932764053,0.013980148655421042,3.5789180557877867,0.08635114776127473,0.8197081089019775,0.45593440532684326,0.7988079786300659,0.6273711919784546,0.42419934272766113,0.5625328421592712
d2p1-val-md3048-C-00016,val,md3048,C,113,114,-0.8604943156242371,-140.47554779052734,0.6376709789037704,0.010393198568655941,2.660658833575921,0.08245426909114362,0.8025527000427246,0.5374495387077332,0.7002469897270203,0.6188482642173767,0.5195263028144836,0.6482236981391907
d2p1-val-md3048-C-00017,val,md3048,C,120,121,-0.5278642773628235,-80.00279235839844,0.5334002524614334,0.03197664726903004,8.18602170087169,0.13264212319851773,0.8017314672470093,0.581330418586731,0.786916196346283,0.684123307466507,0.5639899373054504,0.6987466812133789
d2p1-val-md3048-C-00018,val,md3048,C,127,128,-0.508954256772995,-166.90763092041016,0.48400232195854187,0.04850488194496963,12.417249777912225,0.2771872035644396,0.858342707157135,0.7177923321723938,0.8369845151901245,0.7773884236812592,0.6219668984413147,0.8265674114227295
d2p1-val-md3048-C-00019,val,md3048,C,134,135,-0.3914027214050293,-135.02783966064453,0.4255296289920807,0.01744574422274148,4.466110521021819,0.16021490024728088,0.8869135975837708,0.7106253504753113,0.772140383720398,0.7413828670978546,0.5996202230453491,0.794575035572052
d2p1-val-md3048-C-00020,val,md3048,C,141,142,-0.31218963861465454,-111.994873046875,0.4863247871398926,0.01452996161264056,3.7196701728359836,0.14015387902475665,0.8421027064323425,0.6435774564743042,0.918315589427948,0.7809465229511261,0.5840697288513184,0.7791967988014221
d2p1-val-md3048-C-00021,val,md3048,C,148,149,-0.46996432542800903,-71.51626586914062,0.4971170723438263,0.02008609635555345,5.142040667021683,0.2677509240055386,0.8191542625427246,0.6364749670028687,0.929114043712616,0.7827945053577423,0.5948090553283691,0.7447223663330078
d2p1-val-md3048-C-00022,val,md3048,C,155,156,-0.571656346321106,-87.34956359863281,0.5559546798467636,0.010178922744133647,2.6058042224982136,0.12574975031943758,0.8622134327888489,0.6834650039672852,0.7998565435409546,0.7416607737541199,0.5774677991867065,0.7799444198608398
d2p1-val-md3048-C-00023,val,md3048,C,162,163,-0.445856511592865,-113.32987976074219,0.5672617405653,0.020257630098699603,5.185953305267098,0.09986685134718114,0.8446933031082153,0.7302875518798828,0.916338324546814,0.8233129382133484,0.6139098405838013,0.8407419323921204
d2p1-val-md3048-C-00024,val,md3048,C,168,169,-0.761407196521759,-172.04203033447266,0.6502725481987,0.0328503635287867,8.409693063369396,0.13835608696907986,0.8049947023391724,0.6431164145469666,0.9238982200622559,0.7835073173046112,0.627116858959198,0.7919855713844299
d2p1-val-md3048-C-00025,val,md3048,C,175,176,-0.8500283136963844,-188.31300354003906,0.6023894250392914,0.460387624790829,117.85923194645223,0.5930426974599377,0.8949956297874451,0.7018839716911316,0.7859181761741638,0.7439010739326477,0.5518549084663391,0.8224695324897766
d2p1-val-md3048-C-00026,val,md3048,C,182,183,-0.6633056402206421,-119.27198791503906,0.5432467609643936,0.4282448402346313,109.6306791000656,0.9114394681579099,0.8874462246894836,0.6454851627349854,0.7381349802017212,0.6918100714683533,0.5474153757095337,0.8044003248214722
d2p1-val-md3048-C-00027,val,md3048,C,189,190,-0.8603277131915092,-215.67920303344727,0.5682646036148071,0.27988567947044585,71.65073394443414,0.6743883350092652,0.8639382123947144,0.62686687707901,0.7976055145263672,0.7122361958026886,0.5599260926246643,0.7654925584793091
d2p1-val-md3048-C-00028,val,md3048,C,196,197,-0.7958750575780869,-205.96683502197266,0.5380160808563232,0.08114243729514907,20.772463947558162,0.42888024616586057,0.8189603090286255,0.5877010822296143,0.8055225610733032,0.6966118216514587,0.5405114889144897,0.6988131403923035
d2p1-val-md3048-C-00029,val,md3048,C,234,235,-0.7725744545459747,-190.7219581604004,0.4391638934612274,0.024856877376461594,6.363360608374168,0.08340763429345031,0.8191623687744141,0.61281418800354,0.8542107343673706,0.7335124611854553,0.5883346199989319,0.7393743395805359
d2p1-val-md3048-C-00030,val,md3048,C,241,242,-0.5599882006645203,-154.15526580810547,0.48186448216438293,0.04708389848734518,12.053478012760365,0.06540551260094017,0.8282898664474487,0.6311545372009277,0.8567606806755066,0.7439576089382172,0.5697579383850098,0.7299573421478271
d2p1-val-md3048-C-00031,val,md3048,C,248,249,-0.5611552596092224,-194.3888931274414,0.501443013548851,0.036326224104584276,9.299513370773575,0.0961026633526774,0.835934042930603,0.600346565246582,0.8287286758422852,0.7145376205444336,0.5472890734672546,0.761040985584259
d2p1-val-md3048-C-00032,val,md3048,C,255,256,-0.3628101944923401,-117.68815612792969,0.4907934069633484,0.04328333465255684,11.080533671054551,0.11586798055166973,0.8496043682098389,0.6165705919265747,0.8166974186897278,0.7166340053081512,0.5292227268218994,0.7322477102279663
d2p1-val-md3048-C-00033,val,md3048,C,262,263,-0.4503169059753418,-157.77801513671875,0.5355390161275864,0.04106083327047999,10.511573317242878,0.11245802689010187,0.8552082180976868,0.6366141438484192,0.7880802154541016,0.7123471796512604,0.5542572736740112,0.7518109083175659
d2p1-val-md3048-C-00034,val,md3048,C,268,269,-0.49091553688049316,-138.6961898803711,0.4350895881652832,0.025596762275210596,6.552771142453913,0.0829153735710762,0.8298495411872864,0.5943219661712646,0.8948954939842224,0.7446087300777435,0.5174375176429749,0.6905599236488342
d2p1-val-md3048-C-00035,val,md3048,C,275,276,-0.47853708267211914,-152.9747314453125,0.500033974647522,0.04589422762124496,11.74892227103871,0.16780848608694296,0.8271694183349609,0.5657016038894653,0.8058215975761414,0.6857616007328033,0.48443466424942017,0.6760005354881287
d2p1-val-md3048-C-00036,val,md3048,C,282,283,-0.7877878844738007,-227.0162124633789,0.5133253633975983,0.2542372340814006,65.08473192483855,0.7380318229727512,0.8611968159675598,0.6470392346382141,0.7682819366455078,0.707660585641861,0.5190826654434204,0.7661174535751343
d2p1-val-md3048-C-00037,val,md3048,C,289,290,-0.5377819240093231,-159.7766876220703,0.5033550560474396,0.28663186149914727,73.3777565437817,0.896942452184708,0.8558593392372131,0.6055802702903748,0.8093708753585815,0.7074755728244781,0.4972209334373474,0.7940484881401062
d2p1-val-md3048-C-00038,val,md3048,C,296,297,-0.6776499152183533,-185.16634368896484,0.5415648818016052,0.05062859244678543,12.96091966637707,0.2494141763908585,0.8020660281181335,0.5323928594589233,0.8199653029441833,0.6761790812015533,0.5094434022903442,0.6896215677261353
d2p1-val-md3048-C-00039,val,md3048,C,303,304,-0.7195625454187393,-188.9584503173828,0.6079784035682678,0.052496619917516536,13.439134698884233,0.20566120183997622,0.8573071360588074,0.5828633308410645,0.7386849522590637,0.6607741415500641,0.45535582304000854,0.7137429714202881
d2p1-val-md3048-C-00040,val,md3048,C,310,311,-0.7754599303007126,-184.82762145996094,0.63120236992836,0.09255131180642702,23.693135822445317,0.3143290752030158,0.8026052117347717,0.5016651749610901,0.7789702415466309,0.6403177082538605,0.48566317558288574,0.6303699612617493
d2p1-val-md3048-C-00041,val,md3048,C,317,318,-0.7821328788995743,-203.8186149597168,0.6179849803447723,0.07247027345201745,18.552390003716468,0.17463945045391893,0.8172721266746521,0.5523236393928528,0.7094711065292358,0.6308973729610443,0.48657506704330444,0.6630315780639648
d2p1-val-md3048-C-00042,val,md3048,C,324,325,-0.6636829376220703,-174.9694366455078,0.5437671542167664,0.03339235815631644,8.54844368801701,0.0697483127307958,0.8135418891906738,0.5964981317520142,0.8600655794143677,0.7282818555831909,0.5301087498664856,0.6903401613235474
d2p1-val-md3048-C-00043,val,md3048,C,330,331,-0.5486636161804199,-161.68836975097656,0.4956625998020172,0.021786264041350235,5.57728359458566,0.11641746366738642,0.8505118489265442,0.6286653280258179,0.7409662008285522,0.6848157644271851,0.5238936543464661,0.7259821891784668
d2p1-val-md3048-C-00044,val,md3048,C,337,338,-0.48835065960884094,-184.4755401611328,0.46791499853134155,0.06439185124312688,16.48431391824048,0.1675125946686978,0.8560531139373779,0.5771785974502563,0.8328927755355835,0.7050356864929199,0.5142793655395508,0.7439974546432495
d2p1-val-md3048-C-00045,val,md3048,C,344,345,-0.5399176180362701,-191.66445541381836,0.4755977392196655,0.2795015244733059,71.55239026516631,0.6018250965516705,0.861025333404541,0.6006072759628296,0.7601926326751709,0.6803999543190002,0.5228894352912903,0.7241277098655701
d2p1-val-md3048-C-00046,val,md3048,C,351,352,-0.51419597864151,-189.43121337890625,0.4640932083129883,0.2619615756438009,67.06216336481303,1.0168921613757897,0.8577104806900024,0.6038837432861328,0.7140529155731201,0.6589683294296265,0.5261225700378418,0.765243649482727
d2p1-val-md3048-C-00047,val,md3048,C,358,359,-0.445636510848999,-97.90252685546875,0.5000871121883392,0.2720673377374984,69.6492384607996,1.0174267201747456,0.8644993305206299,0.5785540342330933,0.7313719987869263,0.6549630165100098,0.4746401011943817,0.7276924252510071
d2p1-val-md3048-C-00048,val,md3048,C,365,366,-0.6156463623046875,-137.18521118164062,0.5232457518577576,0.2690644274318275,68.88049342254784,0.8164338140062483,0.8738155364990234,0.6709972023963928,0.6734055876731873,0.67220139503479,0.4631485939025879,0.822334349155426
d2p1-val-md3048-C-00049,val,md3048,C,372,373,-0.7360944747924805,-123.33352661132812,0.5307281911373138,0.29743172254220324,76.14252097080403,0.5456965945657494,0.9176464676856995,0.6895022392272949,0.6798497438430786,0.6846759915351868,0.5029224157333374,0.8773394227027893
d2p1-val-md3048-C-00050,val,md3048,C,379,416,-0.41160374879837036,-164.68697357177734,0.17569637298583984,0.26422379908413623,67.64129256553888,0.33642133964812637,0.9204673171043396,0.6901124715805054,0.7366273403167725,0.7133699059486389,0.54969322681427,0.8528950214385986
d2p1-val-md3048-C-00051,val,md3048,C,422,423,-0.6413413882255554,-121.58143615722656,0.45054206252098083,0.23339204490644505,59.74836349604993,1.0589469334818906,0.8915513157844543,0.6823074221611023,0.7840602993965149,0.7331838607788086,0.5350226759910583,0.8442931771278381
d2p1-val-md3048-C-00052,val,md3048,C,429,430,-0.8488208875060081,-229.9567756652832,0.5329712331295013,0.2639283645202084,67.56566131717335,0.8635599982481628,0.8638945817947388,0.6745976209640503,0.8259626626968384,0.7502801418304443,0.6070981025695801,0.8275964856147766
d2p1-val-md3048-C-00053,val,md3048,C,435,436,-0.667579174041748,-177.78823852539062,0.4966157078742981,0.271762915163301,69.57130628180505,0.7979942902989948,0.887938380241394,0.684062659740448,0.7496477961540222,0.7168552279472351,0.5461757183074951,0.8444216847419739
d2p1-val-md3048-C-00054,val,md3048,C,442,443,-0.822844110429287,-218.4267463684082,0.5294604599475861,0.2788584348311572,71.38775931677624,0.6797442934621382,0.898337721824646,0.7400219440460205,0.71662837266922,0.7283251583576202,0.5496034622192383,0.885735034942627
d2p1-val-md3048-C-00055,val,md3048,C,449,450,-0.6079466342926025,-134.11774444580078,0.3944142758846283,0.34368257422659554,87.98273900200846,0.4116335968987648,0.9202375411987305,0.7433463335037231,0.8083876371383667,0.7758669853210449,0.606102705001831,0.8748925924301147
d2p1-val-md3048-C-00056,val,md3048,C,456,457,-0.6490685641765594,-178.114013671875,0.3606846034526825,0.048586957414255644,12.438261098049445,0.4577343683199352,0.8805880546569824,0.7417566180229187,0.8293913006782532,0.7855739593505859,0.6227951049804688,0.8677809834480286
d2p1-val-md3048-C-00057,val,md3048,C,463,464,-0.28582435846328735,-107.33074951171875,0.3909277319908142,0.02432836405525034,6.228061198144087,0.1732374822689085,0.8586885333061218,0.6977553367614746,0.7625770568847656,0.7301661968231201,0.5432337522506714,0.749517560005188
d2p1-val-md3048-C-00058,val,md3048,C,470,471,-0.4120556116104126,-140.59810638427734,0.4111488461494446,0.04248029592182529,10.874955755987274,0.26463390503529793,0.8756288290023804,0.6093652248382568,0.7248413562774658,0.6671032905578613,0.4915734529495239,0.7826541662216187
d2p1-val-md3048-C-00059,val,md3048,C,477,478,-0.46129247546195984,-154.7299575805664,0.40053844451904297,0.015147083656987562,3.877653416188816,0.18162082667849425,0.8501476049423218,0.5991236567497253,0.7914053201675415,0.6952644884586334,0.5432780981063843,0.7576122283935547
d2p1-val-md3048-C-00060,val,md3048,C,484,485,-0.656955361366272,-193.3602294921875,0.5303903520107269,0.48744210251267833,124.78517824324565,0.6126566569730163,0.8859483003616333,0.6403793096542358,0.7795557975769043,0.7099675536155701,0.5174712538719177,0.7932283282279968
d2p1-val-md3048-C-00061,val,md3048,C,491,492,-0.47035491466522217,-135.9382781982422,0.5688026547431946,0.03295510587488367,8.43650710397022,0.3052964656046687,0.8575301170349121,0.6549855470657349,0.7990565299987793,0.7270210385322571,0.5506805777549744,0.8027216196060181
d2p1-val-md3048-C-00062,val,md3048,C,497,498,-0.3793686628341675,-94.55836486816406,0.5045232772827148,0.021535140532951004,5.512995976435457,0.2815272617222901,0.8116488456726074,0.5085097551345825,0.748718798160553,0.6286142766475677,0.4507516920566559,0.6168192028999329
d2p1-val-md3048-C-00063,val,md3048,C,504,505,-0.6103498637676239,-129.37362670898438,0.5682235807180405,0.015978489872623142,4.0904934073915244,0.25502268557876934,0.8043874502182007,0.5729663968086243,0.8232635855674744,0.6981149911880493,0.5401602387428284,0.6950893402099609
d2p1-val-md3048-C-00064,val,md3048,C,511,512,-0.6564280092716217,-169.78952026367188,0.5737160444259644,0.33337129495382906,85.34305150818024,0.6441753911586852,0.8717590570449829,0.6043732166290283,0.7478121519088745,0.6760926842689514,0.5196512937545776,0.7690334320068359
d2p1-val-md3048-C-00065,val,md3048,C,518,519,-0.7381787151098251,-184.64368438720703,0.5557009428739548,0.3501389099358141,89.63556094356841,1.0215575535164592,0.8998107314109802,0.6394910216331482,0.7489368319511414,0.6942139267921448,0.5080357193946838,0.8065314888954163
d2p1-val-md3048-C-00066,val,md3048,C,525,526,-0.5645907521247864,-117.79998779296875,0.5347141325473785,0.5358333357615526,137.17333395495746,1.113558392397455,0.8902116417884827,0.6338303685188293,0.7695572376251221,0.7016938030719757,0.5293716192245483,0.8030017018318176
d2p1-val-md3055-C-00000,val,md3055,C,24,25,-0.524115264415741,-108.7342529296875,0.5208962559700012,0.41817802208062177,107.05357365263917,0.4864230521344517,0.8906772136688232,0.6887217164039612,0.808112621307373,0.7484171688556671,0.528286337852478,0.8036829233169556
d2p1-val-md3055-C-00001,val,md3055,C,74,75,-0.3671351671218872,-58.5626220703125,0.44976137578487396,0.4078592931356383,104.4119790427234,0.4563688675803435,0.9029048681259155,0.6912059783935547,0.8045178651809692,0.747861921787262,0.5532801151275635,0.8339020013809204
d2p1-val-md3055-C-00002,val,md3055,C,123,124,-0.35468995571136475,-110.39645385742188,0.3923509120941162,0.3957640295069243,101.31559155377262,0.5077444278928585,0.906222403049469,0.6739327907562256,0.738869309425354,0.7064010500907898,0.565935492515564,0.8509755730628967
d2p1-val-md3055-C-00003,val,md3055,C,172,173,-0.26744312047958374,-66.57978820800781,0.37430593371391296,0.3968029954304368,101.58156683019182,0.5227443946817731,0.9070981740951538,0.642141580581665,0.6764668226242065,0.6593042016029358,0.5316619873046875,0.8180014491081238
d2p1-val-md3055-C-00004,val,md3055,C,222,223,-0.47349315881729126,-68.49858093261719,0.4776100814342499,0.39425166499699255,100.92842623923009,0.3661649632077329,0.8971125483512878,0.6680530309677124,0.6514654159545898,0.6597592234611511,0.5491294860839844,0.8085429072380066
d2p1-val-md3055-C-00005,val,md3055,C,271,272,-0.430278480052948,-140.78440856933594,0.40239283442497253,0.42188096403872866,108.00152679391454,0.45864719779213314,0.8924175500869751,0.681874692440033,0.7818477153778076,0.7318612039089203,0.5421022176742554,0.8349993228912354
d2p1-val-md3055-C-00006,val,md3055,C,320,321,-0.44278964400291443,-142.52528381347656,0.4349222183227539,0.42842723980553904,109.677373390218,0.4377847980642467,0.9192529916763306,0.7254139184951782,0.7814429402351379,0.7534284293651581,0.5748426914215088,0.877679169178009
d2p1-val-md3055-C-00007,val,md3055,C,370,371,-0.31331712007522583,-76.20027160644531,0.354451447725296,0.3929682292880533,100.59986669774165,0.10561208069593678,0.9049999713897705,0.7274922132492065,0.7277131080627441,0.7276026606559753,0.5844165086746216,0.8829169869422913
d2p1-val-md3055-C-00008,val,md3055,C,419,420,-0.35961103439331055,-71.96574401855469,0.3722861409187317,0.31908558046315416,81.68590859856747,0.08433217084419418,0.8841210603713989,0.680713415145874,0.7145335674285889,0.6976234912872314,0.538824200630188,0.8485513925552368
d2p1-val-md3055-C-00009,val,md3055,C,468,469,-0.4137146472930908,-73.00794982910156,0.454135537147522,0.4227641505958976,108.22762255254979,0.46192566977986,0.9043511152267456,0.6683681607246399,0.717212438583374,0.692790299654007,0.502183198928833,0.7998085021972656
d2p1-val-md3055-C-00010,val,md3055,C,518,519,-0.6418348848819733,-134.1224136352539,0.5101809799671173,0.3189017607196066,81.63885074421928,0.09195437898786792,0.8961174488067627,0.7013988494873047,0.7874871492385864,0.7444429993629456,0.53642737865448,0.8402676582336426
d2p1-val-md3055-C-00011,val,md3055,C,567,568,-0.3828231692314148,-40.19404602050781,0.4266970455646515,0.3569150121571771,91.37024311223733,0.12041246972075957,0.9006349444389343,0.7052743434906006,0.801737368106842,0.7535058557987213,0.5615991353988647,0.8343711495399475
d2p1-val-md3055-C-00012,val,md3055,C,616,617,-0.5017784833908081,-94.94435119628906,0.48575207591056824,0.22334257885046682,57.175700185719506,0.040799578173242486,0.8933217525482178,0.7476574182510376,0.7882622480392456,0.7679598331451416,0.5583201050758362,0.8801143765449524
d2p1-val-md3055-C-00013,val,md3055,C,666,667,-0.35053324699401855,-95.662109375,0.16775432229042053,0.4153452015740886,106.32837160296668,0.10898705100950917,0.937524676322937,0.8639143705368042,0.838961660861969,0.8514380156993866,0.6529850959777832,0.9574918746948242
d2p1-val-md3055-C-00014,val,md3055,C,738,739,-0.45629066228866577,-174.77574157714844,0.4271087944507599,0.08229922402942584,21.068601351533015,0.3672654143969794,0.8653234839439392,0.7986242771148682,0.8479353785514832,0.8232798278331757,0.6847574710845947,0.8518137335777283
d2p1-val-md3055-C-00015,val,md3055,C,787,788,-0.36448031663894653,-121.80148315429688,0.28697478771209717,0.3655169917981907,93.57234990033682,0.4732647402057335,0.923353374004364,0.8210217356681824,0.8325117230415344,0.8267667293548584,0.6830813884735107,0.9062960743904114
d2p1-val-md3055-C-00016,val,md3055,C,837,838,-0.5423871278762817,-209.03506469726562,0.2842731177806854,0.2938840459573514,75.23431576508196,0.3328371725231681,0.859175443649292,0.8314299583435059,0.8692260980606079,0.8503280282020569,0.6011238098144531,0.9286933541297913
d2p1-val-md3055-C-00017,val,md3055,C,886,887,-0.7454034686088562,-212.81146621704102,0.6290079653263092,0.09299371057154297,23.806389906315,0.5545596092489777,0.8562802076339722,0.7487621307373047,0.8154534697532654,0.782107800245285,0.6222885847091675,0.8830032348632812
d2p1-val-md3055-C-00018,val,md3055,C,935,936,-0.2743285298347473,-95.94844055175781,0.504251629114151,0.4329245440561906,110.82868327838479,0.10998054281388994,0.8741632699966431,0.8544801473617554,0.8535381555557251,0.8540091514587402,0.7409486770629883,0.9416359066963196
d2p1-val-md3055-C-00019,val,md3055,C,985,986,-0.09750646352767944,-20.21270751953125,0.44181694090366364,0.41176737666715063,105.41244842679056,0.15731630663607832,0.8883156776428223,0.7156855463981628,0.8853417038917542,0.8005136251449585,0.5854990482330322,0.8561116456985474
d2p1-val-md3055-C-00020,val,md3055,C,1034,1035,-0.3243093490600586,-127.70330810546875,0.5787496268749237,0.02038997875953035,5.21983456243977,0.20256028653298178,0.8324950933456421,0.5823876261711121,0.7930339574813843,0.6877107918262482,0.532004714012146,0.7078020572662354
d2p1-val-md3055-C-00021,val,md3055,C,1083,1084,-0.7136550396680832,-222.0659351348877,0.599821537733078,0.02750167781041369,7.040429519465905,0.3403024920268927,0.8239136934280396,0.5210644006729126,0.6399369835853577,0.5805006921291351,0.4576340317726135,0.6489296555519104
d2p1-val-md3055-C-00022,val,md3055,C,1133,1134,-0.5853456258773804,-165.86539459228516,0.4381723999977112,0.04123909317374927,10.557207852479813,0.2812064975049082,0.804526686668396,0.6102173924446106,0.8809056282043457,0.7455615103244781,0.5575165748596191,0.7155854105949402
